<?xml version="1.0" encoding="UTF-8" standalone="yes" ?>
<document>
<header>
<doctitle>
 重訂濟陰綱目 
 </doctitle>
<volume>
 第八冊, 保生醉事
 </volume>
<author>
 武 之 望   (叔卿 ) 
</author>
<date>
 清雍正六年 1728
 </date>
<currentpage>
 bao sheng sui shi 8b 
 </currentpage>
<first>
 jiyingkangmu v.8 text14 1a.xml
</first>
<last>
 bao sheng sui shi 9b.xml
</last>
<prev>
 bao sheng sui shi 8a.xml 
</prev>
<next>
 bao sheng sui shi 9a.xml 
</next>
<image>
 bao sheng sui shi 8b.jpg 
</image>
</header><text>
  作 二 劑 每 劑 加 薑 一 片 。 水 煎 服 。 
 ○ 兒 月 內 啼 者 。 用 真 牛 黃 飛 神 砂 極 細 末 。 各 五 厘 塗 兒 舌 上 。 立 止 。 
 
 稀 痘 方 
 ○ 臍 帶 乾 落 。 安 淨 瓦 上 。 四 圍 以 炭 炙 之 。 止 令 <cf> &#28895; </cf> 盡 。 勿 使 成 灰 。 取           起 以 碗 覆 地 上 。 良 久 出 炙 毒 研 極 細 每 一 分 加 辰 砂 半 分 。 共 研 。 次           日 以 乳 汁 調 敷 乳 上 令 兒 食 乳 。 隨 一 日 內 作 二 三 次 服 盡 。 永 久 不 生 瘡       疹 。 即 生 亦 少 。 或 云 。 兒 生 一 十 三 日 服 之 。 未 知 何 說 。 
 ○ 產 家 要 訣 云 。 予 嘗 得 方 士 秘 傳 。 出 胎 稀 痘 小 金 丹 一 方 。 不 惟 鎮 心             解 毒 。 痘 瘡 必 稀 。 更 能 助 胃 辟 邪 。 斷 除 百 病 。 予 曾 製 而 試 驗 矣 。       方 用 箭 頭 砂 一 兩 五 錢 。 敲 如 菉 豆 粒 大 。 以 黃 連 甘 草 各 一 兩 。 河 水             五 碗 於 新 砂 鍋 內 。 文 武 火 同 煮 一 日 水 乾 則 旋 添 之 
 </text></document>