<?xml version="1.0" encoding="UTF-8" standalone="yes" ?>
<document>
<header>
<doctitle>
 重訂濟陰綱目 
 </doctitle>
<volume>
 第八冊, 保生醉事
 </volume>
<author>
 武 之 望   (叔卿 ) 
</author>
<date>
 清雍正六年 1728
 </date>
<currentpage>
 bao sheng sui shi 5b 
 </currentpage>
<first>
 jiyingkangmu v.8 text14 1a.xml
</first>
<last>
 bao sheng sui shi 9b.xml
</last>
<prev>
 bao sheng sui shi 5a.xml 
</prev>
<next>
 bao sheng sui shi 6a.xml 
</next>
<image>
 bao sheng sui shi 5b.jpg 
</image>
</header><text>
和 蜜 汁 飲 之 。 有 { 效 } 急 則 用 大 黃 <sf> 二 錢 </sf> 甘 草 <sf> 二 錢 </sf> 煎 服 。 
 
 口 噤 方 
 ○ <cf> &#33905; </cf> 白 一 寸 。 破 四 片 。 乳 汁 蒸 灌 之 。 
 
 浴 兒 方 
 ○ 北 方 生 子 。 多 不 洗 浴 。 初 生 下 但 以 舊 綿 拭 凈 。 直 至 三 四 歲 。 出 痘 後           方 浴 。 或 大 小 便 處 。 略 以 水 揩 抹 之 。 故 北 方 人 較 南 方 壯 實 。 不 徒 風           氣 然 也 。 日 畢 竟 欲 浴 。 取 益 母 五 兩 。 剉 細 煎 滾 溫 浴 之 不 生 瘡 疥 。 又           可 祛 寒 氣 風 濕 。 
 ○ 產 家 要 訣 云 。 兒 初 出 胎 。 浴 洗 腸 內 。 宜 入 食 鹽 少 許 。 洗 畢 拭 乾 一 膩           粉 一 錢 許 研 細 。 摩 其 遍 身 及 兩 { 脅 } 然 後 &lt;x> 裹 。 既 不 畏 風 又 散 諸 氣 。         今 南 方 三 朝 方 洗 將 &lt;x> 裹 之 兒 又 復 解 開 。 多 致 感 冒 
 </text></document>