<?xml version="1.0" encoding="UTF-8" standalone="yes" ?>
<document>
<header>
<doctitle>
 重訂濟陰綱目 
 </doctitle>
<volume>
 第八冊, 保生醉事
 </volume>
<author>
 武 之 望   (叔卿 ) 
</author>
<date>
 清雍正六年 1728
 </date>
<currentpage>
 bao sheng sui shi 4b 
 </currentpage>
<first>
 jiyingkangmu v.8 text14 1a.xml
</first>
<last>
 bao sheng sui shi 9b.xml
</last>
<prev>
 bao sheng sui shi 4a.xml 
</prev>
<next>
 bao sheng sui shi 5a.xml 
</next>
<image>
 bao sheng sui shi 4b.jpg 
</image>
</header><text>
        五 七 炷 須 下 帳 避 風 。 炙 畢 仍 將 臍 帶 紮 好 。 聽 其 自 脫 ﹐ 至 七 日 方 脫 者 。         元 氣 足 也 。 
 ○ 凡 兒 生 下 每 日 夜 將 清 湯 。 或 苦 茶 。 蘸 軟 絹 攪 兒 口 內 。 如 齒 邊 有 白 點 。         即 以 指 爪 或 細 針 挑 破 。 取 桑 樹 內 汁 瀘 清 塗 之 。 永 無 驚 風 撮 口 之 患 。 
 
 裹 臍 法 
 ○ 千 金 論 云 。 { 裹 } 臍 須 令 白 練 揉 軟 方 四 寸 。 新 綿 厚 半 寸 。 與 帛 等 同 合 之 。         緩 急 得 中 。 急 則 令 兒 吐 &lt;x> 。 不 可 輕 解 。 解 時 閉 戶 下 帳 。 冬 間 用 火 。           令 帳 內 溫 煖 仍 以 溫 粉 敷 之 。 若 臍 不 乾 。 燒 絳 帛 敷 之 。 
 ○ 枯 礬 <sf> 五 錢 </sf>     龍 骨 <sf> 一 錢 </sf>   黃 丹 <sf> 一 錢 </sf>     麝 香 <sf> 少 許 </sf> 為 末 敷 之 
 ○ 亂 發 燒 灰 敷 之 亦 可 。 或 云 黃 { 柏 } 末 敷 妙 。 
 </text></document>