<?xml version="1.0" encoding="UTF-8" standalone="yes" ?>
<document>
<header>
<doctitle>
 重訂濟陰綱目 
 </doctitle>
<volume>
 第八冊, 保生醉事
 </volume>
<author>
 武 之 望   (叔卿 ) 
</author>
<date>
 清雍正六年 1728
 </date>
<currentpage>
 bao sheng sui shi 7b 
 </currentpage>
<first>
 jiyingkangmu v.8 text14 1a.xml
</first>
<last>
 bao sheng sui shi 9b.xml
</last>
<prev>
 bao sheng sui shi 7a.xml 
</prev>
<next>
 bao sheng sui shi 8a.xml 
</next>
<image>
 bao sheng sui shi 7b.jpg 
</image>
</header><text>
<sf>   宜 見 </sf> 地 氣 。 尤 宜 見 風 日 。 不 見 地 氣 風 日 。 則 肌 膚 柔 軟 。 易 得 損 傷 嘗 見         富 貴 之 家 。 重 裀 疊 被 。 日 在 懷 抱 中 。 雖 數 歲 亦 未 能 行 。 而 田 舍 小 兒 。   終 日 暴 露 。 或 飢 或 寒 。 絕 無 他 病 譬 如 草 木 。 生 於 深 山 峻 谷 。 及 大 澤           中 容 易 合 抱 。 至 園 圃 。 奇 材 異 卉 縱 加 培 壅 。 多 有 秀 而 不 實 者 。                     豈   貴 賤 之 理 有 異 哉 。 
 
 ○ 小 兒 精 要 云 。 初 生 小 兒 。 不 得 用 油 膩 手 &lt;x> { 裹 } 。 春 忌 覆 頂 裹 足 。 夏             忌 飲 冷 食 水 。 冬 忌 火 炙 衣 被 要 得 小 兒 常 受 飢 與 寒 真 至 言 也 。 
 ○ 又 云 。 小 兒 腸 胃 脆 窄 。 若 稠 粘 乾 硬 。 酸 鹹 辛 辣 一 切 魚 肉 水 果 。 濕             { 麵 } 燒 炙 。 煨 炒 煎 &lt;x> 。 俱 是 發 熱 難 化 之 物 。 皆 宜 禁 絕 。 婦 人 無 知 。 畏 其             啼 哭 。 無 所 不 與 。 積 成 痼 疾 雖 悔 何 及 。 語 云 。 惜 兒 須 惜 食 。 
 </text></document>