<?xml version="1.0" encoding="UTF-8" standalone="yes" ?>
<document>
<header>
<doctitle>
 重訂濟陰綱目 
 </doctitle>
<volume>
 第八冊, 保生醉事
 </volume>
<author>
 武 之 望   (叔卿 ) 
</author>
<date>
 清雍正六年 1728
 </date>
<currentpage>
 bao sheng sui shi 6a 
 </currentpage>
<first>
 jiyingkangmu v.8 text14 1a.xml
</first>
<last>
 bao sheng sui shi 9b.xml
</last>
<prev>
 bao sheng sui shi 5b.xml 
</prev>
<next>
 bao sheng sui shi 6b.xml 
</next>
<image>
 bao sheng sui shi 6a.jpg 
</image>
</header><text>
驚 風 蓋 洗 三 雖 云 右 禮 而 防 患 貴 在 變 通 只 依 前 法 ﹐ 出 胎 便 洗 自 是 穩 當 。 
 
 ○ 保 生 要 方 云 。 小 兒 初 生 候 浴 水 不 得 。 且 以 綿 絮 包 裹 大 人 懷 中 暖 之 浴   後 仍 當 如 此 雖 暑 月 綿 絮 亦 宜 漸 漸 去 之 。 乍 離 母 腹 。 未 可 冒 寒 氣 也 。 預 煎 沸 湯 。 以 甑 貯 之 臨 時 熱 洗 。 不 犯 生 水 。 則 兒 不 生 瘡 。 
 
 乳 兒 方 
 ○ 保 生 要 法 云 。 小 兒 初 生 。 若 多 睡 。 勿 強 與 乳 。 自 然 長 而 少 病 。 
 ○ 顱 顯 經 云 。 夏 中 盛 熱 時 乳 母 浴 後 。 便 與 兒 乳 。 使 兒 成 胃 毒 。 赤 白 痢         定 息 良 久 熟 揉 乳 之 可 也 。 
 ○ 千 金 論 云 。 乳 兒 不 可 過 飽 。 滿 而 溢 。 則 成 嘔 吐 。 大 飽 。 以 空 乳 吮 之 
 </text></document>