<?xml version="1.0" encoding="UTF-8" standalone="yes" ?>
<document>
<header>
<doctitle>
 重訂濟陰綱目 
 </doctitle>
<volume>
 第八冊, 保生醉事
 </volume>
<author>
 武 之 望   (叔卿 ) 
</author>
<date>
 清雍正六年 1728
 </date>
<currentpage>
 bao sheng sui shi 2a 
 </currentpage>
<first>
 jiyingkangmu v.8 text14 1a.xml
</first>
<last>
 bao sheng sui shi 9b.xml
</last>
<prev>
 bao sheng sui shi 1b.xml 
</prev>
<next>
 bao sheng sui shi 2b.xml 
</next>
<image>
 bao sheng sui shi 2a.jpg 
</image>
</header><text>
○ 將 胞 衣 連 帶 用 火 炙 。 令 煖 氣 入 兒 腹 。 取 一 <cf> &#29483; </cf> 用 青 布 裹 頭 目 。 令 一 伶 俐 女 人 拿 住 <cf> &#29483; </cf> 頭 向 兒 耳 邊 。 以 口 咬 破 <cf> &#29483; </cf> 耳 大 { 叫 } 一 聲 兒 即 醒 矣 。 
 ○ 初 生 無 啼 。 是 肛 門 為 脂 皮 所 塞 。 用 簪 通 開 。 
 ○ 外 臺 秘 要 云 。 兒 生 不 啼 由 產 難 少 氣 也 。 取 臍 帶 向 身 { 卻 } 捋 之 。 令               氣 人 腹 。 仍 阿 至 百 度 。 自 啼 矣 。 又 以 蔥 白 徐 徐 鞭 之 亦 妙 。 
 ○ 菖 蒲 搗 生 汁 。 入 口 即 活 。 
 ○ 生 兒 啼 聲 不 出 。 及 聲 不 轉 者 。 舌 下 有 膜 。 如 石 榴 子 。 或 口 中 上 
         顎 有 泡 。 速 以 指 爪 摘 斷 之 。 用 葦 刀 子 割 之 亦 可 。 微 有 血 出 即 活 若               血 出 血 多 者 。 燒 斷 髮 同 豬 脂 塗 之 
 ○ 小 兒 因 產 難 。 產 下 不 哭 。 微 有 氣 者 。 以 本 父 母 真 氣 度 之 。 即 活 
 </text></document>