<?xml version="1.0" encoding="UTF-8" standalone="yes" ?>
<document>
<header>
<doctitle>
 傅青主女科 
</doctitle>
<volume>
 </volume>
<author>
 傅山(青主) 
</author>
<date>
 同治八年, 1869 
</date>
<currentpage>
 biography 1b
 </currentpage>
<first>
 Fu Title Page.xml
</first>
<last>
 Fu Text(5) 19b.xml
</last>
<prev>
 Fu Bio 1a.xml 
</prev>
<next>
 Fu Bio 2a.xml 
</next>
<image>
 Fu Bio 1b.jpg 
</image>
</header><text>
父 之 謨 病 篤 朝 夕 稽 顙 於 神 願 以 身 代 旬 日 父 愈 人 謂 孝 同 神 明 不 異 黔 婁 云 執 親 喪 哀 毀 特 甚 苦 塊 米 飲 不 茹 蔬 果 友 愛 諸 季 先 人 遺 產 弟 蕩 費 強 半 終 身 無 怨 色 弟 歿 撫 遺 孤 過 於 已 子 失 偶 時 年 二 十 七 子 眉 甫 五 齡 旁 無 妾 媵 誓 不 復 娶 於 里 黨 &lt;x> [ 姻 ] 戚 竭 力 賙 其 緩 急 為 人 分 別 有 讓 恭 儉 下 人 與 人 言 依 於 忠 孝 謀 事 要 於 誠 實 蓋 其 敦 厚 彝 倫 根 本 自 然 非 有 強 也 自 李 自 成 犯 京 師 明 莊 烈 皇 帝 殉 國 山 遂 絕 意 進 取 棄 青 &lt;x> [ 衿 ] 為 黃 冠 號 石 道 人 &lt;x> 衣 草 履 時 遨 遊 於 平 定 祁 汾 間 所 至 有 墨 痕 筆 跡 工 詩 賦 善 古 文 詞 臨 池 得 二 王 神 理 該 博 古 今 典 籍 百 家 諸 子 靡 不 淹 貫 大 叩 大 鳴 小 叩 小 鳴 復 自 託 繪 事 寫 意 曲 盡 其 妙 精 歧 黃 術 邃 於 脈 理 而 時 通 以 儒 義 不 
 </text></document>