<?xml version="1.0" encoding="UTF-8" standalone="yes" ?>
<document>
<header>
<doctitle>
 傅青主女科 
</doctitle>
<volume>
 </volume>
<author>
 傅山(青主) 
</author>
<date>
 同治八年, 1869 
</date>
<currentpage>
 biography 4b
 </currentpage>
<first>
 Fu Title Page.xml
</first>
<last>
 Fu Text(5) 19b.xml
</last>
<prev>
 Fu Bio 4a.xml 
</prev>
<next>
 Fu Table of Contents 1a.xml
</next>
<image>
 Fu Bio 4b.jpg 
</image>
</header><text>
</text></document>