﻿<?xml version="1.0" encoding="UTF-8" standalone="yes" ?>
<document>
<header>
<doctitle>
 傅青主女科 
</doctitle>
<volume>
 </volume>
<author>
 傅山(青主) 
</author>
<date>
 同治八年, 1869 
</date>
<currentpage>
 biography 1a
 </currentpage>
<first>
 Fu Title Page.xml
</first>
<last>
 Fu Text(5) 19b.xml
</last>
<prev>
 Fu Pre 3b.xml 
</prev>
<next>
 Fu Bio 1b.xml 
</next>
<image>
 Fu Bio 1a.jpg 
</image>
</header><text>
明 生 員 傳 先 生 山 傳         提 督 學 政 嵇 曾 筠 撰 
 傳 先 生 名 山 字 青 主 一 字 公 他 陽 曲 人 祖 霖 官 山 東 遼 海 參 議 父 之 謨 明 經 授 徙 號 離 垢 先 生 山 生 而 穎 異 讀 書 十 行 并 下 過 目 輒 能 成 誦 年 十 四 督 學 文 太 青 拔 入 庠 繼 文 者 袁 臨 候 先 生 繼 咸 也 一 見 深 器 之 准 食 餼 檄 取 讀 書 三 立 書 院 時 時 以 道 學 相 期 許 山 益 發 憤 下 帷 袁 每 云 山 文 誠 隹 恨 未 脫 山 林 氣 耳 崇 禎 丙 子 繼 咸 為 直 指 張 孫 振 誣 詆 下 獄 山 徒 步 走 千 里 外 伏 闕 訟 冤 孫 振 怒 大 索 山 山 敝 衣 藍 縷 轉 徒 自 匿 百 折 不 回 繼 咸 冤 得 白 當 是 時 山 義 聲 聞 天 下 後 繼 咸 官 南 方 數 召 山 山 終 不 往 
 國 朝 定 鼎 自 九 江 執 繼 咸 北 上 山 乃 潛 入 都 密 候 繼 咸 起 居 繼 咸 見 殺 山 收 其 遺 &lt;x> [ 稿 ]   
 而 歸 山 性 至 孝 
 </text></document>