<?xml version="1.0" encoding="UTF-8" standalone="yes" ?>
<document>
<header>
<doctitle>
 傅青主女科 
</doctitle>
<volume>
 </volume>
<author>
 傅山(青主) 
</author>
<date>
 同治八年, 1869 
</date>
<currentpage>
 biography 2b
 </currentpage>
<first>
 Fu Title Page.xml
</first>
<last>
 Fu Text(5) 19b.xml
</last>
<prev>
 Fu Bio 2a.xml 
</prev>
<next>
 Fu Bio 3a.xml 
</next>
<image>
 Fu Bio 2b.jpg 
</image>
</header><text>
性 史 十 三 經 字 區 周 易 偶 釋 周 理 音 辨 條 春 秋 人 名 韻 地 名 韻 兩 漢 人 命 韻 等 書 
 嵇 禮 齋 曰 昔 者 嘗 怪 先 生 值 堯 舜 之 世 篤 志 高 尚 懇 辭 徵 辟 何 其 果 也 及 讀 漢 史 見 周 黨 王 霸 之 為 人 初 不 辱 於 新 莽 建 武 復 辟 連 徵 不 起 乃 知 士 各 有 志 先 生 蓋 有 道 而 隱 者 也 彼 誠 見 夫 有 明 末 季 上 下 交 征 利 卒 滅 亡 於 寇 盜 之 手 固 巳 心 寄 夫 長 林 豐 草 矣 甯 復 以 青 紫 為 榮 耶 至 若 義 白 知 已 之 冤 其 賢 於 世 之 平 居 師 友 相 親 慕 臨 難 背 負 不 一 引 手 捄 漠 然 若 不 相 識 者 亦 遠 矣 古 云 民 生 於 三 事 之 如 一 惟 其 所 在 則 致 死 焉 先 生 真 無 愧 哉 
 贊 曰 於 惟 先 生 得 聖 之 清 訟 冤 奔 訃 蒙 難 不 驚 辭 榮 卻 
 </text></document>