<?xml version="1.0" encoding="UTF-8" standalone="yes" ?>
<document>
<header>
<doctitle>
 傅青主女科 
</doctitle>
<volume>
 </volume>
<author>
 傅山(青主) 
</author>
<date>
 同治八年, 1869 
</date>
<currentpage>
 preface 1a 
 </currentpage>
<first>
 Fu Title Page.xml
</first>
<last>
 Fu Text(5) 19b.xml
</last>
<prev>
 Fu Printer Print Date.xml 
</prev>
<next>
 Fu Pre 1b.xml 
</next>
<image>
 Fu Pre 1a.jpg 
</image>
</header><text>
凡 
 青 主 先 生 于 於 明 季 時 以 諸 生 伏 闕 上 書 訟 袁 臨 侯 冤 事 尋 得 白 當 時 義 聲 動 天 下 馬 文 甬 義 士 傳 比 之 裴 瑜 魏 邵 國 變 後 隱 居 崛   &lt;x> 山 中 四 方 仰 望 丰 采 已 未 鴻 詞 之 薦 先 生 堅 臥 不 赴 有 司 敦 促 就 道 先 生 卒 守 介 節 
 聖 祖 仁 皇 帝 鋻 其 誠 降 
 旨 傳 山 文 學 素 著 念 其 年 邁 從 優 加 銜 以 示 恩 榮 遂 授 內 閣 中 書 聽 其 回 籍 蓋 其 高 尚 之 志 久 為 
 聖 天 子 所 心 重 矣 而 世 之 稱 者 乃 盛 傳 其 字 學 與 醫 術 不 已 細 哉 字 為 六 藝 之 一 先 生 固 嘗 究 心 若 醫 者 先 生 所 以 晦 <cf> &#36857; </cf> 而 逃 名 者 也 而 名 即 隨 之 抑 可 奇 矣 且 夫 醫 亦 何 可 易 言 自 後 漢 張 仲 景 刱 立 方 書 以 來 幾 二 千 年 專 門 
 </text></document>