<?xml version="1.0" encoding="UTF-8" standalone="yes" ?>
<document>
<header>
<doctitle>
 傅青主女科 
</doctitle>
<volume>
產後編上卷
 </volume>
<author>
 傅山(青主) 
</author>
<date>
 同治八年, 1869 
</date>
<currentpage>
 text 19b 
 </currentpage>
<first>
 Fu Title Page.xml
</first>
<last>
 Fu Text(5) 19b.xml
</last>
<prev>
 Fu Text(4) 19a.xml 
</prev>
<next>
 Fu Text(4) 20a.xml 
</next>
<image>
 Fu Text(4) 19b.jpg 
</image>
</header><text>
類 實 當 補 之 症 治 者 勿 執 偏 門 輕 產 而 妄 議 三 承 氣 湯 以 治 類 三 陰 之 症 也 間 有 少 壯 產 後 妄 下 幸 而 無 妨 虛 弱 產 婦 亦 復 妄 下 多 致 不 救 屢 見 妄 下 成 膨 誤 導 反 結 又 有 血 少 數 日 不 通 而 即 下 致 潟 不 止 者 危 哉 婦 人 良 方 云 產 後 大 便 秘 若 計 其 日 期 飯 食 數 多 即 用 藥 通 之 禍 在 反 掌 必 待 腹 滿 覺 脹 欲 去 不 能 者 反 結 在 直 腸 宜 用 豬 <cf> &#32966; </cf> 汁 潤 之 若 日 期 雖 久 飲 食 如 常 腹 中 如 故 只 用 補 劑 而 已 若 服 苦 寒 疏 通 反 傷 中 氣 通 而 不 止 或 痞 滿 誤 矣 
 養 正 通 幽 湯 <sf> 治 產 後 大 便 秘 結 類 傷 寒 三 陰 症 </sf>
<formula> 
 川 芎 <sf> 二 錢 半 </sf> 當 歸 <sf> 六 錢 </sf> 炙 草 <sf> 五 分 </sf> 桃 仁 <sf> 十 五 粒 </sf> 麻 仁 <sf> 二 錢 炒 </sf> 肉 蓯 蓉 <sf> 酒 洗 去 甲 一 錢 </sf> 
 </formula> 
 汗 多 便 實 加 黃 &lt;x> 
 </text></document>