<?xml version="1.0" encoding="UTF-8" standalone="yes" ?>
<document>
<header>
<doctitle>
 傅青主女科 
</doctitle>
<volume>
 女科上卷 
 </volume>
<author>
 傅山(青主) 
</author>
<date>
 同治八年, 1869 
</date>
<currentpage>
 text 34a 
 </currentpage>
<first>
 Fu Title Page.xml
</first>
<last>
 Fu Text(5) 19b.xml
</last>
<prev>
 Fu Text(1) 33b.xml 
</prev>
<next>
 Fu Text(1) 34b.xml 
</next>
<image>
 Fu Text(1) 34a.jpg 
</image>
</header><text>
<marginalia> 
 <sf> 而 不 愈 甚 有 成 勞 瘵 不 治 者 此 方 補 水 而 不 助 濕 補 火 而 使 尹 [ 歸 ] 原 善 極 不 可 加 減 
 味 若 無 好 肉 桂 以 破 故 紙 一 錢 炒 代 之 用 核 桃 仁 二 筒 連 皮 燒 黑 去 皮 用 仁 作 引 若 用 好 肉 桂 即 可 不 用 核 桃 引 </sf> 
 </marginalia> 
 水 煎 服 二 劑 膀 胱 之 氣 化 四 劑 艱 澀 之 症 除 又 十 劑 虛 脤 <cf> &#33050; </cf> 腫 之 病 形 消 再 服 六 十 劑 腎 氣 大 旺 胞 胎 溫 煖 易 於 受 胎 而 生 育 矣 此 方 利 膀 胱 之 水 全 在 補 腎 中 之 氣 煖 胞 胎 之 氣 全 在 壯 腎 中 之 火 至 於 補 腎 之 藥 多 是 濡 潤 之 品 不 以 濕 而 益 助 其 濕 乎 然 方 中 之 藥 妙 於 補 腎 之 火 而 非 補 腎 之 水 尤 妙 於 補 火 而 無 燥 烈 之 虞 利 水 而 非 蕩 滌 之 猛 所 以 膀 胱 氣 化 胞 胎 不 濕 而 法 榮 長 養 無 窮 與 
 </text></document>