<?xml version="1.0" encoding="UTF-8" standalone="yes" ?>
<document>
<header>
<doctitle>
 傅青主女科 
</doctitle>
<volume>
 女科上卷 
 </volume>
<author>
 傅山(青主) 
</author>
<date>
 同治八年, 1869 
</date>
<currentpage>
 text 28a 
 </currentpage>
<first>
 Fu Title Page.xml
</first>
<last>
 Fu Text(5) 19b.xml
</last>
<prev>
 Fu Text(1) 27b.xml 
</prev>
<next>
 Fu Text(1) 28b.xml 
</next>
<image>
 Fu Text(1) 28a.jpg 
</image>
</header><text>
<marginalia> 
 <sf> 少 食 不 孕 與 胸 求 少 思 飲 食 有 閉 十 補 腎 中 之 氣 一 補 命 門 與 心 包 絡 之 火 藥 味 不 多 其 君 臣 佐 使 之 妙 宜 細 參 之 </sf> 
 </marginalia> 
 心 火 不 能 生 脾 土 非 腎 火 不 能 化 心 腎 之 火 衰 則 脾 胃 失 生 化 之 權 即 不 能 消 水 穀 以 化 精 微 矣 既 不 能 化 水 穀 之 精 微 自 無 津 液 以 灌 溉 於 胞 胎 之 中 欲 胞 胎 有 溫 煖 之 氣 以 養 胚 胎 必 不 可 得 縱 然 受 胎 而 帶 <cf> &#33033; </cf> 無 力 亦 必 墮 落 此 脾 胃 虛 寒 之 咎 故 無 玉 麟 之 毓 也 治 法 可 不 急 溫 補 其 脾 胃 乎 然 脾 之 母 原 在 腎 之 命 門 胃 之 母 原 在 心 之 包 絡 欲 溫 補 脾 胃 必 須 補 二 經 之 火 蓋 母 旺 子 必 不 弱 母 熱 子 必 不 寒 此 子 病 治 母 之 義 也 方 用 溫 土 毓 麟 湯 
 <formula> 
 已 戟 <sf> 一 兩 去 心 酒 浸 </sf> 覆 盆 子 <sf> 一 兩 酒 浸 蒸 </sf> 白 <cf> 術 </cf> <sf> 五 錢 土 炒 </sf> 人 參 <sf> 三 錢 </sf> 懷 山 藥 <sf> 五 錢 炒 </sf> 神 麵 <sf> 一 錢 炒 </sf> 
 </formula> 
 水 煎 服 一 月 以 種 子 矣 此 方 之 妙 以 溫 補 脾 胃 而 又 
 </text></document>