<?xml version="1.0" encoding="UTF-8" standalone="yes" ?>
<document>
<header>
<doctitle>
 傅青主女科 
</doctitle>
<volume>
 女科上卷 
 </volume>
<author>
 傅山(青主) 
</author>
<date>
 同治八年, 1869 
</date>
<currentpage>
 text 31b 
 </currentpage>
<first>
 Fu Title Page.xml
</first>
<last>
 Fu Text(5) 19b.xml
</last>
<prev>
 Fu Text(1) 31a.xml 
</prev>
<next>
 Fu Text(1) 32a.xml 
</next>
<image>
 Fu Text(1) 31b.jpg 
</image>
</header><text>
受 種 何 肥 胖 不 孕 之 足 慮 乎 
 骨 蒸 夜 熱 不 孕 <sf> 三 十 六 </sf> 
 婦 人 有 骨 蒸 夜 熱 遍 體 火 焦 口 乾 古 燥 咳 嗽 吐 沫 難 於 生 子 者 人 以 為 陰 虛 火 動 也 誰 知 是 骨 髓 內 熱 乎 夫 寒 陰 之 地 故 不 生 物 而 乾 旱 之 田 豈 能 長 養 然 而 骨 髓 與 胞 胎 何 相 關 切 而 骨 髓 之 熱 即 能 使 人 不 嗣 此 前 賢 所 未 言 者 也 山 一 旦 創 言 之 不 幾 為 世 俗 所 駭 乎 而 要 知 不 必 駭 也 此 中 實 有 其 理 焉 蓋 胞 胎 為 五 臟 外 之 一 臟 耳 以 其 不 陰 不 陽 所 以 不 列 於 五 臟 之 中 所 謂 不 陰 不 陽 者 以 胞 胎 上 繫 於 心 包 下 繫 於 命 門 繫 心 包 者 通 於 心 心 者 陽 也 繫 命 門 者 通 於 腎 腎 者 陰 也 是 陰 之 中 有 陽 陽 之 中 有 陰 所 以 通 於 變 化 或 生 男 或 生 女 俱 從 此 
 </text></document>