<?xml version="1.0" encoding="UTF-8" standalone="yes" ?>
<document>
<header>
<doctitle>
 傅青主女科 
</doctitle>
<volume>
 女科下卷 
 </volume>
<author>
 傅山(青主) 
</author>
<date>
 同治八年, 1869 
</date>
<currentpage>
 text 20a 
 </currentpage>
<first>
 Fu Title Page.xml
</first>
<last>
 Fu Text(5) 19b.xml
</last>
<prev>
 Fu Text(2) 19b.xml 
</prev>
<next>
 Fu Text(2) 20b.xml 
</next>
<image>
 Fu Text(2) 20a.jpg 
</image>
</header><text>
<marginalia> 
 <sf> 血 活 血 之 藥 而 子 母 復 得 皆 全 者 亦 萬 中 之 一 幸 也 </sf> 
 </marginalia> 
 其 頭 原 因 其 母 氣 血 之 虛 以 致 兒 不 能 轉 頭 以 向 下 世 人 用 催 生 之 藥 以 耗 兒 之 氣 血 則 兒 之 氣 不 能 通 達 反 致 閉 悶 而 死 於 腹 中 此 實 庸 醫 殺 之 也 所 以 難 產 之 疾 斷 斷 不 可 用 催 生 之 藥 只 宜 補 氣 補 血 以 壯 其 母 而 全 活 嬰 兒 之 命 正 無 窮 也 此 方 救 兒 死 之 母 仍 大 補 氣 血 所 以 救 其 本 也 誰 知 救 本 即 所 以 催 生 哉 
 正 產 胞 衣 不 下 <sf> 六 十 二 </sf> 
 產 婦 有 兒 已 下 地 而 胞 衣 留 滯 於 腹 中 二 三 日 不 下 心 煩 意 燥 時 欲 昏 暈 人 以 為 胞 衣 之 蒂 未 斷 也 誰 知 是 血 少 乾 枯 粘 連 於 腹 中 乎 世 人 見 胞 衣 不 下 未 免 心 懹 疑 懼 恐 其 沖 之 於 心 而 有 死 亡 之 兆 然 而 胞 衣 究 何 能 上 
 </text></document>