<?xml version="1.0" encoding="UTF-8" standalone="yes" ?>
<document>
<header>
<doctitle>
 傅青主女科 
</doctitle>
<volume>
產後編上卷
 </volume>
<author>
 傅山(青主) 
</author>
<date>
 同治八年, 1869 
</date>
<currentpage>
 text 15a 
 </currentpage>
<first>
 Fu Title Page.xml
</first>
<last>
 Fu Text(5) 19b.xml
</last>
<prev>
 Fu Text(4) 14b.xml 
</prev>
<next>
 Fu Text(4) 15b.xml 
</next>
<image>
 Fu Text(4) 15a.jpg 
</image>
</header><text>
安 神 主 化 湯 <sf> 治 產 後 塊 痛 末 止 妄 言 妄 見 症 未 可 用 &lt;x> 朮 </sf>
<formula> 
 川 芎 <sf> 一 錢 </sf> 柏 子 仁 <sf> 一 錢 </sf> 人 參 <sf> 一 二 錢 </sf> 當 歸 <sf> 二 三 錢 </sf> 茯 神 <sf> 二 錢 </sf> 桃 仁 <sf> 十 二 粒 </sf> 黑 薑 <sf> 四 分 </sf> 炙 草 <sf> 四 分 </sf> 益 智 <sf> 八 分 炒 </sf> 陳 皮 <sf> 三 分 </sf> 
 </formula> 
 棗 水 煎 
 滋 榮 益 氣 復 神 湯 <sf> 塊 痛 已 止 妄 言 妄 見 服 此 方 即 愈 </sf>
<formula> 
 黃 &lt;x> 白 朮 麥 冬 川 芎 柏 子 仁 茯 神 益 智 <sf> 各 一 錢 </sf> 人 參 熟 地 <sf> 各 二 錢 </sf> 陳 皮 <sf> 三 分 </sf> 炙 草 <sf> 四 分 </sf> 棗 仁 <sf> 十 粒 一 錢 </sf> 五 味 子 <sf> 十 粒 </sf> 蓮 <sf> 八 枚 </sf> 元 肉 <sf> 八 <cf> &#20010; </cf> </sf> 
 </formula> 
 棗 水 煎 服 
 產 後 血 崩 血 脫 氣 喘 氣 脫 神 脫 妄 言 雖 有 血 氣 陰 陽 之 分 其 精 散 神 去 一 也 暈 後 少 緩 亦 危 症 也 若 非 
 </text></document>