<?xml version="1.0" encoding="UTF-8" standalone="yes" ?>
<document>
<header>
<doctitle>
 傅青主女科 
</doctitle>
<volume>
 產後編下卷
 </volume>
<author>
 傅山(青主) 
</author>
<date>
 同治八年, 1869 
</date>
<currentpage>
 text 12a 
 </currentpage>
<first>
 Fu Title Page.xml
</first>
<last>
 Fu Text(5) 19b.xml
</last>
<prev>
 Fu Text(5) 11b.xml 
</prev>
<next>
 Fu Text(5) 12b.xml 
</next>
<image>
 Fu Text(5) 12a.jpg 
</image>
</header><text>
<marginalia> 
 <sf> 一 本 麥 冬 石 斛 俱 作 八 錢 柴 胡 五 錢 黃 柏 四 分 酒 炒 </sf> 
 </marginalia>
<formula> 
 知 母 <sf> 二 錢 </sf> 生 地 <sf> 二 錢 </sf> 五 味 <sf> 十 粒 </sf> 地 骨 皮 <sf> 六 分 </sf> 
 </formula> 
 棗 三 枚 去 核 水 煎 服 
 加 味 大 造 湯 <sf> 治 骨 蒸 勞 熱 若 服 清 骨 散 每 連 丸 不 效 服 此 方 </sf>
<formula> 
 人 參 <sf> 一 兩 </sf> 當 歸 <sf> 一 兩 </sf> 麥 冬 <sf> 八 分 </sf> 石 斛 <sf> 八 分 酒 蒸 </sf> 柴 胡 <sf> 六 錢 </sf> 生 地 <sf> 二 兩 </sf> 胡 連 <sf> 五 錢 </sf> 山 藥 <sf> 一 兩 </sf> 枸 杞 <sf> 一 兩 </sf> 黃 柏 <sf> 七 分 炒 </sf> 
 </formula> 
 先 將 麥 冬 地 黃 摀 爛 後 入 諸 藥 同 搗 為 丸 加 蒸 紫 河 車 另 搗 焙 乾 為 末 蜜 丸 
 心 痛 第 <sf> 三 十 二 </sf> 
 此 即 胃 &lt;x> 痛 因 胃 &lt;x> 在 心 之 下 勞 傷 風 寒 及 食 冷 物 而 作 痛 俗 呼 為 心 痛 心 可 痛 乎 血 不 足 則 怔 忡 驚 悸 不 安 耳 若 真 心 痛 手 足 青 黑 色 旦 夕 死 矣 治 當 散 胃 中 之 寒 
 </text></document>