<?xml version="1.0" encoding="UTF-8" standalone="yes" ?>
<document>
<header>
<doctitle>
 傅青主女科 
</doctitle>
<volume>
 女科下卷 
 </volume>
<author>
 傅山(青主) 
</author>
<date>
 同治八年, 1869 
</date>
<currentpage>
 text 6a 
 </currentpage>
<first>
 Fu Title Page.xml
</first>
<last>
 Fu Text(5) 19b.xml
</last>
<prev>
 Fu Text(2) 5b.xml 
</prev>
<next>
 Fu Text(2) 6b.xml 
</next>
<image>
 Fu Text(2) 6a.jpg 
</image>
</header><text>
<marginalia> 
 <sf> 方 加 薏 仁 三 四 錢 九 炒 </sf> 
 </marginalia> 
 解 鱟 湯 
 <formula> 
 人 參 <sf> 一 錢 </sf> 白 <cf> 術 </cf> <sf> 五 錢 土 炒 </sf> 白 茯 苓 <sf> 三 錢 </sf> 當 歸 <sf> 一 兩 酒 洗 </sf> 白 芍 <sf> 一 兩 酒 炒 </sf> 枳 <cf> 殼 </cf> <sf> 五 分 炒 </sf> 砂 仁 <sf> 三 粒 炒 研 </sf> 山 梔 子 <sf> 三 錢 炒 </sf> 薄 荷 <sf> 二 錢 </sf> 
 </formula> 
 水 煎 服 一 劑 而 悶 痛 除 二 劑 而 子 懸 定 至 三 劑 而 全 安 去 梔 子 再 多 服 數 劑 不 復 發 此 乃 平 肝 解 鬱 之 聖 藥 鬱 開 則 木 不 &lt;x> [ 克 ] 土 肝 平 則 火 不 妄 動 方 中 又 有 健 脾 開 胃 之 品 自 然 水 精 四 布 而 肝 與 腎 有 潤 澤 之 機 則 胞 胎 自 無 燥 之 患 又 何 慮 上 懸 之 不 愈 哉 
 妊 娠 跌 損 <sf> 四 十 五 </sf> 
 妊 婦 有 失 足 跌 損 致 傷 胎 原 腹 中 疼 痛 勢 如 將 墮 者 人 只 知 是 外 傷 之 為 病 也 誰 知 有 內 傷 之 故 乎 凡 人 內 無 他 症 胎 元 堅 固 即 或 撲 閃 挫 依 然 無 恙 惟 內 之 氣 血 
 </text></document>