<?xml version="1.0" encoding="UTF-8" standalone="yes" ?>
<document>
<header>
<doctitle>
 傅青主女科 
</doctitle>
<volume>
 女科下卷 
 </volume>
<author>
 傅山(青主) 
</author>
<date>
 同治八年, 1869 
</date>
<currentpage>
 text 29b 
 </currentpage>
<first>
 Fu Title Page.xml
</first>
<last>
 Fu Text(5) 19b.xml
</last>
<prev>
 Fu Text(2) 29a.xml 
</prev>
<next>
 Fu Text(2) 30a.xml 
</next>
<image>
 Fu Text(2) 29b.jpg 
</image>
</header><text>
<marginalia> 
 <sf> 隨 之 而 以 此 至 危 之 證 十 常 不 救 者 八 九 &lt;x> [ 惟 ] &lt;x> [ 用 ] &lt;x> [ <cf> &#29420; </cf> ] 參 湯 尚 可 救 活 一 二 遼 人 參 去 蘆 五 錢 打 碎 急 煎 遲 則 氣 脫 不 反 待 矣 煎 成 徐 徐 灌 之 待 氣 &lt;x> [ 回 ] 再 煎 一 服 灌 之 其 餘 治 法 參 看 血 崩 門 但 產 後 不 可 用 抗 苟 炭 以 及 諸 涼 葉 然 此 證 皆 </sf> 
 </marginalia> 
 然 於 不 可 活 之 中 而 思 一 急 救 之 法 舍 大 補 其 氣 與 血 別 無 良 法 也 方 用 救 敗 求 生 湯 
 <formula> 
 人 參 <sf> 二 兩 </sf> 當 歸 <sf> 二 兩 酒 洗 </sf> 白 朮 <sf> 二 兩 十 炒 </sf> 九 蒸 熟 地 <sf> 一 兩 </sf> 山 黃 <sf> 五 錢 蒸 </sf> 山 藥 <sf> 五 錢 炒 </sf> 棗 仁 <sf> 五 錢 生 用 </sf> 附 子 <sf> 一 分 或 一 錢 自 製 </sf> 
 </formula> 
 水 煎 服 一 劑 而 神 定 二 劑 而 暈 止 三 劑 而 血 亦 止 矣 倘 一 服 見 效 連 服 三 四 劑 減 去 一 半 再 服 十 劑 可 慶 更 生 此 方 補 氣 以 &lt;x> [ 回 ] 元 陽 於 無 何 有 之 鄉 陽 &lt;x> [ 回 ] 而 氣 &lt;x> [ 回 ] 自 可 攝 血 以 歸 神 生 精 而 命 矣 
 產 後 手 傷 胞 胎 淋 漓 不 止 <sf> 七 十 二 </sf> 
 婦 人 有 生 產 之 時 被 穩 婆 手 入 產 門 損 傷 胞 胎 因 而 淋 漓 不 止 欲 少 忍 須 臾 而 不 能 人 謂 胞 破 不 能 再 補 也 孰 知 不 然 夫 破 傷 皮 膚 尚 可 完 補 豈 破 在 腹 內 者 獨 不 可 
 </text></document>