<?xml version="1.0" encoding="UTF-8" standalone="yes" ?>
<document>
<header>
<doctitle>
 傅青主女科 
</doctitle>
<volume>
 女科上卷 
 </volume>
<author>
 傅山(青主) 
</author>
<date>
 同治八年, 1869 
</date>
<currentpage>
 text 3b 
 </currentpage>
<first>
 Fu Title Page.xml
</first>
<last>
 Fu Text(5) 19b.xml
</last>
<prev>
 Fu Text(1) 3a.xml 
</prev>
<next>
 Fu Text(1) 4a.xml 
</next>
<image>
 Fu Text(1) 3b.jpg 
</image>
</header><text>
化 紅 而 不 能 欲 返 黑 而 不 得 煎 熬 成 汁 因 變 為 黃 色 矣 此 乃 不 從 水 火 之 化 而 從 濕 化 也 所 以 世 之 人 有 以 黃 帶 為 脾 之 濕 熱 單 去 治 脾 而 不 得 痊 者 是 不 知 真 水 真 火 合 成 丹 邪 元 邪 繞 於 任 脈 胞 胎 之 間 而 化 此 &lt;x> 色 也 單 治 脾 何 能 痊 乎 法 宜 補 任 脈 之 虛 而 清 腎 火 之 炎 則 庶 幾 矣 方 用 易 黃 湯 
 <formula> 
 山 藥 <sf> 一 兩 炒 </sf>   芡 實 <sf> 一 兩 炒 </sf>   黃 柏 <sf> 二 兩 鹽 水 炒 </sf>   車 前 子 <sf> 一 錢 酒 炒 </sf>   白 果 <sf> 十 枚 碎 </sf> 
 </formula> 
 水 煎 連 服 四 劑 無 不 全 愈 此 不 特 治 黃 帶 方 也 凡 有 帶 病 者 均 可 治 之 而 治 帶 之 黃 者 功 更 奇 也 蓋 山 藥 芡 實 專 補 任 脈 之 虛 又 能 利 水 加 白 果 引 入 任 脈 之 中 更 為 便 捷 所 以 奏 功 之 速 也 至 於 用 黃 相 清 腎 中 
 <marginalia> 
 <sf>   不 但 侵 矣 所 以 色 變 原 書 原 無 語 病 
 凡 帶 症 多 係 脾 濕 初 病 無 熱 但 補 脾 土 兼 理 衝 任 之 氣 其 病 自 愈 若 濕 九 生 熱 必 得 清 腎 火 而 濕 始 有 去 路 方 用 黃 柏 車 前 子 妙 
 山 藥 芡 寔 尤 能 清 熱 生 津 </sf> 
 </marginalia> 
 </text></document>