<?xml version="1.0" encoding="UTF-8" standalone="yes" ?>
<document>
<header>
<doctitle>
 傅青主女科 
</doctitle>
<volume>
 女科下卷 
 </volume>
<author>
 傅山(青主) 
</author>
<date>
 同治八年, 1869 
</date>
<currentpage>
 text 19a 
 </currentpage>
<first>
 Fu Title Page.xml
</first>
<last>
 Fu Text(5) 19b.xml
</last>
<prev>
 Fu Text(2) 18b.xml 
</prev>
<next>
 Fu Text(2) 19b.xml 
</next>
<image>
 Fu Text(2) 19a.jpg 
</image>
</header><text>
<marginalia> 
 <sf> 方 妙 不 可 加 減 </sf></marginalia>
<formula> 
 人 參 <sf> 一 兩 </sf> 當 歸 <sf> 二 兩 酒 洗 </sf> 川 芎 <sf> 一 兩 </sf> 母 草 <sf> 一 兩 </sf> 赤 石 脂 <sf> 一 錢 </sf> 芥 穗 <sf> 三 錢 炒 黑 </sf> 
 </formula> 
 水 煎 服 一 劑 而 死 子 下 矣 此 方 用 芎 歸 以 補 血 人 參 以 補 氣 氣 旺 血 旺 則 上 能 升 而 下 能 降 氣 能 推 而 血 能 送 況 益 母 又 善 下 死 胎 石 脂 能 下 瘀 血 然 一 湧 而 出 無 少 阻 滯 矣 
 子 死 腹 中 難 產 <sf> 六 十 一 </sf> 
 婦 人 有 生 產 六 七 日 胞 衣 已 破 而 子 不 見 下 人 以 為 難 產 之 故 也 誰 知 是 子 已 死 於 腹 中 乎 夫 兒 死 於 兒 門 之 邊 易 辨 而 死 於 腹 中 難 識 蓋 兒 已 到 產 門 之 邊 未 死 者 頭 必 能 伸 能 縮 已 死 者 必 然 不 動 即 以 手 推 之 亦 必 不 動 如 故 若 係 未 死 用 手 少 拔 其 兒 之 髮 兒 必 退 入 故 曰 
 </text></document>