<?xml version="1.0" encoding="UTF-8" standalone="yes" ?>
<document>
<header>
<doctitle>
 傅青主女科 
</doctitle>
<volume>
 女科下卷 
 </volume>
<author>
 傅山(青主) 
</author>
<date>
 同治八年, 1869 
</date>
<currentpage>
 text 28a 
 </currentpage>
<first>
 Fu Title Page.xml
</first>
<last>
 Fu Text(5) 19b.xml
</last>
<prev>
 Fu Text(2) 27b.xml 
</prev>
<next>
 Fu Text(2) 28b.xml 
</next>
<image>
 Fu Text(2) 28a.jpg 
</image>
</header><text>
<marginalia> 
 <sf> 宜 連 服 數 劑 不 可 只 服 一 劑 </sf> 
 </marginalia> 
 由 內 生 也 發 熱 者 熱 由 內 弱 也 身 顫 者 顫 由 氣 虛 也 治 氣 內 寒 而 外 寒 自 散 治 其 內 弱 而 外 熱 自 解 壯 其 元 陽 而 身 顫 自 除 方 用 十 全 大 補 湯 
 <formula> 
 人 參 <sf> 三 錢 </sf> 白 <cf> 術 </cf> <sf> 三 錢 十 炒 </sf> 茯 苓 <sf> 三 錢 去 皮 </sf> 甘 草 <sf> 一 錢 灸 </sf> 川 芎 <sf> 一 錢 酒 洗 </sf> 當 歸 <sf> 三 錢 酒 洗 </sf> 熟 地 <sf> 五 錢 九 蒸 </sf> 白 芍 <sf> 二 錢 酒 炒 </sf> 黃 &lt;x> <sf> 一 兩 生 用 </sf> 肉 桂 <sf> 一 錢 去 粗 研 </sf> 
 </formula> 
 水 煎 服 一 劑 而 諸 病 悉 愈 此 方 但 補 氣 與 血 之 虛 而 不 去 散 風 與 邪 之 實 正 以 正 足 而 邪 自 除 也 況 原 無 邪 氣 乎 所 以 奏 功 之 捷 也 
 產 後 惡 心 嘔 吐 <sf> 七 十 </sf> 
 婦 人 產 後 惡 心 欲 嘔 時 而 作 吐 人 皆 曰 胃 氣 之 寒 也 誰 知 是 腎 氣 之 寒 乎 胃 為 腎 之 關 胃 之 氣 寒 則 胃 氣 不 
 </text></document>