<?xml version="1.0" encoding="UTF-8" standalone="yes" ?>
<document>
<header>
<doctitle>
 傅青主女科 
</doctitle>
<volume>
 產後編上卷 
 </volume>
<author>
 傅山(青主) 
</author>
<date>
 同治八年, 1869 
</date>
<currentpage>
 text 1a 
 </currentpage>
<first>
 Fu Title Page.xml
</first>
<last>
 Fu Text(5) 19b.xml
</last>
<prev>
 Fu Text(4) Table of Contents 1b.xml 
</prev>
<next>
 Fu Text(4) 1b.xml 
</next>
<image>
 Fu Text(4) 1a.jpg 
</image>
</header><text>
產 後 編 上 <sf> 共 四 十 三 症 </sf> 
 陽 曲 傳         山 青 主 手 著 
 產 後 總 論 
 凡 病 起 於 血 氣 之 衰 脾 胃 之 虛 而 產 後 尤 甚 是 以 丹 溪 先 生 論 產 後 必 大 補 氣 血 為 先 雖 有 他 症 以 未 治 之 斯 言 盡 治 產 之 大 旨 若 能 擴 充 立 方 則 治 產 可 無 過 矣 夫 產 後 憂 驚 勞 倦 氣 血 暴 虛 諸 症 乘 虛 易 入 如 有 氣 毋 專 耗 散 有 食 毋 專 消 導 熱 不 可 用 苓 連 寒 不 可 用 桂 附 寒 則 血 塊 停 滯 熱 則 新 血 崩 流 至 若 中 虛 外 感 見 三 陽 表 症 之 多 似 可 汗 也 在 產 後 而 用 麻 黃 則 重 竭 其 陽 見 三 陰 裏 症 之 多 似 可 下 也 在 產 後 而 用 承 氣 則 重 亡 陰 血 耳 聾 脅 痛 乃 腎 虛 惡 露 之 停 休 用 柴 胡 譫 語 出 汗 乃 元 
 </text></document>