<?xml version="1.0" encoding="UTF-8" standalone="yes" ?>
<document>
<header>
<doctitle>
 傅青主女科 
</doctitle>
<volume>
 瘟疫簡易奇方 
 </volume>
<author>
 傅山(青主) 
</author>
<date>
 同治八年, 1869 
</date>
<currentpage>
 text 2a 
 </currentpage>
<first>
 Fu Title Page.xml
</first>
<last>
 Fu Text(5) 19b.xml
</last>
<prev>
 Fu Text(3) 1b.xml 
</prev>
<next>
 Fu Text(3) 2b.xml 
</next>
<image>
 Fu Text(3) 2a.jpg 
</image>
</header><text>
次 早 天 大 亮 時 總 合 六 個 時 辰 必 汗 出 即 愈 如 不 愈 次 日 臨 臥 再 照 方 溫 服 一 帖 無 不 愈 者 真 令 人 不 能 思 議 之 奇 方 也 萬 勿 以 平 淡 而 忽 之 
 右 方 嘉 慶 七 年 京 師 瘟 疫 流 行 家 家 染 患 此 症 死 傷 甚 多 此 時 王 相 國 名 杰 遇 後 半 月 後 半 夜 赴       園 值 日 明 月 當 天 照 如 白 晝 行 至 德 勝 門 外 大 道 中 問 忽 須 小 解 纔 下 轎 即 有 老 人 向 前 云 現 在 瘟 疫 盛 行 業 經 傷 人 不 少 汝 乃 當 朝 宰 相 有 調 和 燮 埋 之 責 因 何 值 此 袖 手 旁 觀 王 端 揆 即 答 云 豈 奈 我 &lt;x> 不 通 醫 何 老 人 云 我 也 不 深 怪 汝 我 現 有 治 瘟 之 方 汝 能 照 方 行 之 即 汝 功 也 節 相 接 過 看 時 月 光 之 下 好 像 容 易 辨 認 不 料 不 能 爽 目 抬 頭 欲 問 時 此 老 人 已 渺 無 路 
 </text></document>