<?xml version="1.0" encoding="UTF-8" standalone="yes" ?>
<document>
<header>
<doctitle>
 傅青主女科 
</doctitle>
<volume>
 女科下卷 
 </volume>
<author>
 傅山(青主) 
</author>
<date>
 同治八年, 1869 
</date>
<currentpage>
 text 30a 
 </currentpage>
<first>
 Fu Title Page.xml
</first>
<last>
 Fu Text(5) 19b.xml
</last>
<prev>
 Fu Text(2) 29b.xml 
</prev>
<next>
 Fu Text(2) 30b.xml 
</next>
<image>
 Fu Text(2) 30a.jpg 
</image>
</header><text>
<marginalia> 
 <sf> 係 臨 產 一 二 日 前 入 房 久 戰 所 致 戒 之 </sf> 
 </marginalia> 
 治 療 或 謂 破 在 外 可 用 藥 外 治 以 生 皮 膚 破 在 內 雖 有 靈 膏 無 可 救 補 然 破 之 在 內 者 外 治 雖 無 可 施 力 安 必 內 治 不 可 奏 功 乎 試 思 瘡 傷 之 毒 大 有 缺 陷 尚 可 服 藥 以 生 肌 肉 此 不 過 收 生 不 謹 小 有 所 損 並 無 惡 毒 何 難 補 其 缺 陷 也 方 用 完 胞 飲 
 <formula> 
 人 參 <sf> 一 兩 白 朮 十 兩 土 炒 </sf> 茯 苓 <sf> 三 錢 去 皮 </sf> 生 黃 &lt;x> <sf> 五 錢 </sf> 當 歸 <sf> 一 兩 酒 炒 </sf> 川 芎 <sf> 五 錢 </sf> 桃 仁 <sf> 十 粒 泡 炒 研 </sf> 紅 花 <sf> 一 錢 </sf> 益 母 草 <sf> 三 錢 </sf> 曰 艿 未 <sf> 一 錢 </sf> 
 </formula> 
 用 豬 羊 胞 一 個 先 煎 湯 後 煎 藥 飢 服 十 劑 全 愈 夫 胞 損 宜 用 補 胞 之 藥 何 以 反 用 補 氣 血 之 藥 也 蓋 生 產 本 不 可 手 探 試 而 穩 婆 竟 以 手 探 胞 胎 以 致 傷 損 則 難 產 必 矣 難 產 者 因 氣 血 之 虛 也 產 後 大 傷 氣 血 是 
 </text></document>