<?xml version="1.0" encoding="UTF-8" standalone="yes" ?>
<document>
<header>
<doctitle>
 傅青主女科 
</doctitle>
<volume>
 女科下卷 
 </volume>
<author>
 傅山(青主) 
</author>
<date>
 同治八年, 1869 
</date>
<currentpage>
 text 4b 
 </currentpage>
<first>
 Fu Title Page.xml
</first>
<last>
 Fu Text(5) 19b.xml
</last>
<prev>
 Fu Text(2) 4a.xml 
</prev>
<next>
 Fu Text(2) 5a.xml 
</next>
<image>
 Fu Text(2) 4b.jpg 
</image>
</header><text>
不 再 動 矣 此 方 專 填 腎 中 之 精 而 兼 補 肺 然 補 肺 仍 是 補 腎 之 意 故 腎 經 不 乾 燥 則 火 不 能 灼 胎 焉 有 不 安 之 理 乎 
 妊 娠 吐 瀉 腹 疼 <sf> 四 十 三 </sf> 
 妊 婦 上 吐 下 瀉 胎 動 欲 墮 腹 疼 難 忍 急 不 可 緩 此 脾 胃 虛 極 而 然 也 夫 脾 胃 之 氣 虛 則 胞 胎 無 力 必 有 崩 墜 之 虞 況 又 上 吐 下 瀉 則 脾 與 胃 之 氣 因 吐 瀉 而 愈 虛 欲 胞 胎 之 無 恙 也 得 乎 然 胞 胎 疼 痛 而 究 不 至 下 墜 者 何 也 全 賴 腎 氣 之 固 也 胞 胎 繫 於 腎 而 連 於 心 腎 氣 固 則 交 於 心 其 氣 通 於 胞 胎 此 胞 胎 之 所 以 欲 墜 而 不 得 也 且 腎 氣 能 固 則 陰 火 必 來 生 脾 心 氣 能 通 則 心 火 必 來 援 胃 脾 胃 雖 虛 而 未 絕 則 胞 胎 雖 動 而 不 墮 可 不 急 救 其 
 </text></document>