<?xml version="1.0" encoding="UTF-8" standalone="yes" ?>
<document>
<header>
<doctitle>
 傅青主女科 
</doctitle>
<volume>
 產後編下卷
 </volume>
<author>
 傅山(青主) 
</author>
<date>
 同治八年, 1869 
</date>
<currentpage>
 text 4a 
 </currentpage>
<first>
 Fu Title Page.xml
</first>
<last>
 Fu Text(5) 19b.xml
</last>
<prev>
 Fu Text(5) 3b.xml 
</prev>
<next>
 Fu Text(5) 4b.xml 
</next>
<image>
 Fu Text(5) 4a.jpg 
</image>
</header><text>
&lt;x> [ 麴 ] 麥 芽 消 飯 &lt;x> [ 麵 ] 砂 仁 山 查 消 肉 食 產 後 瀉 痢 日 久 胃 氣 虛 弱 完 穀 不 化 宜 溫 助 胃 氣 六 君 子 湯 加 木 香 四 分 肉 果 一 個 <sf> 製 </sf> 
 痢 <sf> 第 二 十 三 </sf> 
 產 後 七 日 內 外 患 赤 白 痢 裹 急 後 重 頻 併 最 為 難 治 欲 調 氣 行 血 而 推 蕩 痢 邪 猶 患 產 後 元 氣 虛 弱 欲 滋 榮 益 氣 而 大 補 虛 弱 又 助 痢 之 邪 唯 生 化 湯 減 乾 薑 而 代 以 木 香 茯 苓 則 善 消 惡 露 而 兼 治 痢 疾 並 行 而 不 相 悖 也 再 服 香 連 九 以 俟 一 二 日 後 病 勢 如 減 可 保 無 虞 若 產 七 日 外 有 患 褐 花 色 後 重 頻 併 虛 痢 即 當 加 補 無 疑 若 產 婦 稟 厚 產 期 已 經 二 十 餘 日 宜 服 生 化 湯 加 連 苓 厚 樸 芍 藥 行 積 之 劑 
 <marginalia> <sf>
 本 作 十 數 目 </sf>
 </marginalia> 
 </text></document>