<?xml version="1.0" encoding="UTF-8" standalone="yes" ?>
<document>
<header>
<doctitle>
 傅青主女科 
</doctitle>
<volume>
產後編上卷
 </volume>
<author>
 傅山(青主) 
</author>
<date>
 同治八年, 1869 
</date>
<currentpage>
 text 12a 
 </currentpage>
<first>
 Fu Title Page.xml
</first>
<last>
 Fu Text(5) 19b.xml
</last>
<prev>
 Fu Text(4) 11b.xml 
</prev>
<next>
 Fu Text(4) 12b.xml 
</next>
<image>
 Fu Text(4) 12a.jpg 
</image>
</header><text>
<formula> 
 人 參 <sf> 三 錢 </sf> 黃 &lt;x> <sf> 一 錢 密 炙 </sf> 白 朮 <sf> 一 錢 土 炒 </sf> 當 歸 <sf> 三 錢 </sf> 炙 草 <sf> 四 分 </sf> 陳 皮 <sf> 四 分 </sf> 五 味 <sf> 十 粒 </sf> 川 芎 <sf> 一 錢 </sf> 熟 地 <sf> 一 錢 </sf> 麥 芽 <sf> 一 錢 </sf> 棗 一 枚</formula>
 水 煎 服 
 手 足 冷 加 附 子 五 分 汗 多 加 麻 黃 根 一 錢 熟 棗 仁 一 錢 妄 言 妄 見 加 益 智 柏 子 仁 龍 眼 肉 大 便 實 加 肉 蓯 蓉 二 錢 大 抵 產 後 暈 厥 二 症 相 類 但 暈 在 臨 盆 症 急 甚 於 厥 宜 頻 服 生 化 湯 幾 帖 塊 化 血 旺 神 清 暈 止 若 多 氣 促 形 脫 等 症 必 加 參 &lt;x> 厥 在 分 娩 之 後 宜 倍 參 生 化 湯 止 厥 以 復 神 並 補 氣 血 也 非 如 上 偏 補 氣 血 而 可 愈 也 要 知 暈 有 塊 痛 &lt;x> 朮 不 可 加 厥 症 若 無 塊 痛 &lt;x> 朮 地 黃 並 用 無 疑 也 
 血 崩 <sf> 第 四 </sf> 
 </text></document>