<?xml version="1.0" encoding="UTF-8" standalone="yes" ?>
<document>
<header>
<doctitle>
 傅青主女科 
</doctitle>
<volume>
產後編上卷
 </volume>
<author>
 傅山(青主) 
</author>
<date>
 同治八年, 1869 
</date>
<currentpage>
 text 17a 
 </currentpage>
<first>
 Fu Title Page.xml
</first>
<last>
 Fu Text(5) 19b.xml
</last>
<prev>
 Fu Text(4) 16b.xml 
</prev>
<next>
 Fu Text(4) 17b.xml 
</next>
<image>
 Fu Text(4) 17a.jpg 
</image>
</header><text>
<marginalia> 
 <sf> 陳 皮 一 作 三 分 又 有 炙 草 四 分 存 參 </sf> 
 </marginalia>
<formula> 
 川 芎 <sf> 二 錢 </sf> 當 歸 <sf> 六 錢 </sf> 陳 皮 <sf> 三 分 </sf> 黑 薑 <sf> 四 分 </sf> 
 </formula> 
 服 時 磨 木 香 二 分 在 內 此 方 減 桃 仁 用 木 香 陳 皮 前 有 減 乾 薑 者 詳 之 
 健 脾 化 食 散 氣 湯 <sf> 治 受 氣 傷 食 無 塊 痛 者 </sf> 
 <formula> 
 白 朮 <sf> 二 錢 </sf> 當 歸 <sf> 二 錢 </sf> 川 芎 <sf> 一 錢 </sf> 黑 薑 <sf> 四 分 </sf> 人 參 <sf> 二 錢 </sf> 陳 皮 <sf> 三 錢 </sf> 
 </formula> 
 審 傷 何 物 加 法 如 前 大 抵 產 後 忿 怒 氣 逆 及 停 食 二 症 善 治 者 重 產 而 輕 怒 氣 消 食 必 以 補 氣 血 為 先 佐 以 調 肝 順 氣 則 怒 鬱 散 而 元 不 損 佐 以 健 脾 消 導 則 停 食 行 而 思 穀 矣 若 耑 理 氣 消 食 非 徒 無 益 而 又 害 之 
 類 瘧 <sf> 第 九 </sf> 
 </text></document>