<?xml version="1.0" encoding="UTF-8" standalone="yes" ?>
<document>
<header>
<doctitle>
 傅青主女科 
</doctitle>
<volume>
 女科下卷 
 </volume>
<author>
 傅山(青主) 
</author>
<date>
 同治八年, 1869 
</date>
<currentpage>
 text 13b 
 </currentpage>
<first>
 Fu Title Page.xml
</first>
<last>
 Fu Text(5) 19b.xml
</last>
<prev>
 Fu Text(2) 13a.xml 
</prev>
<next>
 Fu Text(2) 14a.xml 
</next>
<image>
 Fu Text(2) 13b.jpg 
</image>
</header><text>
妊 婦 有 畏 寒 腹 疼 因 而 墮 胎 者 人 只 知 下 部 太 寒 也 誰 知 是 氣 虛 不 能 攝 胎 乎 夫 人 生 於 火 亦 養 於 火 非 氣 不 充 氣 旺 則 火 旺 氣 衰 則 火 衰 人 之 所 以 坐 胎 者 受 父 母 先 天 之 真 火 也 先 天 之 真 火 即 先 天 之 真 氣 以 成 之 故 胎 成 於 氣 亦 攝 於 氣 氣 旺 則 胎 牢 氣 衰 則 胎 墮 胎 曰 加 長 而 氣 曰 加 衰 安 得 不 墮 或 況 又 遇 寒 氣 外 侵 則 內 之 火 氣 更 微 火 氣 微 則 長 養 無 資 此 胎 之 不 能 不 墮 也 使 當 其 腹 疼 之 時 即 用 人 參 乾 薑 之 類 補 氣 袪 寒 則 可 以 疼 止 而 胎 安 無 如 人 拘 於 妊 娠 之 藥 禁 而 不 敢 用 因 致 墮 胎 而 僅 存 幾 微 之 氣 不 急 救 氣 尚 有 何 法 方 用 黃 &lt;x> 補 氣 湯 
 <formula> 
 黃 &lt;x> <sf> 二 兩 生 用 </sf> 當 歸 <sf> 一 兩 酒 洗 </sf> 肉 桂 <sf> 五 分 去 粗 皮 研 </sf> 
 </formula> 
 </text></document>