<?xml version="1.0" encoding="UTF-8" standalone="yes" ?>
<document>
<header>
<doctitle>
 傅青主女科 
</doctitle>
<volume>
 產後編下卷
 </volume>
<author>
 傅山(青主) 
</author>
<date>
 同治八年, 1869 
</date>
<currentpage>
 text 17b 
 </currentpage>
<first>
 Fu Title Page.xml
</first>
<last>
 Fu Text(5) 19b.xml
</last>
<prev>
 Fu Text(5) 17a.xml 
</prev>
<next>
 Fu Text(5) 18a.xml 
</next>
<image>
 Fu Text(5) 17b.jpg 
</image>
</header><text>
又 有 乳 吹 乃 小 兒 飲 乳 口 氣 所 吹 乳 汁 不 通 壅 結 作 痛 不 急 治 則 成 癰 宜 速 服 瓜 蔞 散 更 以 手 揉 散 之 
 風 甚 <sf> 第 四 十 二 </sf> 
 用 山 羊 血 取 色 新 者 於 新 瓦 上 焙 乾 研 末 老 酒 沖 下 五 六 分 為 度 重 者 用 至 八 分 其 效 如 神 
 又 用 抱 不 出 殼 雞 子 瓦 上 焙 乾 酒 調 服 
 如 治 虛 寒 危 症 用 藍 鬚 子 根 刮 皮 新 瓦 上 焙 乾 研 末 溫 服 一 錢 為 度 雖 危 可 保 萬 全 
 不 語 <sf> 第 四 十 三 </sf> 
 乃 惡 血 停 蓄 於 心 故 心 氣 閉 塞 舌 強 不 語 用 七 珍 散 
 <formula> 
 人 參       石 菖 蒲       川 芎       生 地 <sf> 各 一 兩 </sf> 辰 砂 <sf> 五 分 研 </sf> 防 風 <sf> 五 錢 </sf> 細 辛 <sf> 一 錢 </sf> 
 </formula> 
 </text></document>