<?xml version="1.0" encoding="UTF-8" standalone="yes" ?>
<document>
<header>
<doctitle>
 傅青主女科 
</doctitle>
<volume>
 女科下卷 
 </volume>
<author>
 傅山(青主) 
</author>
<date>
 同治八年, 1869 
</date>
<currentpage>
 text 22a 
 </currentpage>
<first>
 Fu Title Page.xml
</first>
<last>
 Fu Text(5) 19b.xml
</last>
<prev>
 Fu Text(2) 21b.xml 
</prev>
<next>
 Fu Text(2) 22b.xml 
</next>
<image>
 Fu Text(2) 22a.jpg 
</image>
</header><text>
氣 而 盡 降 正 不 必 再 用 推 送 之 法 也 況 又 加 萊 菔 子 數 分 能 理 濁 氣 不 至 兩 相 扞 格 所 以 秦 功 之 奇 也 
 正 產 氣 虛 血 暈 <sf> 六 十 三 </sf> 
 婦 人 甫 產 兒 後 忽 然 眼 目 昏 花 嘔 惡 欲 吐 中 心 無 主 或 神 魂 外 越 恍 若 天 上 行 雲 人 以 為 惡 血 沖 心 之 患 也 誰 知 是 氣 虛 欲 脫 而 然 乎 蓋 新 產 之 婦 血 必 盡 傾 血 室 空 虛 止 存 幾 微 之 氣 倘 其 人 陽 氣 素 虛 不 能 生 血 心 中 之 血 前 已 蔭 胎 胎 墮 而 心 中 之 血 亦 隨 胎 而 俱 墮 心 無 血 養 所 賴 者 幾 微 之 氣 以 固 之 耳 今 氣 又 虛 而 欲 脫 而 君 心 無 護 所 剩 殘 血 欲 奔 &lt;x> [ 回 ] 救 主 而 血 非 正 血 不 能 歸 經 內 庭 變 亂 而 成 血 暈 之 症 矣 治 法 必 須 大 補 氣 血 斷 不 可 單 治 血 暈 也 或 疑 血 暈 是 熱 血 上 沖 而 更 補 其 血 不 
 </text></document>