<?xml version="1.0" encoding="UTF-8" standalone="yes" ?>
<document>
<header>
<doctitle>
 傅青主女科 
</doctitle>
<volume>
 產後編下卷
 </volume>
<author>
 傅山(青主) 
</author>
<date>
 同治八年, 1869 
</date>
<currentpage>
 text 1b 
 </currentpage>
<first>
 Fu Title Page.xml
</first>
<last>
 Fu Text(5) 19b.xml
</last>
<prev>
 Fu Text(5) 1a.xml 
</prev>
<next>
 Fu Text(5) 2a.xml 
</next>
<image>
 Fu Text(5) 1b.jpg 
</image>
</header><text>
<marginalia> 
 <sf> 一 本 小 註 藏 症 由 內 虛 方 用 石 膏 一 兩 無 此 治 法 不 可 拘 執 陳 方 以 致 誤 人 
 一 本 石 膏 作 一 錢 無 滑 石 
 一 作 各 等 分 </sf> 
 </marginalia>
<formula> 
 石 膏 <sf> 一 兩 </sf> 白 茅 根 <sf> 一 兩 </sf> 瞿 麥       白 茯 苓 <sf> 各 五 錢 </sf> 葵 子     人 參       桃 膠       滑 石 <sf> 各 一 錢 </sf> 石 首 魚 頭 <sf> 四 個 </sf> 
 </formula> 
 燈 心 水 煎 入 齒 末 空 心 服 
 又 方 <sf> 治 產 後 小 便 痛 淋 血 </sf>
<formula> 
 白 茅 根       瞿 麥       葵 子       車 前 子       通 草 <sf> 以 上 俱 無 分 量 </sf> 鯉 魚 齒 <sf> 百 個 </sf> 水 煎 服 亦 齒 末 </formula>
按 齒 末 疑 均 是 鯉 魚 齒 
 便 數 <sf> 第 二 十 </sf> 
 由 脬 內 素 有 冷 氣 因 產 發 動 冷 氣 入 脬 故 也 用 赤 石 脂 二 兩 為 末 空 心 服 
 又 方 治 小 便 數 及 遺 尿 用 益 智 仁 二 十 八 枚 為 末 米 飲 送 下 二 錢 
 </text></document>