<?xml version="1.0" encoding="UTF-8" standalone="yes" ?>
<document>
<header>
<doctitle>
 傅青主女科 
</doctitle>
<volume>
 女科上卷 
 </volume>
<author>
 傅山(青主) 
</author>
<date>
 同治八年, 1869 
</date>
<currentpage>
 text 25b 
 </currentpage>
<first>
 Fu Title Page.xml
</first>
<last>
 Fu Text(5) 19b.xml
</last>
<prev>
 Fu Text(1) 25a.xml 
</prev>
<next>
 Fu Text(1) 26a.xml 
</next>
<image>
 Fu Text(1) 25b.jpg 
</image>
</header><text>
涵 於 腎 交 感 乃 洩 腎 之 精 與 血 虛 何 與 殊 不 知 肝 氣 不 開 則 精 不 能 洩 腎 精 既 洩 則 肝 氣 亦 不 能 舒 以 腎 為 肝 之 母 既 洩 精 不 能 分 潤 以 養 其 子 則 木 燥 乏 水 而 火 且 暗 動 以 鑠 精 則 腎 愈 虛 矣 況 瘦 人 多 火 而 又 洩 其 精 則 水 益 少 而 火 益 熾 水 雖 制 火 而 腎 精 空 乏 無 力 以 濟 成 火 在 水 上 之 卦 所 以 倦 怠 而 臥 也 此 等 之 婦 偏 易 動 火 然 此 火 因 貪 慾 而 出 於 肝 木 之 中 又 是 虛 燥 之 火 絕 非 真 火 也 且 不 交 合 則 已 交 合 又 偏 易 走 洩 此 陰 虛 火 旺 不 能 受 孕 即 偶 爾 受 孕 必 致 逼 乾 男 子 之 精 隨 種 而 隨 消 者 有 之 治 法 必 須 大 補 腎 水 而 平 肝 木 水 旺 則 血 旺 血 旺 則 火 消 便 成 水 在 火 上 之 卦 方 用 養 精 種 玉 湯 
 <formula> 
 大 熟 地 <sf> 一 兩 九 蒸 </sf> 當 歸 <sf> 五 錢 酒 洗 </sf> 白 芍 <sf> 五 錢 酒 炒 </sf> 山 萸 肉 <sf> 五 錢 蒸 熟 </sf> 
 </formula> 
 </text></document>