<?xml version="1.0" encoding="UTF-8" standalone="yes" ?>
<document>
<header>
<doctitle>
 傅青主女科 
</doctitle>
<volume>
產後編上卷
 </volume>
<author>
 傅山(青主) 
</author>
<date>
 同治八年, 1869 
</date>
<currentpage>
 text 10a 
 </currentpage>
<first>
 Fu Title Page.xml
</first>
<last>
 Fu Text(5) 19b.xml
</last>
<prev>
 Fu Text(4) 9b.xml 
</prev>
<next>
 Fu Text(4) 10b.xml 
</next>
<image>
 Fu Text(4) 10a.jpg 
</image>
</header><text>
如 暈 厥 牙 關 緊 閉 速 煎 生 化 湯 挖 開 口 將 鵝 毛 探 &lt;x> 酒 盞 盛 而 灌 之 如 灌 下 腹 中 漸 熅 煖 不 可 拘 帖 數 外 用 熱 手 在 單 衣 上 從 心 揉 按 至 腹 常 熱 火 煖 之 一 兩 時 服 生 化 湯 四 帖 完 郎 神 清 始 少 煖 藥 方 進 粥 服 之 十 服 而 安 故 犯 此 者 連 灌 藥 火 煖 不 可 棄 而 不 救 若 在 冬 月 婦 人 身 欠 煖 亦 有 大 害 臨 產 時 必 預 煎 生 化 湯 預 燒 <cf> &#31216; </cf> 鍾 硬 石 子 候 兒 下 地 連 服 二 三 帖 又 產 婦 枕 邊 行 醋 韭 投 醋 瓶 之 法 決 無 暈 症 又 兒 生 時 合 家 不 可 喜 子 而 慢 母 產 母 不 可 顧 子 忘 倦 又 不 可 產 訖 郎 臥 或 忿 怒 逆 氣 皆 致 血 暈 慎 之 慎 之 
 加 味 生 化 湯 <sf> 治 產 後 三 等 血 暈 症 </sf>
<formula> 
 川 芎 <sf> 三 錢 </sf> 當 歸 <sf> 六 錢 </sf> 黑 薑 <sf> 四 分 </sf> 桃 仁 <sf> 十 粒 </sf> 
 </formula> 
 </text></document>