<?xml version="1.0" encoding="UTF-8" standalone="yes" ?>
<document>
<header>
<doctitle>
 傅青主女科 
</doctitle>
<volume>
 瘟疫簡易奇方 
 </volume>
<author>
 傅山(青主) 
</author>
<date>
 同治八年, 1869 
</date>
<currentpage>
 text 2b 
 </currentpage>
<first>
 Fu Title Page.xml
</first>
<last>
 Fu Text(5) 19b.xml
</last>
<prev>
 Fu Text(3) 2a.xml 
</prev>
<next>
 Fu Text(4) Table of Contents 1a.xml
</next>
<image>
 Fu Text(3) 2b.jpg 
</image>
</header><text>
跡 矣 心 知 有 異 公 畢 回 家 看 係 右 開 金 銀 花 等 五 味 用 蜜 和 丸 每 重 三 錢 即 率 家 丁 如 法 修 合 施 送 纔 三 五 日 間 求 醫 者 日 已 盈 干 不 止 因 施 製 不 及 遂 將 此 方 傳 出 令 人 煎 水 藥 溫 服 奇 在 竟 無 不 效 者 至 今 已 四 十 餘 年 每 遇 瘟 疫 傷 寒 風 症 等 症 服 之 無 不 立 見 其 功 今 年 京 師 春 瘟 又 將 甚 盛 但 服 此 方 亦 無 不 活 者         此 係 千 石 橋 西 斜 街 高 宅 刊 送 者 茲 特 重 刊 以 廣 其 傳 云 
 同 治 七 年 七 月 吉 日 刊 
 </text></document>