<?xml version="1.0" encoding="UTF-8" standalone="yes" ?>
<document>
<header>
<doctitle>
 傅青主女科 
</doctitle>
<volume>
 女科上卷 
 </volume>
<author>
 傅山(青主) 
</author>
<date>
 同治八年, 1869 
</date>
<currentpage>
 text 13a 
 </currentpage>
<first>
 Fu Title Page.xml
</first>
<last>
 Fu Text(5) 19b.xml
</last>
<prev>
 Fu Text(1) 12b.xml 
</prev>
<next>
 Fu Text(1) 13b.xml 
</next>
<image>
 Fu Text(1) 13a.jpg 
</image>
</header><text>
<marginalia> 
 <sf> 共 研 細 木 開 水 為 火 如 桐 子 大 空 心 開 水 不 服 後 半 日 時 煎 半 胃 散 一 劑 服 之 </sf></marginalia> 
 <formula> 
 <sf> 蒼 <cf> 術 </cf> 木 泔 二 兩 厚 &lt;x> 二 兩 姜 汁 炒 廣 皮 一 兩 枳 實 二 兩 土 炒 全 當 歸 二 兩 酒 洗 川 芎 一 兩 酒 洗 </sf> 
 </formula> 
<marginalia> <sf> 服 後 必 下 惡 物 若 不 </sf></marginalia> 
 室 女 鬼 胎 <sf> 十 四 </sf> 
 女 子 有 在 家 未 嫁 月 經 忽 斷 腹 大 如 妊 面 色 乍 赤 乍 白 六 脈 乍 大 乍 小 人 以 為 血 結 經 閉 也 誰 知 是 靈 鬼 憑 身 乎 夫 人 之 身 正 則 諸 邪 不 敢 侵 其 身 不 正 則 諸 邪 自 來 犯 或 精 神 恍 惚 而 夢 裏 求 親 或 眼 目 昏 花 而 對 面 相 狎 或 假 托 親 屬 而 暗 處 貪 歡 或 明 言 仙 人 而 靜 地 取 樂 其 始 則 驚 詫 為 奇 遇 而 不 肯 告 人 其 後 則 羞 赧 為 淫 褻 而 不 敢 告 人 而 日 久 年 深 腹 大 如 斗 有 如 懷 妊 之 狀 一 身 之 精 血 僅 足 以 供 腹 中 之 邪 則 邪 日 旺 而 正 日 衷 勢 必 至 經 閉 而 血 枯 後 雖 欲 導 其 經 而 邪 據 其 腹 則 經 亦 難 通 欲 生 其 血 而 邪 食 其 精 則 血 實 難 長 醫 以 為 胎 而 實 非 真 胎 又 以 為 瘕 而 亦 非 瘕 病 往 往 因 循 等 待 非 因 羞 憤 
 </text></document>