<?xml version="1.0" encoding="UTF-8" standalone="yes" ?>
<document>
<header>
<doctitle>
 傅青主女科 
</doctitle>
<volume>
產後編上卷
 </volume>
<author>
 傅山(青主) 
</author>
<date>
 同治八年, 1869 
</date>
<currentpage>
 text 3b 
 </currentpage>
<first>
 Fu Title Page.xml
</first>
<last>
 Fu Text(5) 19b.xml
</last>
<prev>
 Fu Text(4) 3a.xml 
</prev>
<next>
 Fu Text(4) 4a.xml 
</next>
<image>
 Fu Text(4) 3b.jpg 
</image>
</header><text>
橫 產 
 橫 產 者 見 居 母 腹 頭 上 足 下 產 時 則 頭 向 下 產 母 若 用 力 逼 之 胎 轉 至 半 而 橫 當 令 產 母 安 然 仰 臥 令 其 自 順 穩 婆 以 中 指 挾 其 肩 勿 使 臍 帶 羈 絆 用 催 生 藥 努 力 即 生 
 <formula> 
 當 歸 紫 蘇 <sf> 各 三 錢 </sf> 長 流 水 煎 服 即 下 </formula>
 一 方 用 好 京 墨 磨 服 之 即 下 
 一 方 用 敗 筆 頭 一 個 火 鍜 以 藕 節 自 然 汁 調 服 之 即 下 
 一 方 用 益 母 草 六 兩 濃 煎 加 童 便 一 大 杯 調 服 即 下 
 盤 腸 產 
 盤 腸 產 者 產 則 子 腸 先 出 然 後 生 子 其 腸 或 未 即 收 以 
 </text></document>