<?xml version="1.0" encoding="UTF-8" standalone="yes" ?>
<document>
<header>
<doctitle>
 傅青主女科 
</doctitle>
<volume>
 女科上卷 
 </volume>
<author>
 傅山(青主) 
</author>
<date>
 同治八年, 1869 
</date>
<currentpage>
 text 21a 
 </currentpage>
<first>
 Fu Title Page.xml
</first>
<last>
 Fu Text(5) 19b.xml
</last>
<prev>
 Fu Text(1) 20b.xml 
</prev>
<next>
 Fu Text(1) 21b.xml 
</next>
<image>
 Fu Text(1) 21a.jpg 
</image>
</header><text>
<marginalia> 
 <sf> 衝 任 之 氣 宜 通 不 宜 降 故 化 濕 不 用 蒼 <cf> 術 </cf> 慧 仁 餘 宜 類 參 </sf> 
 </marginalia> 
 或 寒 熱 交 作 所 下 如 黑 豆 汁 人 莫 不 以 為 血 熱 之 極 誰 知 是 下 焦 寒 濕 相 爭 之 故 乎 夫 寒 濕 乃 邪 氣 也 婦 人 有 衝 任 之 <cf> &#33033; </cf> 居 於 下 焦 衝 為 血 海 任 主 胞 胎 為 血 室 均 喜 正 氣 相 通 最 惡 邪 氣 相 犯 經 水 由 二 經 而 外 出 而 寒 濕 滿 二 經 而 內 亂 雨 相 爭 而 作 疼 痛 邪 愈 盛 而 正 氣 日 衰 寒 氣 生 濁 而 下 如 豆 汁 之 黑 者 見 北 方 寒 水 之 象 也 治 法 利 其 濕 而 溫 其 寒 使 衝 任 無 邪 氣 之 亂 臍 下 自 無 疼 痛 之 疚 矣 方 用 溫 臍 化 濕 湯 
 <formula> 
 白 <cf> 術 </cf> <sf> 一 兩 土 炒 </sf> 白 茯 苓 <sf> 三 錢 </sf> 山 藥 <sf> 五 錢 炒 </sf> 巴 戟 肉 <sf> 五 錢 鹽 水 浸 </sf> 扁 豆 <sf> 炒 搗 三 錢 </sf> 白 &lt;x> <sf> 十 枚 搗 碎 </sf> 建 蓮 子 <sf> 三 十 枚 不 去 心 </sf> 
 </formula> 
 水 煎 服 然 必 須 經 未 來 錢 十 日 服 之 四 劑 而 邪 氣 去 經 水 調 兼 可 種 子 此 方 君 白 <cf> 術 </cf> 以 利 腰 臍 之 氣 用 巴 
 </text></document>