<?xml version="1.0" encoding="UTF-8" standalone="yes" ?>
<document>
<header>
<doctitle>
 傅青主女科 
</doctitle>
<volume>
 女科上卷 
 </volume>
<author>
 傅山(青主) 
</author>
<date>
 同治八年, 1869 
</date>
<currentpage>
 text 10b 
 </currentpage>
<first>
 Fu Title Page.xml
</first>
<last>
 Fu Text(5) 19b.xml
</last>
<prev>
 Fu Text(1) 10a.xml 
</prev>
<next>
 Fu Text(1) 11a.xml 
</next>
<image>
 Fu Text(1) 10b.jpg 
</image>
</header><text>
<marginalia> 
 <sf> 足 跌 打 損 傷 致 唾 血 嘔 血 皆 宜 如 此 治 法 若 血 聚 胃 中 宜 加 川 厚 樸 一 錢 半 姜 汁 炒 
 凡 血 崩 症 致 宜 絕 慾 避 房 無 奈 少 年 人 彼 此 貪 歡 故 服 藥 往 往 不 效 若 三 月 後 崩 止 病 愈 而 房 </sf> 
 </marginalia> 
 服 矣 此 方 之 妙 妙 於 活 血 之 中 佐 以 下 帶 之 品 故 遂 瘀 如 掃 而 止 血 如 神 或 疑 跌 閃 升 墜 是 由 外 而 傷 內 雖 不 比 內 傷 之 重 而 既 已 血 崩 則 內 之 所 傷 亦 不 為 輕 何 以 只 治 其 瘀 而 不 願 氣 也 殊 不 知 跌 閃 升 墜 非 由 內 傷 以 及 外 傷 者 可 比 蓋 本 實 不 撥 去 其 標 病 可 耳 故 曰 急 則 治 其 標 
 血 海 太 熱 血 崩 <sf> 十 二 </sf> 
 婦 人 有 每 行 人 道 經 水 即 來 一 如 血 崩 人 以 為 胞 胎 有 傷 觸 之 以 動 其 血 也 誰 知 是 子 宮 血 海 因 太 熱 而 不 固 乎 夫 子 宮 即 在 胞 胎 之 下 而 血 海 又 在 胞 胎 之 上 血 海 者 衝 &#33033; 也 衝 &#33033; 太 寒 而 血 即 虧 衝 <cf> &#33033; </cf> 太 熱 而 血 即 沸 血 崩 之 為 病 正 衝 &#33033; 之 大 熱 也 然 既 由 衝 &#33033; 之 熱 則 應 常 
 </text></document>