<?xml version="1.0" encoding="UTF-8" standalone="yes" ?>
<document>
<header>
<doctitle>
 傅青主女科 
</doctitle>
<volume>
 女科上卷 
 </volume>
<author>
 傅山(青主) 
</author>
<date>
 同治八年, 1869 
</date>
<currentpage>
 text 30b 
 </currentpage>
<first>
 Fu Title Page.xml
</first>
<last>
 Fu Text(5) 19b.xml
</last>
<prev>
 Fu Text(1) 30a.xml 
</prev>
<next>
 Fu Text(1) 31a.xml 
</next>
<image>
 Fu Text(1) 30b.jpg 
</image>
</header><text>
<marginalia> 
 <sf> 生 用 小 黑 豆 各 四 十 九 粒 豆 炒 熟 高 糧 五 十 粒 </sf> 
 </marginalia> 
 婦 人 有 身 體 肥 胖 痰 涎 甚 多 不 能 受 孕 者 人 以 為 氣 虛 之 故 誰 知 是 濕 盛 之 故 乎 夫 濕 從 下 受 乃 言 外 邪 之 濕 也 而 肥 胖 之 濕 實 非 外 邪 乃 脾 土 之 內 病 也 然 脾 土 既 病 不 能 分 化 水 穀 以 養 四 肢 宜 其 身 軀 瘦 弱 何 以 能 肥 胖 乎 不 知 濕 盛 者 多 肥 胖 肥 胖 者 多 氣 虛 氣 虛 者 多 痰 涎 外 似 健 壯 而 內 實 虛 損 也 內 虛 則 氣 必 衰 氣 衰 則 不 能 行 水 而 濕 停 於 腸 胃 之 &lt;問> [ 間 ] 不 能 化 精 而 化 涎 矣 夫 脾 本 濕 土 又 因 痰 多 愈 加 其 濕 脾 不 能 受 必 浸 潤 於 胞 胎 日 積 月 累 則 胞 胎 竟 變 為 汪 洋 之 水 窟 矣 且 肥 胖 之 婦 內 肉 必 滿 遮 隔 子 宮 不 能 受 精 此 必 然 之 勢 也 況 又 加 以 水 濕 之 盛 即 男 子 甚 健 陽 精 直 達 子 宮 而 其 水 勢 滔 滔 泛 濫 可 畏 亦 遂 化 精 成 水 矣 又 何 能 成 妊 哉 治 法 必 
 </text></document>