<?xml version="1.0" encoding="UTF-8" standalone="yes" ?>
<document>
<header>
<doctitle>
 傅青主女科 
</doctitle>
<volume>
 女科下卷 
 </volume>
<author>
 傅山(青主) 
</author>
<date>
 同治八年, 1869 
</date>
<currentpage>
 text 26a 
 </currentpage>
<first>
 Fu Title Page.xml
</first>
<last>
 Fu Text(5) 19b.xml
</last>
<prev>
 Fu Text(2) 25b.xml 
</prev>
<next>
 Fu Text(2) 26b.xml 
</next>
<image>
 Fu Text(2) 26a.jpg 
</image>
</header><text>
病 止 彼 世 人 一 見 見 枕 之 疼 動 用 元 胡 蘇 木 蒲 黃 靈 脂 之 類 以 化 傀 又 何 足 諭 哉 
 婦 人 產 後 少 腹 疼 痛 按 之 即 止 人 亦 以 為 兒 枕 之 疼 也 誰 知 是 血 虛 而 然 乎 夫 產 後 亡 血 過 多 血 室 空 虛 原 能 腹 疼 十 婦 九 然 但 疼 有 虛 實 之 分 不 可 不 辨 如 燥 糖 觸 體 光 景 是 虛 疼 而 非 實 疼 也 大 凡 虛 疼 宜 補 而 產 後 之 虛 疼 尤 宜 補 焉 惟 是 血 虛 之 疼 必 須 用 補 血 之 藥 而 補 血 之 味 多 是 潤 滑 之 品 恐 與 大 腸 不 無 相 <cf> &#30861; </cf> 然 產 後 血 虛 腸 多 乾 燥 潤 滑 正 相 宜 也 何 <cf> &#30861; </cf> 之 方 用 腸 寧 湯 
 <formula> 
 當 歸 <sf> 一 兩 酒 洗 </sf>   熟 地 <sf> 一 兩 九 蒸 </sf> 人 參 <sf> 三 錢 </sf> 麥 冬 <sf> 三 錢 去 心 </sf> 阿 膠 <sf> 三 錢 蛤 粉 炒 </sf> 山 藥 <sf> 三 錢 炒 </sf> 續 斷 <sf> 二 錢 </sf> 甘 草 <sf> 一 錢 </sf> 肉 桂 <sf> 二 分 去 粗 研 </sf> 
 </formula> 
 </text></document>