<?xml version="1.0" encoding="UTF-8" standalone="yes" ?>
<document>
<header>
<doctitle>
 傅青主女科 
</doctitle>
<volume>
 產後編下卷
 </volume>
<author>
 傅山(青主) 
</author>
<date>
 同治八年, 1869 
</date>
<currentpage>
 text 7b 
 </currentpage>
<first>
 Fu Title Page.xml
</first>
<last>
 Fu Text(5) 19b.xml
</last>
<prev>
 Fu Text(5) 7a.xml 
</prev>
<next>
 Fu Text(5) 8a.xml 
</next>
<image>
 Fu Text(5) 7b.jpg 
</image>
</header><text>
有 痰 加 半 夏 &lt;x> [ 曲 ] 虛 弱 有 汗 咳 嗽 加 人 參 總 之 <sf> 產 後 不 可 發 汗 </sf> 
 加 參 安 肺 生 化 湯 <sf> 治 產 後 虛 弱 旬 日 內 外 感 風 寒 咳 嗽 聲 重 有 痰 或 身 熱 頭 痛 及 汗 多 者 </sf>
<formula> 
 川 芎 <sf> 一 錢 </sf> 人 參 <sf> 一 錢 </sf> 知 母 <sf> 一 錢 </sf> 桑 白 皮 <sf> 一 錢 </sf> 當 歸 <sf> 二 錢 </sf> 杏 仁 <sf> 十 粒 去 皮 尖 </sf> 甘 草 <sf> 四 分 </sf> 桔 梗 <sf> 四 分 </sf> 半 夏 <sf> 七 分 </sf> 橘 紅 <sf> 三 分 </sf> 
 </formula> 
 
 虛 人 多 痰 加 竹 瀝 一 杯 薑 汗 匙 
 按 咳 嗽 論 中 明 示 縱 有 火 嗽 在 半 月 前 猶 不 得 輕 用 涼 藥 垂 戒 綦 嚴 而 第 一 與 第 二 方 中 均 有 知 母 小 註 均 有 外 感 風 寒 云 云 此 必 於 既 感 之 後 將 蘊 而 為 煖 熱 不 得 已 而 用 之 小 註 未 及 申 明 如 謂 不 然 苟 初 感 即 用 此 涼 品 豈 不 與 前 論 顯 為 枘 鑿 讀 者 須 曾 前 人 微 意 庶 不 致 用 古 方 而 自 少 權 衡 耳 
 </text></document>