<?xml version="1.0" encoding="UTF-8" standalone="yes" ?>
<document>
<header>
<doctitle>
 傅青主女科 
</doctitle>
<volume>
 女科下卷 
 </volume>
<author>
 傅山(青主) 
</author>
<date>
 同治八年, 1869 
</date>
<currentpage>
 text 23a 
 </currentpage>
<first>
 Fu Title Page.xml
</first>
<last>
 Fu Text(5) 19b.xml
</last>
<prev>
 Fu Text(2) 22b.xml 
</prev>
<next>
 Fu Text(2) 23b.xml 
</next>
<image>
 Fu Text(2) 23a.jpg 
</image>
</header><text>
神 矣 乎 
 正 產 血 暈 不 語 <sf> 六 十 四 </sf> 
 產 婦 有 子 方 下 地 即 昏 暈 不 語 此 氣 血 兩 脫 也 本 在 不 救 然 救 之 得 法 亦 有 能 生 者 山 得 岐 天 師 秘 訣 何 敢 隱 而 不 宣 乎 當 斯 之 時 急 用 銀 針 刺 其 眉 心 得 血 出 則 語 矣 然 後 以 人 參 一 兩 煎 湯 灌 之 無 不 生 者 即 用 黃 &lt;x> 二 兩 當 歸 一 兩 名 當 歸 補 血 湯 煎 湯 一 碗 灌 之 亦 得 生 萬 不 可 於 二 方 之 中 輕 加 附 子 蓋 附 子 無 經 不 達 反 引 氣 血 之 藥 走 而 不 守 不 能 專 注 於 胞 胎 不 若 人 參 歸 &lt;x> 直 救 其 氣 血 之 絕 聚 而 不 散 也 蓋 產 婦 昏 暈 全 是 血 室 空 虛 無 以 養 心 以 致 昏 暈 舌 為 心 之 苗 心 既 無 主 而 舌 又 安 能 出 聲 耶 夫 眉 心 之 穴 上 通 於 腦 下 通 於 舌 而 其 系 
 </text></document>