<?xml version="1.0" encoding="UTF-8" standalone="yes" ?>
<document>
<header>
<doctitle>
 傅青主女科 
</doctitle>
<volume>
 產後編下卷
 </volume>
<author>
 傅山(青主) 
</author>
<date>
 同治八年, 1869 
</date>
<currentpage>
 text 9b 
 </currentpage>
<first>
 Fu Title Page.xml
</first>
<last>
 Fu Text(5) 19b.xml
</last>
<prev>
 Fu Text(5) 9a.xml 
</prev>
<next>
 Fu Text(5) 10a.xml 
</next>
<image>
 Fu Text(5) 9b.jpg 
</image>
</header><text>
服 十 全 大 補 湯 補 後 大 熱 陰 血 虛 也 宜 服 四 物 湯 加 參 朮 丹 皮 嘔 逆 胃 氣 虛 也 宜 服 六 君 子 湯 加 炮 薑 乾 薑 食 少 體 倦 脾 氣 虛 也 宜 服 補 中 益 氣 湯 四 肢 冷 逆 小 便 頻 數 腎 氣 虛 也 補 中 益 氣 湯 加 益 智 仁 一 錢 神 仙 迴 散 治 產 後 流 注 惡 露 日 久 成 腫 用 此 宜 導 其 膿 若 未 補 氣 血 旺 不 可 服 此 方 
 膨 脹 <sf> 第 二 十 九 </sf> 
 婦 人 素 弱 臨 產 又 勞 中 氣 不 足 胸 膈 不 利 而 轉 運 稽 遲 若 產 後 即 服 生 化 湯 以 消 塊 止 痛 又 服 加 參 生 化 湯 以 健 脾 胃 自 無 中 滿 之 症 其 膨 脹 因 傷 食 而 誤 消 因 氣 鬱 而 誤 散 多 食 冷 物 而 停 留 惡 露 又 因 血 虛 大 便 燥 結 誤 下 而 愈 脹 殊 不 知 氣 血 兩 虛 血 塊 消 後 當 大 補 氣 血 以 
 </text></document>