<?xml version="1.0" encoding="UTF-8" standalone="yes" ?>
<document>
<header>
<doctitle>
 傅青主女科 
</doctitle>
<volume>
 產後編下卷
 </volume>
<author>
 傅山(青主) 
</author>
<date>
 同治八年, 1869 
</date>
<currentpage>
 text 6a 
 </currentpage>
<first>
 Fu Title Page.xml
</first>
<last>
 Fu Text(5) 19b.xml
</last>
<prev>
 Fu Text(5) 5b.xml 
</prev>
<next>
 Fu Text(5) 6b.xml 
</next>
<image>
 Fu Text(5) 6a.jpg 
</image>
</header><text>
<marginalia> 
 <sf> 一 本 有 附 子 五 分 </sf> 
 </marginalia>
<formula> 
 川 芎 <sf> 二 錢 </sf> 當 歸 <sf> 四 錢 </sf> 黑 薑       炙 草       陳 皮       藿 香 <sf> 各 四 分 </sf> 砂 仁 <sf> 六 分 </sf> 茯 苓 <sf> 一 錢 </sf> 薑 三 片 煎</formula> 
 附 子 散 <sf> 治 產 後 霍 亂 吐 瀉 手 足 逆 冷 須 無 塊 痛 方 可 服 </sf>
<formula> 
 白 朮 <sf> 一 錢 </sf> 當 歸 <sf> 二 錢 </sf> 陳 皮       黑 薑       丁 香       甘 草 <sf> 各 四 分 </sf> 
 </formula> 
 共 為 末 粥 陰 送 下 二 錢 
 溫 中 湯 <sf> 治 產 後 霍 亂 吐 渴 不 止 無 塊 痛 者 可 服 </sf> 
 <formula> 
 人 參 <sf> 一 錢 </sf> 白 朮 <sf> 一 錢 半 </sf> 當 歸 <sf> 二 錢 </sf> 厚 樸 <sf> 八 分 </sf> 黑 薑 <sf> 四 分 </sf> 茯 苓 <sf> 一 錢 </sf> 草 豆 寇 <sf> 六 分 </sf> 
 </formula> 
 薑 三 片 水 煎 服 
 嘔 逆 不 食 <sf> 第 二 十 五 </sf> 
 產 後 勞 傷 臟 腑 寒 邪 易 乘 於 腸 胃 則 氣 逆 嘔 吐 而 不 下 
 </text></document>