<?xml version="1.0" encoding="UTF-8" standalone="yes" ?>
<document>
<header>
<doctitle>
 傅青主女科 
</doctitle>
<volume>
 女科上卷 
 </volume>
<author>
 傅山(青主) 
</author>
<date>
 同治八年, 1869 
</date>
<currentpage>
 text 10a 
 </currentpage>
<first>
 Fu Title Page.xml
</first>
<last>
 Fu Text(5) 19b.xml
</last>
<prev>
 Fu Text(1) 9b.xml 
</prev>
<next>
 Fu Text(1) 10b.xml 
</next>
<image>
 Fu Text(1) 10a.jpg 
</image>
</header><text>
中 以 行 止 血 之 法 自 然 鬱 結 散 而 血 崩 止 矣 
 閃 跌 血 崩 <sf> 十 一 </sf> 
 婦 人 又 升 高 墜 落 或 閃 挫 受 傷 以 致 惡 血 下 流 有 如 血 崩 之 狀 者 若 以 崩 治 非 徒 無 益 而 又 害 之 也 蓋 此 症 之 狀 必 手 按 之 而 疼 痛 久 之 則 面 色 痿 黃 形 容 枯 槁 乃 是 瘀 血 作 崇 並 非 血 崩 可 比 倘 不 知 解 瘀 而 用 補 澀 則 瘀 血 內 攻 疼 無 止 時 反 致 新 血 不 得 生 舊 血 無 由 化 死 不 能 悟 豈 不 可 傷 哉 治 法 須 行 血 以 去 瘀 活 血 以 止 疼 則 血 自 止 而 愈 矣 方 用 遂 瘀 止 血 湯 
 <formula> 
 生 地 <sf> 一 兩 酒 炒 </sf> 大 黃 <sf> 三 錢 </sf> 赤 芍 <sf> 三 錢 </sf> 丹 皮 <sf> 一 錢 </sf> 當 歸 尾 <sf> 五 錢 </sf> 枳 <cf> &#22771; </cf> <sf> 五 錢 炒 </sf> 龜 版 <sf> 三 錢 醋 炙 </sf> 桃 仁 <sf> 十 粒 泡 炒 研 </sf> 
 </formula> 
 水 煎 服 一 劑 疼 輕 二 劑 疼 止 三 劑 血 亦 全 止 不 必 再 
 </text></document>