<?xml version="1.0" encoding="UTF-8" standalone="yes" ?>
<document>
<header>
<doctitle>
 傅青主女科 
</doctitle>
<volume>
 產後編下卷
</volume>
<author>
 傅山(青主) 
</author>
<date>
 同治八年, 1869 
</date>
<currentpage>
 table of contents 1a 
 </currentpage>
<first>
 Fu Title Page.xml
</first>
<last>
 Fu Text(5) 19b.xml
</last>
<prev>
 Fu Text(4) 23b.xml
</prev>
<next>
 Fu Text(5) Table of Contents 1b.xml 
</next>
<image>
 Fu Text(5) Table of Contents 1a.jpg 
</image>
</header><text>
產 後 編 下 卷 目 錄 
 誤 破 尿 胞 
 患 淋 
 便 數 
 瀉 
 完 穀 不 化 
 痢 
 霍 亂 
 嘔 逆 不 食 
 咳 嗽 
 水 腫 
 流 注 
 </text></document>