<?xml version="1.0" encoding="UTF-8" standalone="yes" ?>
<document>
<header>
<doctitle>
 傅青主女科 
</doctitle>
<volume>
 女科下卷 
 </volume>
<author>
 傅山(青主) 
</author>
<date>
 同治八年, 1869 
</date>
<currentpage>
 text 24b 
 </currentpage>
<first>
 Fu Title Page.xml
</first>
<last>
 Fu Text(5) 19b.xml
</last>
<prev>
 Fu Text(2) 24a.xml 
</prev>
<next>
 Fu Text(2) 25a.xml 
</next>
<image>
 Fu Text(2) 24b.jpg 
</image>
</header><text>
<marginalia> 
 <sf> 味 生 化 湯 當 歸 酒 洗 一 兩 一 錢 川 芎 三 錢 &lt;x> 二 錢 半 研 荊 芥 反 沙 炭 一 錢 </sf> 
 </marginalia> 
 方 用 &lt;x> 歸 以 養 血 何 以 又 用 生 地 丹 皮 之 涼 血 似 非 產 後 所 宜 不 知 惡 露 所 以 奔 心 原 因 虛 熱 相 犯 於 補 中 涼 之 而 涼 不 為 害 況 益 之 以 荷 葉 七 竅 相 通 引 邪 外 出 不 惟 內 部 害 心 且 佐 蒲 黃 以 分 解 乎 惡 露 也 但 只 可 暫 用 以 定 狂 不 可 多 用 以 取 咎 也 謹 之 慎 之 
 正 產 腸 下 <sf> 六 十 六 </sf> 
 產 婦 腸 下 亦 危 症 也 人 以 為 兒 門 不 關 之 故 誰 知 是 氣 虛 下 陷 而 不 能 收 乎 夫 氣 虛 下 陷 自 宜 用 升 提 之 藥 以 提 其 氣 然 新 產 之 婦 恐 有 瘀 血 在 腹 一 旦 提 氣 並 瘀 血 升 騰 於 上 則 沖 心 之 患 又 恐 變 出 非 常 是 氣 又 不 可 竟 提 也 氣 既 不 可 竟 提 而 氣 又 下 陷 將 用 何 法 以 治 之 哉 蓋 氣 之 下 陷 者 因 氣 之 虛 也 但 補 其 氣 則 氣 旺 而 腸 自 
 </text></document>