<?xml version="1.0" encoding="UTF-8" standalone="yes" ?>
<document>
<header>
<doctitle>
 傅青主女科 
</doctitle>
<volume>
 女科上卷 
 </volume>
<author>
 傅山(青主) 
</author>
<date>
 同治八年, 1869 
</date>
<currentpage>
 text 33a 
 </currentpage>
<first>
 Fu Title Page.xml
</first>
<last>
 Fu Text(5) 19b.xml
</last>
<prev>
 Fu Text(1) 32b.xml 
</prev>
<next>
 Fu Text(1) 33b.xml 
</next>
<image>
 Fu Text(1) 33a.jpg 
</image>
</header><text>
<marginalia> 
 <sf> 此 方 為 有 疝 瘕 而 設 故 用 沙 參 荸 薺 粉 鱉 甲 以 破 堅 理 氣 若 無 疝 瘕 去 此 三 味 加 且 仲 一 錢 半 炒 黑 澤 瀉 一 錢 半 炒 甘 枸 杞 二 錢 三 味 服 之 腰 酸 腹 &lt;x> [ 脹 ] 自 除 矣 鱉 甲 &lt;x> [ 破 ] 氣 不 可 誤 服 惟 有 疝 瘕 與 木 &lt;x> &lt;x> [ 鬱 ] [ 者 ] 宜 之 </sf> 
 </marginalia> 
 包 裏 成 形 力 足 以 勝 任 而 無 虞 矣 外 無 所 障 內 有 所 容 安 有 不 能 生 育 之 理 方 用 升 帶 湯 
 <formula> 
 白 <cf> 術 </cf> <sf> 一 兩 土 炒 </sf> 人 參 <sf> 三 錢 </sf> 沙 參 <sf> 五 錢 </sf> 肉 桂 <sf> 一 錢 去 粗 研 </sf> [ 茡] 薺 粉 <sf> 二 錢 </sf> 鱉 甲 <sf> 三 錢 炒 </sf> 茯 苓 <sf> 三 錢 </sf> 半 夏 <sf> 一 錢 製 </sf> 神 麵 <sf> 一 錢 炒 </sf> 
 </formula> 
 水 煎 連 服 三 十 劑 而 任 督 之 氣 旺 再 服 三 十 劑 而 疝 瘕 之 氣 除 此 方 利 腰 臍 之 氣 正 升 補 任 督 之 氣 也 任 督 之 氣 升 而 疝 瘕 自 有 難 容 之 勢 況 方 中 有 肉 桂 以 散 寒 荸 薺 以 袪 積 鱉 甲 之 攻 堅 茯 苓 之 利 濕 有 形 自 化 於 無 形 滿 腹 皆 升 騰 之 氣 矣 何 至 受 精 而 再 墮 乎 哉 
 
 便 澀 腹 脹 足 浮 種 不 孕 <sf> 三 十 八 </sf> 
 </text></document>