<?xml version="1.0" encoding="UTF-8" standalone="yes" ?>
<document>
<header>
<doctitle>
 傅青主女科 
</doctitle>
<volume>
 女科上卷 
 </volume>
<author>
 傅山(青主) 
</author>
<date>
 同治八年, 1869 
</date>
<currentpage>
 text 6b 
 </currentpage>
<first>
 Fu Title Page.xml
</first>
<last>
 Fu Text(5) 19b.xml
</last>
<prev>
 Fu Text(1) 6a.xml 
</prev>
<next>
 Fu Text(1) 7a.xml 
</next>
<image>
 Fu Text(1) 6b.jpg 
</image>
</header><text>
<formula> 
 大 熟 地 一 兩 九 蒸   白 <cf> 術 </cf> 一 兩 土 炒 焦   黃 &lt;x> 三 錢 生 用   當 歸 五 錢 酒 洗 黑 姜 二 錢 人 參 三 錢 </formula> 
   水 煎 服 一 劑 崩 止 十 劑 不 再 發 倘 畏 藥 味 之 重 而 減 半 則 力 薄 而 不 能 止 方 妙 在 全 不 去 止 血 而 惟 補 血 又 不 止 補 血 而 更 補 氣 非 惟 補 氣 而 更 補 火 蓋 血 崩 而 至 於 黑 暗 昏 暈 則 血 已 盡 去 僅 存 一 線 之 氣 以 為 &lt;x> [ 護 ] 持 若 不 急 補 其 氣 以 生 血 而 先 補 其 血 而 遺 氣 則 有 形 之 血 恐 不 能 遽 生 而 無 形 之 氣 必 且 至 盡 散 此 所 以 不 先 補 血 而 先 補 氣 也 然 單 補 氣 則 血 又 不 易 生 單 補 血 而 不 補 火 則 血 又 必 凝 滯 而 不 能 隨 氣 而 速 生 況 黑 薑 引 血 歸 經 是 補 中 又 有 收 斂 之 妙 所 以 同 補 氣 補 血 之 藥 並 用 之 耳 
 </text></document>