<?xml version="1.0" encoding="UTF-8" standalone="yes" ?>
<document>
<header>
<doctitle>
 傅青主女科 
</doctitle>
<volume>
 女科上卷 
 </volume>
<author>
 傅山(青主) 
</author>
<date>
 同治八年, 1869 
</date>
<currentpage>
 text 9b 
 </currentpage>
<first>
 Fu Title Page.xml
</first>
<last>
 Fu Text(5) 19b.xml
</last>
<prev>
 Fu Text(1) 9a.xml 
</prev>
<next>
 Fu Text(1) 10a.xml 
</next>
<image>
 Fu Text(1) 9b.jpg 
</image>
</header><text>
氣 之 鬱 結 也 夫 肝 主 藏 血 氣 結 而 血 亦 結 何 以 反 至 崩 漏 蓋 肝 之 性 急 氣 結 則 其 急 更 甚 更 急 則 血 不 能 藏 故 崩 不 免 也 治 法 宜 以 開 鬱 為 主 若 徒 開 其 鬱 而 不 知 平 肝 則 肝 氣 大 開 肝 火 更 熾 而 血 亦 不 能 止 矣 方 用 平 肝 開 鬱 止 血 湯 
 <formula> 
 白 芍 <sf> 一 兩 醋 炒 </sf>   白 <cf> 術 </cf> <sf> 一 兩 土 炒 </sf>   當 歸 <sf> 一 兩 酒 洗 </sf>   丹 皮 <sf> 三 錢 </sf>   三 七 根 <sf> 三 錢 研 末 </sf>   生 地 <sf> 三 錢 酒 炒 </sf>   甘 草 <sf> 二 錢 </sf>   黑 芥 穗 <sf> 二 錢 </sf>   柴 胡 <sf> 一 錢 </sf> 
 </formula> 
 水 煎 服 一 劑 嘔 吐 止 二 劑 乾 渴 除 四 劑 血 崩 愈 方 中 妙 在 白 芍 之 平 肝 柴 胡 之 開 鬱 白 <cf> 術 </cf> 利 腰 臍 則 血 無 積 住 之 虞 荊 芥 通 經 絡 則 血 有 歸 還 之 樂 丹 皮 又 清 骨 髓 之 熱 生 地 復 清 藏 腑 之 炎 當 歸 三 七 於 補 血 之 
 </text></document>