<?xml version="1.0" encoding="UTF-8" standalone="yes" ?>
<document>
<header>
<doctitle>
 傅青主女科 
</doctitle>
<volume>
 女科上卷 
 </volume>
<author>
 傅山(青主) 
</author>
<date>
 同治八年, 1869 
</date>
<currentpage>
 text 24a 
 </currentpage>
<first>
 Fu Title Page.xml
</first>
<last>
 Fu Text(5) 19b.xml
</last>
<prev>
 Fu Text(1) 23b.xml 
</prev>
<next>
 Fu Text(1) 24b.xml 
</next>
<image>
 Fu Text(1) 24a.jpg 
</image>
</header><text>
之 間 自 然 上 引 心 而 下 入 於 腎 下 引 腎 而 上 入 於 心 不 啻 介 紹 之 助 也 此 使 心 腎 相 交 之 一 大 法 門 不 特 調 經 而 然 也 學 者 其 深 思 諸 
 年 未 老 經 水 斷 <sf> 二 十 八 </sf> 
 經 云 女 子 七 七 而 天 癸 絕 有 年 未 至 十 七 而 經 水 先 斷 者 人 以 為 血 枯 經 閉 也 誰 知 是 心 肝 脾 之 氣 鬱 乎 使 其 血 枯 安 能 久 延 於 人 世 醫 見 其 經 水 不 行 妄 謂 之 血 枯 耳 其 實 非 血 之 枯 乃 經 之 閉 也 且 經 原 非 血 也 乃 天 一 之 水 出 自 腎 中 是 至 陰 之 精 而 有 至 陽 之 氣 故 其 色 赤 紅 似 血 而 實 非 血 所 以 謂 之 天 癸 世 人 以 經 為 血 此 千 古 之 誤 牢 不 可 破 倘 果 是 血 何 不 名 之 曰 血 水 而 曰 經 水 乎 古 昔 聖 賢 創 呼 經 水 之 名 者 原 以 水 出 腎 乃 癸 
 </text></document>