<?xml version="1.0" encoding="UTF-8" standalone="yes" ?>
<document>
<header>
<doctitle>
 傅青主女科 
</doctitle>
<volume>
產後編上卷
 </volume>
<author>
 傅山(青主) 
</author>
<date>
 同治八年, 1869 
</date>
<currentpage>
 text 6a 
 </currentpage>
<first>
 Fu Title Page.xml
</first>
<last>
 Fu Text(5) 19b.xml
</last>
<prev>
 Fu Text(4) 5b.xml 
</prev>
<next>
 Fu Text(4) 6b.xml 
</next>
<image>
 Fu Text(4) 6a.jpg 
</image>
</header><text>
<formula> 
 臘 月 兔 腦 髓 <sf> 一 個 </sf> 母 丁 香 <sf> 一 個 </sf> 乳 香 <sf> 一 錢 另 研 </sf> 麝 香 <sf> 一 分 </sf> 
 </formula> 
 兔 腦 為 丸 芡 實 大 陰 乾 密 封 用 時 以 溫 酒 送 下 一 丸 
 奪 命 丹 
 臨 產 未 產 時 目 反 口 噤 面 黑 唇 青 口 中 吐 沫 命 在 須 臾 若 臉 面 微 紅 子 死 母 活 急 用 蛇 退 
<formula>
 蚕 故 子 燒 灰 不 存 性 髮 灰 一 錢 乳 香 五 分 共 為 細 未 酒 下 
</formula>加 味 芎 歸 湯 <sf> 治 子 官 不 收 產 門 不 閉 </sf>
<formula> 
 人 參 <sf> 二 錢 </sf> 黃 &lt;x> <sf> 一 錢 </sf> 當 歸 <sf> 二 錢 </sf> 升 麻 <sf> 八 分 </sf> 川 芎 <sf> 一 錢 </sf> 炙 草 <sf> 四 分 </sf> 五 味 子 <sf> 十 五 粒 </sf> 再 不 收 加 半 夏 <sf> 八 分 </sf> 白 芍 <sf> 八 分 酒 炒 </sf></formula>
 新 產 治 法 
 </text></document>