<?xml version="1.0" encoding="UTF-8" standalone="yes" ?>
<document>
<header>
<doctitle>
 傅青主女科 
</doctitle>
<volume>
 女科上卷 
 </volume>
<author>
 傅山(青主) 
</author>
<date>
 同治八年, 1869 
</date>
<currentpage>
 text 16b 
 </currentpage>
<first>
 Fu Title Page.xml
</first>
<last>
 Fu Text(5) 19b.xml
</last>
<prev>
 Fu Text(1) 16a.xml 
</prev>
<next>
 Fu Text(1) 17a.xml 
</next>
<image>
 Fu Text(1) 16b.jpg 
</image>
</header><text>
<marginalia> 
 <sf> 用 之 若 肝 氣 鬱 坤 又 當 以 逍 遙 散 為 主 有 熱 加 梔 灰 丹 皮 即 加 味 逍 遙 散 
 曾 見 婦 人 一 年 一 行 經 身 健 無 </sf> 
 </marginalia> 
 水 煎 服 二 劑 而 經 水 淨 四 劑 而 經 期 定 矣 此 方 舒 肝 腎 之 氣 非 通 經 之 藥 也 補 肝 腎 之 精 非 利 水 之 品 也 肝 腎 之 氣 舒 而 精 通 肝 腎 之 精 旺 而 水 利 不 治 之 治 正 妙 於 治 也 
 經 水 數 月 一 行 <sf> 十 八 </sf> 
 婦 人 有 數 月 一 行 經 者 每 以 為 常 亦 無 或 先 或 後 之 異 亦 無 或 多 或 少 之 殊 人 莫 不 以 為 異 而 不 知 非 異 也 蓋 無 病 之 人 氣 血 兩 不 虧 損 耳 夫 氣 血 既 不 虧 損 何 以 數 月 而 一 行 經 也 婦 人 之 中 亦 有 天 生 仙 骨 者 經 水 必 一 季 一 行 蓋 以 季 為 數 而 不 以 月 為 盈 虛 也 真 氣 內 藏 則 坎 中 之 真 陽 不 損 倘 加 以 煉 形 之 法 一 年 之 內 便 易 飛 騰 無 如 世 人 不 知 見 經 水 不 應 月 來 誤 認 為 病 妄 用 藥 
 </text></document>