<?xml version="1.0" encoding="UTF-8" standalone="yes" ?>
<document>
<header>
<doctitle>
 傅青主女科 
</doctitle>
<volume>
 產後編下卷
 </volume>
<author>
 傅山(青主) 
</author>
<date>
 同治八年, 1869 
</date>
<currentpage>
 text 11a 
 </currentpage>
<first>
 Fu Title Page.xml
</first>
<last>
 Fu Text(5) 19b.xml
</last>
<prev>
 Fu Text(5) 10b.xml 
</prev>
<next>
 Fu Text(5) 11b.xml 
</next>
<image>
 Fu Text(5) 11a.jpg 
</image>
</header><text>
<marginalia> 
 <sf> 一 本 有 元 肉 六 枚 </sf> 
 </marginalia> 
 未 消 宜 服 生 化 湯 且 補 血 行 塊 血 旺 則 怔 定 驚 平 不 必 加 安 神 定 志 劑 如 塊 消 痛 止 後 患 此 宜 服 加 減 養 榮 湯 
 <formula> 
 當 歸 <sf> 二 錢 </sf> 川 芎 <sf> 二 錢 </sf> 茯 神 <sf> 一 錢 </sf> 人 參 <sf> 一 錢 </sf> 棗 仁 <sf> 一 錢 炒 </sf> 麥 冬 <sf> 一 錢 </sf> 遠 志 <sf> 一 錢 </sf> 白 朮 <sf> 一 錢 </sf> 黃 &lt;x> <sf>   一 錢 炙 </sf> 元 肉 <sf> 八 枚 </sf> 陳 皮 <sf> 四 分 </sf> 炙 草 <sf> 四 分 </sf> 
 </formula> 
 薑 煎 虛 煩 加 竹 瀝 薑 汁 去 川 芎 麥 冬 再 加 竹 茹 一 團 加 木 香 即 歸 脾 湯 
 養 心 湯 <sf> 治 產 後 心 血 不 定 心 神 不 安 </sf>
<formula> 
 炙 黃 &lt;x> <sf> 一 錢 </sf> 茯 神 <sf> 八 分 </sf> 川 芎 <sf> 八 分 </sf> 當 歸 <sf> 二 錢 </sf> 麥 冬 <sf> 一 錢 </sf> 八 分 遠 志 <sf> 八 分 </sf> 柏 子 仁 一 錢 人 參 <sf> 一 錢 半 </sf> 炙 草 <sf> 四 分 </sf> 五 味 <sf> 十 粒 </sf> 薑 水 煎 服  </formula> 
 骨 蒸 <sf> 第 三 十 </sf> 
 </text></document>