<?xml version="1.0" encoding="UTF-8" standalone="yes" ?>
<document>
<header>
<doctitle>
 傅青主女科 
</doctitle>
<volume>
 女科下卷 
 </volume>
<author>
 傅山(青主) 
</author>
<date>
 同治八年, 1869 
</date>
<currentpage>
 text 32a 
 </currentpage>
<first>
 Fu Title Page.xml
</first>
<last>
 Fu Text(5) 19b.xml
</last>
<prev>
 Fu Text(2) 31b.xml 
</prev>
<next>
 Fu Text(2) 32b.xml 
</next>
<image>
 Fu Text(2) 32a.jpg 
</image>
</header><text>
<marginalia> 
 <sf> 此 方 凡 腎 虛 腰 痛 遺 尿 皆 可 治 甚 勿 輕 忽 </sf> 
 </marginalia> 
 收 湯 
 <formula> 
 人 參 <sf> 一 兩 </sf> 白 朮 <sf> 二 兩 土 炒 </sf> 川 芎 <sf> 三 錢 酒 洗 </sf> 九 熟 地 <sf> 二 兩 </sf> 山 藥 <sf> 一 兩 炒 </sf> 山 萸 <sf> 四 錢 </sf> 茨 實 <sf> 五 錢 炒 </sf> 扁 豆 <sf> 五 錢 炒 </sf> 巴 戟 <sf> 三 錢 鹽 水 浸 </sf> 杜 祌 <sf> 五 錢 炒 黑 </sf> 白 果 <sf> 十 枚 搗 碎 </sf> 
 </formula> 
 水 煎 服 一 劑 而 收 半 二 劑 而 全 收 矣 此 方 補 任 督 而 仍 補 腰 臍 者 蓋 以 任 督 連 於 腰 臍 也 補 任 督 而 不 補 腰 臍 則 任 督 無 助 而 帶 脈 何 以 升 舉 慛 兩 補 之 則 任 督 得 腰 臍 之 助 帶 脈 亦 得 任 督 之 力 而 收 矣 
 產 後 肝 痿 <sf> 七 十 五 </sf> 
 婦 人 產 後 陰 戶 中 垂 下 一 物 其 形 如 帕 或 有 角 或 二 岐 人 以 為 產 頹 也 誰 知 是 肝 痿 之 故 乎 夫 產 後 何 以 成 肝 痿 也 蓋 因 產 前 勞 役 過 傷 又 觸 動 怪 怒 以 致 肝 不 藏 血 
 </text></document>