<?xml version="1.0" encoding="UTF-8" standalone="yes" ?>
<document>
<header>
<doctitle>
 傅青主女科 
</doctitle>
<volume>
 女科上卷 
 </volume>
<author>
 傅山(青主) 
</author>
<date>
 同治八年, 1869 
</date>
<currentpage>
 text 4b 
 </currentpage>
<first>
 Fu Title Page.xml
</first>
<last>
 Fu Text(5) 19b.xml
</last>
<prev>
 Fu Text(1) 4a.xml 
</prev>
<next>
 Fu Text(1) 5a.xml 
</next>
<image>
 Fu Text(1) 4b.jpg 
</image>
</header><text>
黑 帶 之 症 是 火 結 於 下 而 不 炎 於 上 也 治 法 惟 以 洩 火 為 主 火 熱 退 而 濕 自 除 矣 方 用 利 火 湯 
 <formula> 
 大 黃 <sf> 三 錢 </sf>   白 術 <sf> 五 錢 土 炒 </sf>   茯 苓 <sf> 三 錢 </sf>   車 前 子 <sf> 三 錢 酒 炒 </sf>   王 不 留 行 <sf> 三 錢 </sf>   黃 連 <sf> 三 錢 </sf>   梔 子 <sf> 三 錢 炒 </sf>   知 母 <sf> 二 錢 </sf>   石 膏 <sf> 五 錢 &lt;x> </sf>   劉 寄 奴 <sf> 三 錢 </sf> 
 </formula> 
 水 煎 服 一 劑 小 便 疼 止 而 通 利 二 劑 黑 帶 變 為 白 三 劑 白 亦 少 減 再 三 劑 全 愈 矣 或 謂 此 方 過 於 迅 利 殊 不 知 火 盛 之 時 用 不 得 依 違 之 法 譬 如 救 火 之 焚 而 少 為 遷 緩 則 火 勢 延 燃 不 盡 不 止 今 用 黃 連 石 膏 梔 子 知 母 一 派 寒 涼 之 品 入 於 大 黃 之 中 則 迅 速 掃 除 而 又 得 王 下 留 行 與 劉 寄 奴 之 利 濕 甚 急 則 濕 與 熱 俱 無 停 住 之 機 佐 白 <cf> 術 </cf> 以 輔 土 茯 苓 以 滲 濕 車 前 以 
 <marginalia> 
 <sf> 病 愈 後 當 節 飲 食 戒 辛 熱 之 物 調 養 脾 土 若 恃 有 此 方 病 發 即 服 必 陽 光 氣 矣 慎 之 </sf> 
 </marginalia> 
 </text></document>