<?xml version="1.0" encoding="UTF-8" standalone="yes" ?>
<document>
<header>
<doctitle>
 傅青主女科 
</doctitle>
<volume>
 女科上卷 
 </volume>
<author>
 傅山(青主) 
</author>
<date>
 同治八年, 1869 
</date>
<currentpage>
 text 8a 
 </currentpage>
<first>
 Fu Title Page.xml
</first>
<last>
 Fu Text(5) 19b.xml
</last>
<prev>
 Fu Text(1) 7b.xml 
</prev>
<next>
 Fu Text(1) 8b.xml 
</next>
<image>
 Fu Text(1) 8a.jpg 
</image>
</header><text>
血 又 何 能 固 哉 其 崩 而 墮 也 亦 無 怪 其 然 也 治 法 自 當 以 補 氣 為 主 而 少 佐 以 補 血 之 品 斯 為 得 之 方 用 回 氣 湯 
 <formula> 
 人 參 <sf> 一 兩 </sf> 白 <cf> 術 </cf> <sf> 五 錢 土 炒 </sf> 大 熟 地 <sf> 五 錢 九 蒸 </sf> 當 歸 <sf> 三 錢 酒 洗 </sf>   白 茯 苓 <sf> 二 錢 </sf> 甘 草 <sf> 一 錢 </sf> 杜 仲 <sf> 三 錢 炒 </sf> 山 萸 肉 <sf> 二 錢 蒸 </sf> 遠 志 <sf> 一 錢 去 心 </sf> 五 味 子 <sf> 十 &lt;x> 炒 </sf> 
 </formula> 
 水 煎 服 一 劑 而 血 止 連 服 十 劑 全 愈 此 方 固 氣 而 兼 補 血 已 去 之 血 可 以 速 生 將 脫 之 血 可 以 盡 懾 凡 氣 虛 而 崩 漏 者 此 方 最 可 通 治 非 僅 治 小 產 之 崩 其 最 妙 者 不 去 止 血 之 味 含 於 補 氣 之 中 也 
 交 感 血 出 <sf> 九 </sf> 
 婦 人 又 一 交 合 則 流 血 不 止 者 雖 不 至 於 血 崩 之 甚 而 
 </text></document>