<?xml version="1.0" encoding="UTF-8" standalone="yes" ?>
<document>
<header>
<doctitle>
 傅青主女科 
</doctitle>
<volume>
產後編上卷
 </volume>
<author>
 傅山(青主) 
</author>
<date>
 同治八年, 1869 
</date>
<currentpage>
 text 7a 
 </currentpage>
<first>
 Fu Title Page.xml
</first>
<last>
 Fu Text(5) 19b.xml
</last>
<prev>
 Fu Text(4) 6b.xml 
</prev>
<next>
 Fu Text(4) 7b.xml 
</next>
<image>
 Fu Text(4) 7a.jpg 
</image>
</header><text>
三 因 身 熱 而 誤 用 寒 涼 必 致 損 胃 增 熱 禁 苓 連 梔 柏 升 柴 
 四 因 日 內 未 曾 服 生 化 湯 勿 用 參 &lt;x> 木 以 致 塊 痛 不 消 
 五 毋 用 地 黃 以 滯 惡 露 
 六 毋 用 枳 殼 牛 膝 枳 實 以 消 塊 
 七 便 秘 毋 用 大 黃 芒 硝 
 八 毋 用 蘇 本 &lt;x> [ 梭 ] 蓬 以 行 塊 芍 藥 能 伐 氣 不 可 用 
 九 毋 用 山 查 湯 以 攻 塊 定 痛 而 反 損 新 血 
 十 毋 輕 服 濟 坤 丹 以 下 胎 下 胞 
 產 後 危 疾 諸 症 當 頻 服 生 化 隨 症 加 減 照 依 方 論 
 產 後 寒 熱 
 </text></document>