<?xml version="1.0" encoding="UTF-8" standalone="yes" ?>
<document>
<header>
<doctitle>
 傅青主女科 
</doctitle>
<volume>
 女科上卷 
 </volume>
<author>
 傅山(青主) 
</author>
<date>
 同治八年, 1869 
</date>
<currentpage>
 text 5a 
 </currentpage>
<first>
 Fu Title Page.xml
</first>
<last>
 Fu Text(5) 19b.xml
</last>
<prev>
 Fu Text(1) 4b.xml 
</prev>
<next>
 Fu Text(1) 5b.xml 
</next>
<image>
 Fu Text(1) 5a.jpg 
</image>
</header><text>
利 水 則 火 退 水 進 便 成 既 濟 之 卦 矣 
 赤 帶 下 <sf> 五 </sf> 
 婦 人 有 帶 下 而 色 紅 者 似 血 非 血 淋 瀝 不 斷 所 謂 赤 帶 也 夫 赤 帶 亦 濕 病 濕 是 土 之 氣 宜 見 黃 白 之 色 今 不 見 黃 白 而 見 赤 者 火 熱 故 也 火 色 赤 故 帶 下 亦 赤 耳 惟 是 帶 脈 繫 於 腰 臍 之 間 近 乎 至 陰 之 地 不 宜 有 火 而 今 見 火 症 豈 其 路 通 於 命 們 而 命 們 之 火 出 而 燒 之 耶 不 知 帶 脈 通 於 腎 而 腎 氣 通 於 肝 婦 人 憂 思 傷 脾 又 加 鬱 怒 傷 肝 於 是 肝 經 之 鬱 火 內 熾 下 &lt;x> [ 克 ] 脾 土 脾 不 能 運 化 致 濕 熱 之 氣 蘊 於 帶 脈 之 間 而 肝 不 藏 血 亦 滲 於 帶 脈 之 內 皆 由 脾 氣 受 傷 運 化 無 力 濕 熱 之 氣 隨 氣 下 陷 同 血 俱 下 所 以 似 血 非 血 之 形 象 現 於 其 色 也 其 實 血 與 
 </text></document>