<?xml version="1.0" encoding="UTF-8" standalone="yes" ?>
<document>
<header>
<doctitle>
 傅青主女科 
</doctitle>
<volume>
 女科下卷 
 </volume>
<author>
 傅山(青主) 
</author>
<date>
 同治八年, 1869 
</date>
<currentpage>
 text 26b 
 </currentpage>
<first>
 Fu Title Page.xml
</first>
<last>
 Fu Text(5) 19b.xml
</last>
<prev>
 Fu Text(2) 26a.xml 
</prev>
<next>
 Fu Text(2) 27a.xml 
</next>
<image>
 Fu Text(2) 26b.jpg 
</image>
</header><text>
水 煎 服 一 劑 而 疼 輕 二 劑 而 疼 止 多 服 更 宜 此 方 補 氣 補 血 之 藥 也 然 補 氣 而 無 太 鬱 之 憂 補 血 而 無 太 滯 之 患 氣 血 既 生 不 必 止 疼 自 止 矣 
 產 後 氣 喘 <sf> 六 十 六 </sf> 
 婦 人 產 後 氣 喘 最 是 大 危 之 症 苟 不 急 治 立 刻 死 亡 人 只 知 是 氣 血 之 虛 也 誰 知 是 氣 血 兩 脫 乎 夫 既 氣 血 兩 脫 人 將 立 死 又 何 能 作 喘 然 此 血 將 脫 而 氣 猶 未 脫 也 血 將 脫 而 氣 欲 挽 之 而 反 上 喘 如 人 救 溺 援 之 而 力 不 勝 又 不 肯 自 安 於 不 救 乃 召 號 同 志 以 求 助 故 呼 聲 而 喘 作 其 症 雖 危 而 可 救 處 正 在 能 作 喘 也 蓋 肺 主 氣 喘 則 肺 氣 似 盛 而 實 衰 當 是 之 時 血 將 脫 而 萬 難 驟 生 望 肺 氣 之 相 救 甚 急 若 赤 子 望 慈 母 然 而 肺 因 血 失 止 
 </text></document>