<?xml version="1.0" encoding="UTF-8" standalone="yes" ?>
<document>
<header>
<doctitle>
 傅青主女科 
</doctitle>
<volume>
 女科上卷 
 </volume>
<author>
 傅山(青主) 
</author>
<date>
 同治八年, 1869 
</date>
<currentpage>
 text 8b 
 </currentpage>
<first>
 Fu Title Page.xml
</first>
<last>
 Fu Text(5) 19b.xml
</last>
<prev>
 Fu Text(1) 8a.xml 
</prev>
<next>
 Fu Text(1) 9a.xml 
</next>
<image>
 Fu Text(1) 8b.jpg 
</image>
</header><text>
終 年 累 月 不 得 愈 未 免 血 氣 兩 傷 人 則 恐 有 血 枯 經 閉 之 憂 此 等 之 病 成 於 經 水 正 來 之 時 貪 歡 交 合 精 <cf> 沖 </cf> 血 管 也 夫 精 <cf> 沖 </cf> 血 管 不 過 一 時 之 傷 精 出 宜 愈 何 以 久 而 流 紅 不 知 血 管 最 嬌 嫩 斷 不 可 以 精 傷 凡 婦 人 受 孕 必 於 血 管 已 淨 之 時 方 保 無 虞 倘 經 水 正 旺 彼 欲 湧 出 而 精 射 之 則 欲 出 之 血 反 退 而 縮 入 既 不 能 受 精 而 成 胎 胞 胎 之 氣 引 舊 日 之 集 精 外 出 而 益 之 以 補 氣 補 精 之 勢 必 至 集 精 而 化 血 交 感 之 際 淫 氣 觸 動 其 舊 日 之 精 則 兩 相 感 召 舊 精 欲 出 而 血 亦 隨 之 而 出 治 法 須 通 其 藥 則 血 管 之 傷 可 以 補 完 矣 方 用 引 精 止 血 湯 
 <marginalia> 
 <sf> 欲 種 子 者 必 待 落 紅 後 即 三 十 時 辰 兩 口 [ 日 ] 半 也 經 來 之 時 數 足 三 十 時 辰 便 可 入 房 一 日 男 二 日 女 三 日 男 四 日 女 五 日 男 六 日 女 七 日 男 過 七 日 即 不 能 受 孕 矣 </sf></marginalia>
<formula>  人 參 <sf> 五 錢 </sf>   白 <cf> 術 </cf> <sf> 一 兩 上 炒 </sf>   茯 苓 <sf> 三 錢 去 皮 </sf>   熟 地 <sf> 一 兩 九 蒸 </sf>   山 萸 肉 <sf> 五 錢 蒸 </sf>   黑 薑 <sf> 一 錢 </sf>   黃 柏 <sf> 五 分 </sf>   芥 穗 <sf> 三 錢 </sf> 
 </formula></text></document>