<?xml version="1.0" encoding="UTF-8" standalone="yes" ?>
<document>
<header>
<doctitle>
 傅青主女科 
</doctitle>
<volume>
 產後編下卷
 </volume>
<author>
 傅山(青主) 
</author>
<date>
 同治八年, 1869 
</date>
<currentpage>
 text 7a 
 </currentpage>
<first>
 Fu Title Page.xml
</first>
<last>
 Fu Text(5) 19b.xml
</last>
<prev>
 Fu Text(5) 6b.xml 
</prev>
<next>
 Fu Text(5) 7b.xml 
</next>
<image>
 Fu Text(5) 7a.jpg 
</image>
</header><text>
<marginalia> 
 <sf> 一 本 有 白 光 無 白 伏 苓 丁 香 作 五 用 者 酌 之 
 一 本 人 參 一 錢 麥 冬 伏 苓 三 存 參 </sf> 
 </marginalia> 
 共 為 細 末 米 飲 送 下 
 生 津 益 液 湯 <sf> 治 產 婦 虛 弱 日 渴 氣 少 由 產 後 血 少 多 汗 內 煩 不 生 津 液 </sf>
<formula> 
 人 參       麥 冬 <sf> 去 心 </sf> 茯 苓 <sf> 各 一 兩 </sf> 大 棗       竹 葉       浮 小 麥       炙 草       括 蔞 根       大 湯 不 止 加 蘆 根 </formula>
 咳 嗽 <sf> 第 二 十 六 </sf> 
 治 產 後 七 日 內 外 感 風 寒 咳 嗽 鼻 塞 聲 重 惡 寒 勿 用 麻 黃 以 東 汗 嗽 而 脅 痛 勿 用 柴 胡 湯 嗽 而 有 聲 痰 少 而 赤 勿 用 涼 藥 凡 產 有 火 嗽 有 痰 嗽 必 須 調 理 半 月 後 方 可 用 涼 藥 半 月 前 不 當 用 
 加 味 生 化 湯 <sf> 治 產 後 外 感 風 寒 咳 嗽 及 鼻 塞 聲 重 </sf>
<formula> 
 川 芎 <sf> 一 錢 </sf> 當 歸 <sf> 二 錢 </sf> 杏 仁 <sf> 十 粒 </sf> 桔 梗 <sf> 四 分 </sf> 知 母 <sf> 八 分 </sf> 
 </formula> 
 <marginalia> 
 <sf> 知 母 一 本 作 四 分 </sf> 
 </marginalia> 
 </text></document>