<?xml version="1.0" encoding="UTF-8" standalone="yes" ?>
<document>
<header>
<doctitle>
 傅青主女科 
</doctitle>
<volume>
產後編上卷
 </volume>
<author>
 傅山(青主) 
</author>
<date>
 同治八年, 1869 
</date>
<currentpage>
 text 19a 
 </currentpage>
<first>
 Fu Title Page.xml
</first>
<last>
 Fu Text(5) 19b.xml
</last>
<prev>
 Fu Text(4) 18b.xml 
</prev>
<next>
 Fu Text(4) 19b.xml 
</next>
<image>
 Fu Text(4) 19a.jpg 
</image>
</header><text>
查 刊 本 去 桃 仁 然 必 須 問 有 塊 痛 與 否 方 可 議 去 服 二 帖 後 頭 仍 痛 身 仍 熱 加 白 芷 八 分 細 辛 四 分 如 &lt;x> [ 發 ] 熱 不 退 頭 痛 如 故 加 連 鬚 <cf> &#33905; </cf> 五 個 人 參 三 錢 產 後 敗 血 不 散 亦 能 作 寒 作 熱 何 以 辨 之 曰 時 有 剌 痛 者 敗 血 也 但 寒 熱 無 他 症 者 陰 陽 不 和 也 剌 痛 用 當 歸 乃 和 血 之 藥 若 乃 積 血 而 剌 痛 者 宜 用 紅 花 桃 仁 歸 尾 之 類 
 類 傷 寒 三 陰 症 <sf> 第 十 一 </sf> 
 潮 熱 有 汗 大 便 不 通 毋 專 論 為 陽 明 症 口 燥 咽 乾 而 渴 毋 專 論 為 少 陰 症 腹 滿 液 乾 大 便 實 毋 專 論 為 太 陰 症 又 汗 出 譫 語 便 閉 毋 專 論 為 腸 胃 中 燥 糞 宜 下 症 數 症 多 由 勞 倦 傷 脾 運 化 稽 遲 氣 血 枯 稿 腸 腑 燥 涸 乃 虛 症 
 </text></document>