<?xml version="1.0" encoding="UTF-8" standalone="yes" ?>
<document>
<header>
<doctitle>
 傅青主女科 
</doctitle>
<volume>
 女科下卷 
 </volume>
<author>
 傅山(青主) 
</author>
<date>
 同治八年, 1869 
</date>
<currentpage>
 text 8a 
 </currentpage>
<first>
 Fu Title Page.xml
</first>
<last>
 Fu Text(5) 19b.xml
</last>
<prev>
 Fu Text(2) 7b.xml 
</prev>
<next>
 Fu Text(2) 8b.xml 
</next>
<image>
 Fu Text(2) 8a.jpg 
</image>
</header><text>
<marginalia> 
 <sf> 黃 &lt;x> 用 嫩 黃 &lt;x> 不 可 用 箭 &lt;x> 係 北 日 外 苜 蓿 根 </sf> 
 </marginalia> 
 命 子 失 母 之 氣 則 拂 子 之 急 而 啼 於 腹 中 似 可 異 而 究 不 必 異 病 名 子 鳴 氣 虛 甚 也 治 宜 大 補 其 氣 使 母 之 氣 與 子 氣 和 合 則 子 之 意 安 而 啼 亦 息 矣 方 用 扶 氣 止 啼 湯 
 <formula> 
 人 參 <sf> 一 兩 </sf> 黃 &lt;x> <sf> 一 兩 生 用 </sf> 麥 冬 <sf> 一 兩 去 心 </sf> 當 歸 <sf> 五 錢 酒 洗 </sf> 橘 紅 <sf> 五 分 </sf> 甘 草 <sf> 一 錢 </sf> 花 粉 <sf> 一 錢 </sf> 
 </formula> 
 水 煎 服 一 劑 而 啼 即 止 二 劑 不 再 啼 此 方 用 人 參 黃 &lt;x> 麥 冬 以 補 肺 氣 使 肺 氣 旺 則 胞 胎 之 氣 亦 旺 胞 胎 之 氣 旺 則 胞 之 中 之 子 氣 有 不 隨 母 之 氣 以 為 呼 吸 者 未 之 有 也 
 妊 娠 腰 腹 疼 渴 汗 燥 狂 <sf> 四 十 八 </sf> 
 婦 人 懷 妊 有 口 渴 汗 出 大 飲 冷 水 而 煩 燥 發 狂 腰 腹 疼 
 </text></document>