<?xml version="1.0" encoding="UTF-8" standalone="yes" ?>
<document>
<header>
<doctitle>
 傅青主女科 
</doctitle>
<volume>
 女科下卷 
 </volume>
<author>
 傅山(青主) 
</author>
<date>
 同治八年, 1869 
</date>
<currentpage>
 text 12a 
 </currentpage>
<first>
 Fu Title Page.xml
</first>
<last>
 Fu Text(5) 19b.xml
</last>
<prev>
 Fu Text(2) 11b.xml 
</prev>
<next>
 Fu Text(2) 12b.xml 
</next>
<image>
 Fu Text(2) 12a.jpg 
</image>
</header><text>
<marginalia> 
 <sf> 胎 未 墮 宜 加 杜 仲 眾 炭 一 錢 上 五 炒 黑 一 一 若 胎 已 反 服 原 方 血 崩 不 止 加 五 眾 炭 三 錢 若 血 閉 心 暈 加 
 元 胡 炭 一 錢 </sf> 
 </marginalia> 
 而 胎 不 安 者 宜 顧 其 胎 而 不 可 輕 去 其 血 已 小 產 而 血 大 崩 宜 散 其 瘀 而 不 可 重 傷 其 氣 蓋 胎 已 墮 血 既 脫 而 血 室 空 虛 惟 氣 存 耳 倘 或 再 傷 其 氣 安 保 無 氣 脫 之 憂 乎 經 云 血 為 營 氣 為 衛 使 衛 有 不 固 則 營 無 依 而 安 矣 故 必 補 氣 以 生 血 新 血 生 而 瘀 血 自 散 矣 方 用 理 氣 散 瘀 湯 
 <formula> 
 人 參 <sf> 一 兩 </sf> 黃 &lt;x> <sf> 一 兩 生 用 </sf> 當 歸 <sf> 五 錢 酒 洗 </sf> 茯 苓 <sf> 三 錢 </sf> 紅 花 <sf> 一 錢 </sf> 丹 皮 <sf> 三 錢 </sf> 薑 炭 <sf> 五 錢 </sf> 
 </formula> 
 水 煎 服 一 劑 而 流 血 止 二 劑 而 昏 暈 除 三 劑 而 全 安 矣 此 方 用 人 參 黃 &lt;x >   以 補 氣 氣 旺 則 血 可 攝 也 用 當 歸 丹 皮 以 生 血 血 生 則 瘀 難 留 也 用 紅 花 黑 薑 以 活 血 血 活 則 暈 可 除 也 用 茯 苓 以 利 水 水 利 則 血 易 歸 
 </text></document>