<?xml version="1.0" encoding="UTF-8" standalone="yes" ?>
<document>
<header>
<doctitle>
 傅青主女科 
</doctitle>
<volume>
 產後編上卷
 </volume>
<author>
 傅山(青主) 
</author>
<date>
 同治八年, 1869 
</date>
<currentpage>
 text 1b 
 </currentpage>
<first>
 Fu Title Page.xml
</first>
<last>
 Fu Text(5) 19b.xml
</last>
<prev>
 Fu Text(4) 1a.xml 
</prev>
<next>
 Fu Text(4) 2a.xml 
</next>
<image>
 Fu Text(4) 1b.jpg 
</image>
</header><text>
弱 似 邪 之 症 非 同 胃 實 厥 由 陽 氣 之 衰 無 分 寒 熱 非 大 補 不 能 回 陽 而 起 弱 痙 因 陰 血 之 虧 不 論 剛 柔 非 滋 榮 不 能 舒 筋 而 活 絡 乍 寒 熱 發 作 無 期 症 似 瘧 也 若 以 瘧 治 遷 延 難 愈 言 論 無 倫 神 不 守 舍 病 似 邪 也 若 以 邪 治 危 亡 可 待 去 血 過 多 而 大 便 燥 結 肉 蓯 蓉 加 於 生 化 非 潤 腸 承 氣 之 能 通 去 汗 過 多 而 小 便 短 &lt;x> [ 澀 ] 六 君 子 倍 加 參 &lt;x> 必 生 津 助 液 之 可 利 加 參 生 化 湯 頻 服 救 產 後 之 危 長 生 活 命 丹 屢 用 甦 穀 之 人 &lt;x> 疝 脫 肛 多 是 氣 虛 下 陷 補 中 益 氣 之 方 日 噤 拳 攣 乃 因 血 燥 類 風 加 參 生 化 之 劑 產 戶 入 風 而 痛 甚 眼 宜 &lt;x> [ 羌 ] 活 養 榮 湯 玉 門 傷 涼 而 不 閉 洗 宜 &lt;x> 兒 黃 硫 散 怔 忡 驚 悸 生 化 湯 加 以 定 志 似 邪 恍 惚 安 神 丸 助 以 歸 脾 因 氣 而 悶 蒲 虛 煩 生 化 
 </text></document>