<?xml version="1.0" encoding="UTF-8" standalone="yes" ?>
<document>
<header>
<doctitle>
 傅青主女科 
</doctitle>
<volume>
 女科下卷 
 </volume>
<author>
 傅山(青主) 
</author>
<date>
 同治八年, 1869 
</date>
<currentpage>
 text 3a 
 </currentpage>
<first>
 Fu Title Page.xml
</first>
<last>
 Fu Text(5) 19b.xml
</last>
<prev>
 Fu Text(2) 2b.xml 
</prev>
<next>
 Fu Text(2) 3b.xml 
</next>
<image>
 Fu Text(2) 3a.jpg 
</image>
</header><text>
用 茯 苓 於 補 氣 之 中 雖 曰 滲 溼 而 仍 足 健 脾 清 肺 之 意 且 凡 利 水 之 品 多 是 耗 氣 之 藥 而 茯 苓 與 參 <cf> 術 </cf> 合 實 補 多 於 利 所 以 重 用 之 以 分 溼 邪 即 以 補 氣 血 耳 
 妊 娠 少 腹 疼 <sf> 四 十 一 </sf> 
 妊 娠 少 腹 作 疼 胎 動 不 安 如 有 下 墮 之 狀 人 只 知 帶 脈 無 力 也 誰 知 是 脾 胃 之 虧 乎 夫 胞 胎 雖 繫 於 帶 脈 而 帶 脈 實 關 於 脾 腎 脾 腎 虧 損 則 帶 脈 無 力 胞 胎 即 無 以 勝 任 矣 況 人 之 脾 腎 虧 損 者 非 飲 食 之 過 傷 即 色 慾 之 太 甚 脾 胃 虧 則 帶 脈 急 胞 胎 所 以 有 下 墮 之 狀 也 然 則 胞 胎 之 系 通 於 心 與 腎 而 不 通 於 脾 補 腎 可 也 何 故 補 脾 然 脾 為 後 天 腎 為 先 天 脾 非 先 天 之 氣 不 能 化 腎 非 後 天 之 氣 不 能 生 補 腎 而 不 補 脾 則 腎 之 精 何 以 遽 生 也 
 </text></document>