<?xml version="1.0" encoding="UTF-8" standalone="yes" ?>
<document>
<header>
<doctitle>
 傅青主女科 
</doctitle>
<volume>
 瘟疫簡易奇方 
 </volume>
<author>
 傅山(青主) 
</author>
<date>
 同治八年, 1869 
</date>
<currentpage>
 text 1b 
 </currentpage>
<first>
 Fu Title Page.xml
</first>
<last>
 Fu Text(5) 19b.xml
</last>
<prev>
 Fu Text(3) 1a.xml 
</prev>
<next>
 Fu Text(3) 2a.xml 
</next>
<image>
 Fu Text(3) 1b.jpg 
</image>
</header><text>
搗 黃 酒 水 各 半 煎 三 滾 溫 服 即 愈 真 能 解 除 瘟 毒 菉 豆 飲     遇 瘟 疫 初 覺 即 用 菉 豆 半 斤 煎 湯 將 豆 取 出 兌 洋 糖 二 兩 溫 涼 任 病 者 自 便 渴 則 代 茶 飢 則 拌 糖 食 豆 既 能 解 毒 且 兼 涼 散 瘟 疫 初 終 俱 可 服 食 乃 平 易 中 之 最 佳 最 捷 之 良 方 也 萬 勿 輕 忽 治 時 瘟 取 汗 方 
 <formula> 
 白 粳 米 <sf> 一 碗 </sf>   <cf> &#33905; </cf> 頭 <sf> 連 鬚 二 十 根 </sf> 
 </formula> 
 上 二 樣 加 水 煮 粥 煮 一 滾 滾 服 取 汗 可 以 解 瘟 <sf> 會 出 汗 者 不 用 </sf> 
 異 傳 通 治 瘟 疫 屢 驗 奇 方 <sf> 無 論 已 傳 經 未 傳 經 陰 症 陽 症 皆 愈 </sf>
<formula> 
 金 銀 花 <sf> 三 錢 </sf> 生 甘 草 <sf> 二 錢 </sf> 好 黃 土 <sf> 五 錢 </sf> 小 粒 黑 豆 <sf> 五 錢 微 炒 干 萬 別 焦 </sf> 白 礬 <sf> 二 錢 </sf> 
 </formula> 
 上 五 味 用 飯 碗 量 水 二 碗 半 煎 一 飯 碗 臨 臥 溫 服 至 
 </text></document>