<?xml version="1.0" encoding="UTF-8" standalone="yes" ?>
<document>
<header>
<doctitle>
 傅青主女科 
</doctitle>
<volume>
 女科上卷 
 </volume>
<author>
 傅山(青主) 
</author>
<date>
 同治八年, 1869 
</date>
<currentpage>
 text 32b 
 </currentpage>
<first>
 Fu Title Page.xml
</first>
<last>
 Fu Text(5) 19b.xml
</last>
<prev>
 Fu Text(1) 32a.xml 
</prev>
<next>
 Fu Text(1) 33a.xml 
</next>
<image>
 Fu Text(1) 32b.jpg 
</image>
</header><text>
<marginalia> 
 <sf> 人 不 一 餘 類 推 </sf> 
 </marginalia> 
 髓 過 熱 所 以 受 精 而 變 燥 以 致 難 於 育 子 本 非 胞 胎 之 不 能 受 精 所 以 稍 補 其 腎 以 殺 其 火 之 有 餘 而 益 其 水 之 不 足 便 易 種 子 耳 
 腰 酸 腹 脤 不 孕 <sf> 三 十 七 </sf> 
 婦 人 有 腰 酸 背 楚 胸 滿 腹 脤 倦 怠 欲 <cf> &#21351; </cf> 百 計 求 嗣 不 能 如 願 人 以 為 腰 腎 之 虛 也 誰 知 是 任 督 之 困 乎 夫 任 脈 行 於 前 督 脈 行 於 後 然 皆 從 帶 脈 之 上 下 而 行 也 故 任 脈 虛 則 帶 脈 墮 於 前 督 脈 虛 則 帶 脈 墮 於 後 雖 胞 胎 受 精 亦 必 小 產 況 任 督 之 脈 既 虛 而 疝 瘕 之 症 必 起 疝 瘕 <cf> 礙 </cf> 胞 胎 而 外 障 則 胞 胎 縮 於 疝 瘕 之 內 往 往 精 施 而 不 能 受 雖 餌 以 玉 燕 亦 何 益 哉 治 法 必 須 先 去 其 疝 瘕 之 病 而 補 其 任 督 之 脈 則 提 挈 天 地 把 握 陰 陽 呼 吸 精 氣 
 </text></document>