<?xml version="1.0" encoding="UTF-8" standalone="yes" ?>
<document>
<header>
<doctitle>
 傅青主女科 
</doctitle>
<volume>
 女科上卷 
 </volume>
<author>
 傅山(青主) 
</author>
<date>
 同治八年, 1869 
</date>
<currentpage>
 text 12b 
 </currentpage>
<first>
 Fu Title Page.xml
</first>
<last>
 Fu Text(5) 19b.xml
</last>
<prev>
 Fu Text(1) 12a.xml 
</prev>
<next>
 Fu Text(1) 13a.xml 
</next>
<image>
 Fu Text(1) 12b.jpg 
</image>
</header><text>
用 蕩 鬼 湯 
 <formula> 
 人 參 <sf> 一 兩 </sf> 當 歸 <sf> 一 兩 </sf> 大 黃 <sf> 一 兩 </sf> 雷 丸 <sf> 三 錢 </sf> 川 牛 膝 <sf> 三 錢 </sf> 紅 花 <sf> 三 錢 </sf> 丹 皮 <sf> 三 錢 </sf> 枳 <cf> &#22771; </cf> <sf> 一 錢 </sf> 厚 樸 <sf> 一 錢 </sf> 小 桃 仁 <sf> 三 十 粒 </sf> 
 </formula> 
 水 煎 服 一 劑 腹 必 大 鳴 瀉 惡 物 半 桶 再 服 一 劑 又 瀉 惡 物 而 愈 矣 斷 不 可 復 用 三 劑 也 蓋 雖 補 中 用 遂 未 免 迅 利 多 用 恐 傷 損 元 氣 此 方 用 雷 丸 以 袪 穢 又 得 大 黃 之 掃 除 且 佐 以 厚 樸 紅 花 桃 仁 等 味 皆 善 行 善 攻 之 品 何 邪 之 尚 能 留 腹 中 而 不 盡 遂 下 也 哉 尤 妙 在 用 參 歸 以 補 氣 血 則 邪 去 而 正 不 傷 若 丹 用 雷 丸 大 黃 以 迅 下 之 必 有 氣 脫 血 崩 之 患 矣 倘 或 知 是 鬼 胎 如 室 女 寡 婦 輩 邪 氣 雖 盛 <sf> 而 真 氣 未 漓 可 用 岐 天 師 方 亦 宜 斟 &lt;x> [ 酌 ] 也 </sf> 
 </text></document>