<?xml version="1.0" encoding="UTF-8" standalone="yes" ?>
<document>
<header>
<doctitle>
 傅青主女科 
</doctitle>
<volume>
 女科下卷 
 </volume>
<author>
 傅山(青主) 
</author>
<date>
 同治八年, 1869 
</date>
<currentpage>
 text 27b 
 </currentpage>
<first>
 Fu Title Page.xml
</first>
<last>
 Fu Text(5) 19b.xml
</last>
<prev>
 Fu Text(2) 27a.xml 
</prev>
<next>
 Fu Text(2) 28a.xml 
</next>
<image>
 Fu Text(2) 27b.jpg 
</image>
</header><text>
有 力 矣 特 慮 生 產 之 後 用 補 陰 之 藥 膩 滯 不 行 又 加 肉 桂 以 補 命 門 之 火 使 火 氣 有 根 助 人 參 以 生 氣 且 能 運 化 地 黃 之 類 以 化 精 生 血 若 過 於 助 陽 萬 一 血 隨 陽 動 瘀 而 上 行 亦 非 保 全 之 策 更 加 荊 芥 以 引 血 歸 經 則 肺 氣 安 而 喘 速 定 治 幾 其 神 乎 
 產 後 惡 寒 身 顫 <sf> 六 十 九 </sf> 
 婦 人 產 後 惡 寒 惡 心 身 體 顫 發 熱 作 渴 人 以 為 產 後 傷 寒 也 誰 知 是 氣 血 兩 虛 正 不 敵 邪 而 然 乎 大 凡 人 之 氣 不 虛 則 邪 斷 難 入 產 婦 失 血 既 多 則 氣 必 大 虛 氣 虛 則 皮 毛 無 衛 邪 原 易 入 正 不 必 戶 外 之 風 來 襲 體 也 即 一 舉 一 動 風 即 可 乘 虛 而 入 之 然 產 後 之 婦 風 易 入 而 亦 易 出 有 外 邪 之 感 俱 不 必 袪 風 況 產 婦 之 惡 寒 者 寒 
 </text></document>