<?xml version="1.0" encoding="UTF-8" standalone="yes" ?>
<document>
<header>
<doctitle>
 傅青主女科 
</doctitle>
<volume>
 產後編下卷
 </volume>
<author>
 傅山(青主) 
</author>
<date>
 同治八年, 1869 
</date>
<currentpage>
 text 14a 
 </currentpage>
<first>
 Fu Title Page.xml
</first>
<last>
 Fu Text(5) 19b.xml
</last>
<prev>
 Fu Text(5) 13b.xml 
</prev>
<next>
 Fu Text(5) 14b.xml 
</next>
<image>
 Fu Text(5) 14a.jpg 
</image>
</header><text>
<marginalia> 
 <sf> 一 本 無 桑 奇 生 
 一 本 有 川 芎 八 分 
 胡 桃 一 本 作 二 十 個 </sf> 
 </marginalia> 
 薑 三 片 水 煎 服 
 腰 痛 <sf> 第 三 十 七 </sf> 
 由 女 人 腎 位 繫 胞 腰 為 腎 腑 產 後 勞 傷 腎 氣 損 動 胞 絡 或 虛 未 復 而 風 乘 之 也 
 養 榮 壯 腎 湯 <sf> 治 產 後 感 風 寒 腰 痛 不 可 轉 </sf>
<formula> 
 當 歸 <sf> 二 錢 </sf> 防 風 <sf> 四 分 </sf> 獨 活 桂 心 杜 仲 續 斷 桑 奇 生 <sf> 各 八 分 </sf> 
 </formula> 
 生 薑 三 片 水 煎 服 兩 帖 後 痛 未 止 屬 腎 虛 加 熟 地 三 錢 
 加 味 大 造 丸 <sf> 治 產 後 日 久 氣 血 兩 虛 腰 痛 腎 弱 方 見 骨 蒸 條 </sf> 
 青 蛾 丸
<formula> 
 胡 桃 <sf> 十 二 個 </sf> 破 故 紙 <sf> 八 兩 酒 浸 炒 </sf> 杜 仲 <sf> 一 斤 薑 汗 炒 去 絲 </sf> 
 </formula> 
 </text></document>