<?xml version="1.0" encoding="UTF-8" standalone="yes" ?>
<document>
<header>
<doctitle>
 傅青主女科 
</doctitle>
<volume>
 女科上卷 
 </volume>
<author>
 傅山(青主) 
</author>
<date>
 同治八年, 1869 
</date>
<currentpage>
 text 28b 
 </currentpage>
<first>
 Fu Title Page.xml
</first>
<last>
 Fu Text(5) 19b.xml
</last>
<prev>
 Fu Text(1) 28a.xml 
</prev>
<next>
 Fu Text(1) 29a.xml 
</next>
<image>
 Fu Text(1) 28b.jpg 
</image>
</header><text>
兼 補 命 門 與 心 包 絡 之 火 藥 味 不 多 而 四 經 並 治 命 門 心 包 之 火 旺 則 脾 與 胃 無 寒 冷 之 虞 子 母 相 顧 二 家 和 合 自 然 飲 食 多 而 善 化 氣 血 旺 而 能 任 帶 脈 有 力 不 虞 落 胎 安 有 不 玉 麟 之 育 哉 
 少 腹 急 迫 不 孕 <sf> 三 十 二 </sf> 
 婦 人 有 少 腹 之 間 自 覺 有 緊 迫 之 狀 急 而 不 舒 不 能 生 育 此 人 人 之 所 不 識 也 誰 知 是 帶 脈 之 拘 急 乎 夫 帶 脈 繫 於 腰 臍 之 間 宜 弛 而 不 宜 急 今 帶 脈 之 急 者 山 於 腰 臍 之 氣 不 利 也 而 腰 臍 之 氣 不 利 者 由 於 脾 胃 之 氣 不 足 也 脾 胃 氣 虛 則 腰 臍 之 氣 閉 腰 臍 之 氣 閉 則 帶 脈 拘 急 遂 致 牽 動 胞 胎 精 即 直 射 於 胞 胎 胞 胎 亦 暫 能 茹 納 而 力 難 負 載 必 不 能 免 小 產 之 虞 況 人 多 不 能 節 慾 安 
 </text></document>