<?xml version="1.0" encoding="UTF-8" standalone="yes" ?>
<document>
<header>
<doctitle>
 傅青主女科 
</doctitle>
<volume>
 女科下卷 
 </volume>
<author>
 傅山(青主) 
</author>
<date>
 同治八年, 1869 
</date>
<currentpage>
 text 18b 
 </currentpage>
<first>
 Fu Title Page.xml
</first>
<last>
 Fu Text(5) 19b.xml
</last>
<prev>
 Fu Text(2) 18a.xml 
</prev>
<next>
 Fu Text(2) 19a.xml 
</next>
<image>
 Fu Text(2) 18b.jpg 
</image>
</header><text>
<marginalia> 
 <sf> 收 不 欲 兒 墮 地 受 傷 非 穩 婆 別 有 妙 法 也 若 穩 婆 來 之 即 令 產 婦 見 面 彼 必 胡 言 此 語 用 力 力 早 必 致 難 產 百 變 叢 生 戒 之 慎 之 </sf> 
 </marginalia> 
 氣 而 恐 懼 自 定 恐 懼 定 而 氣 逆 者 將 莫 知 其 何 以 定 也 何 必 開 交 骨 之 多 事 乎 哉 
 子 死 產 門 難 產 <sf> 六 十 </sf> 
 婦 人 有 生 產 三 四 日 兒 已 到 產 門 交 骨 不 開 兒 不 得 下 子 死 而 母 未 亡 者 服 開 骨 之 藥 不 驗 當 有 死 亡 之 危 今 幸 而 不 死 者 正 因 其 子 死 而 胞 胎 下 墜 子 母 離 開 母 氣 已 收 未 至 同 子 氣 俱 絕 也 治 但 救 其 母 而 不 必 顧 其 子 矣 然 死 子 在 產 門 塞 其 下 口 有 致 母 死 之 患 宜 用 推 送 之 法 補 血 以 生 水 補 氣 以 生 血 使 氣 血 兩 旺 死 子 可 出 而 存 母 命 也 倘 徒 用 降 子 之 劑 以 墜 之 則 死 子 未 必 下 而 母 氣 先 脫 矣 非 救 援 之 善 者 也 山 親 見 此 等 之 症 常 用 救 母 丹 活 人 頗 多 故 誌 之 
 </text></document>