<?xml version="1.0" encoding="UTF-8" standalone="yes" ?>
<document>
<header>
<doctitle>
 傅青主女科 
</doctitle>
<volume>
女科下卷
</volume>
<author>
 傅山(青主) 
</author>
<date>
 同治八年, 1869 
</date>
<currentpage>
 table of contents 1a 
 </currentpage>
<first>
 Fu Title Page.xml
</first>
<last>
 Fu Text(5) 19b.xml
</last>
<prev>
 Fu Text(1) 34b.xml
</prev>
<next>
 Fu Text(2) TC 1b.xml 
</next>
<image>
 Fu Text(2) Table of Contents 1a.jpg
</image>
</header><text>
女 科 下 卷 目 錄 <sf> 其 三 十 九 條 四 十 一 症 四 十 二 方 二 法 </sf> 
 妊 娠 
 惡 阻 <sf> 順 肝 益 氣 湯 </sf> 
 浮 腫 <sf> 加 減 補 中 益 氣 湯 </sf> 
 少 腹 疼 <sf> 安 奠 二 天 湯 </sf> 
 口 乾 咽 疼 <sf> 潤 燥 安 胎 湯 </sf> 
 吐 瀉 腹 疼 <sf> 援 土 固 胎 湯 </sf> 
 子 懸 脅 疼 <sf> 解 鬱 湯 </sf> 
 跌 損 <sf> 救 損 安 胎 湯 </sf> 
 胎 漏 <sf> 助 氣 補 漏 湯 </sf> 
 子 鳴 <sf> 扶 氣 止 啼 湯 </sf> 
 腰 腹 疼 渴 汗 燥 狂 即 子 狂 <sf> 息 焚 安 胎 湯 </sf> 
 </text></document>