<?xml version="1.0" encoding="UTF-8" standalone="yes" ?>
<document>
<header>
<doctitle>
 傅青主女科 
</doctitle>
<volume>
產後編上卷
 </volume>
<author>
 傅山(青主) 
</author>
<date>
 同治八年, 1869 
</date>
<currentpage>
 text 10b 
 </currentpage>
<first>
 Fu Title Page.xml
</first>
<last>
 Fu Text(5) 19b.xml
</last>
<prev>
 Fu Text(4) 10a.xml 
</prev>
<next>
 Fu Text(4) 11a.xml 
</next>
<image>
 Fu Text(4) 10b.jpg 
</image>
</header><text>
<formula> 
 炙 草 <sf> 五 分 </sf> 荊 芥 <sf> 四 分 炒 黑 </sf> 大 棗 水 煎 服</formula> 
勞 倦 甚 而 暈 及 血 崩 氣 脫 而 暈 並 宜 速 灌 兩 服 如 形 色 脫 或 汗 出 而 脫 皆 急 服 一 帖 即 加 人 參 三 四 錢 一 加 肉 桂 四 分 決 不 可 疑 參 為 補 而 煖 服 痰 火 乘 虛 泛 上 而 暈 方 內 加 橘 紅 四 分 虛 甚 加 人 參 二 錢 肥 人 多 痰 再 加 竹 瀝 七 分 薑 汁 少 許 總 不 可 用 稜 朮 破 血 等 方 其 血 塊 痛 甚 兼 送 益 母 丸 或 鹿 角 灰 或 元 胡 散 或 獨 勝 散 上 消 血 塊 方 服 一 服 郎 效 不 必 易 方 從 權 救 焦 急 
 加 參 生 化 湯 <sf> 治 產 後 刑 色 脫 暈 或 汁 多 脫 暈 </sf> 
 <formula> 
 人 參 <sf> 三 錢 有 倍 加 至 五 錢 者 </sf> 川 芎 <sf> 二 錢 </sf> 當 歸 <sf> 五 錢 </sf> 炙 草 <sf> 四 錢 </sf> 桃 仁 <sf> 十 粒 </sf> 炮 薑 <sf> 四 分 </sf> 大 棗 </formula>
 水 煎 服 
 </text></document>