<?xml version="1.0" encoding="UTF-8" standalone="yes" ?>
<document>
<header>
<doctitle>
 傅青主女科 
</doctitle>
<volume>
 女科上卷 
 </volume>
<author>
 傅山(青主) 
</author>
<date>
 同治八年, 1869 
</date>
<currentpage>
 text 11a 
 </currentpage>
<first>
 Fu Title Page.xml
</first>
<last>
 Fu Text(5) 19b.xml
</last>
<prev>
 Fu Text(1) 10b.xml 
</prev>
<next>
 Fu Text(1) 11b.xml 
</next>
<image>
 Fu Text(1) 11a.jpg 
</image>
</header><text>
<marginalia> 
 <sf> 事 仍 無 節 制 病 必 復 作 久 則 成 勞 慎 之 </sf> 
 </marginalia> 
 崩 而 無 有 止 時 何 以 行 人 道 而 始 來 果 與 肝 木 無 恙 耶 夫 脾 健 則 能 攝 血 肝 平 則 能 藏 血 人 未 入 房 之 時 君 相 二 火 寂 然 不 動 雖 衝 脈 獨 熱 而 血 亦 不 至 外 馳 及 有 人 道 之 感 則 子 宮 大 開 君 相 火 動 以 熱 招 熱 同 氣 相 求 翕 然 齊 動 以 鼓 其 精 房 血 海 泛 濫 有 不 能 止 遏 之 勢 肝 欲 藏 之 而 不 能 脾 欲 攝 之 而 不 得 故 經 水 隨 交 感 而 至 若 有 聲 應 之 捷 是 惟 火 之 為 病 也 治 法 必 須 滋 陰 降 火 以 清 血 海 而 和 子 宮 則 終 身 之 病 可 半 載 而 除 矣 然 必 絕 慾 三 月 而 後 可 方 用 清 海 丸 
 <formula> 
 大 熟 地 <sf> 一 斤 九 蒸 </sf> 山 萸 <sf> 十 兩 蒸 </sf> 山 藥 <sf> 十 兩 </sf> 炒 丹 皮 <sf> 十 兩 </sf> 北 五 味 <sf> 二 兩 炒 </sf> 麥 東 肉 <sf> 十 兩 </sf> 白 <cf> 術 </cf> <sf> 一 斤 土 炒 </sf> 白 芍 <sf> 一 斤 酒 炒 </sf> 龍 骨 <sf> 二 兩 </sf> 地 骨 皮 <sf> 十 兩 </sf> 乾 桑 葉 <sf> 一 斤 </sf> 元 參 <sf> 一 斤 </sf> 
 </formula> 
 </text></document>