<?xml version="1.0" encoding="UTF-8" standalone="yes" ?>
<document>
<header>
<doctitle>
 傅青主女科 
</doctitle>
<volume>
 產後編下卷
 </volume>
<author>
 傅山(青主) 
</author>
<date>
 同治八年, 1869 
</date>
<currentpage>
 text 15b 
 </currentpage>
<first>
 Fu Title Page.xml
</first>
<last>
 Fu Text(5) 19b.xml
</last>
<prev>
 Fu Text(5) 15a.xml 
</prev>
<next>
 Fu Text(5) 16a.xml 
</next>
<image>
 Fu Text(5) 15b.jpg 
</image>
</header><text>
綿 纏 之 
 一 方 用 石 硫 黃 末 將 縳 桃 枝 蘸 而 燃 煙 薰 之 按 此 條 宜 與 上 條 合 看 
 一 方 截 一 短 竹 筒 先 納 陰 中 以 桃 枝 燒 煙 薰 之 
 惡 露 <sf> 第 四 十 </sf> 
 即 係 裹 兒 污 血 產 時 惡 露 隨 下 則 腹 部 痛 而 產 自 安 若 腹 欠 溫 煖 或 傷 泠 [ 冷 ] 物 以 致 惡 露 凝 塊 日 久 不 散 則 虛 症 百 出 或 身 熱 骨 蒸 食 少 贏 瘦 或 五 心 煩 熱 月 水 不 行 其 塊 在 兩 { 脅 } 動 則 雷 鳴 嘈 雜 暈 胘 發 熱 似 瘧 時 作 時 止 如 此 數 症 治 者 欲 洩 其 邪 先 補 其 虛 必 用 補 中 益 氣 湯 送 三 消 丸 則 元 氣 不 損 惡 露 可 消 加 味 補 中 益 氣 湯 
 </text></document>