<?xml version="1.0" encoding="UTF-8" standalone="yes" ?>
<document>
<header>
<doctitle>
 傅青主女科 
</doctitle>
<volume>
產後編上卷
 </volume>
<author>
 傅山(青主) 
</author>
<date>
 同治八年, 1869 
</date>
<currentpage>
 text 20a 
 </currentpage>
<first>
 Fu Title Page.xml
</first>
<last>
 Fu Text(5) 19b.xml
</last>
<prev>
 Fu Text(4) 19b.xml 
</prev>
<next>
 Fu Text(4) 20b.xml 
</next>
<image>
 Fu Text(4) 20a.jpg 
</image>
</header><text>
<formula> 
 <sf> 一 錢 </sf> 麻 黃 根 <sf> 一 錢 </sf> 人 參 <sf> 二 錢 </sf> 口 燥 渴 加 人 參 麥 冬 <sf> 各 一 錢 </sf> 腹 滿 溢 便 實 加 麥 冬 <sf> 一 錢 </sf> 枳 <cf> &#22771; </cf> <sf> 六 分 </sf> 人 參 <sf> 二 錢 </sf> 蓯 蓉 <sf> 一 錢 </sf> 汗 出 譫 語 便 實 乃 氣 血 虛 竭 精 失 守 宜 養 榮 安 神 加 茯 神 遠 志 蓯 蓉 各 <sf> 一 錢 </sf> 人 參 白 朮 各 <sf> 二 錢 </sf> 黃 &lt;x> 白 芷 <sf> 各 一 錢 </sf> 柏 子 仁 <sf> 一 錢 </sf> 
 </formula> 
 以 上 數 等 大 便 燥 結 症 非 用 當 歸 人 參 至 斤 數 難 取 功 效 大 抵 產 後 虛 中 傷 寒 口 傷 食 物 外 症 雖 見 頭 痛 發 熱 或 脅 痛 腰 痛 是 外 感 宜 汗 猶 當 重 產 亡 血 禁 汗 惟 宜 生 化 湯 量 為 加 減 調 裡 無 失 又 如 大 便 秘 結 猶 當 重 產 亡 血 禁 下 宜 養 正 助 血 通 滯 則 穩 當 矣 
 又 潤 腸 粥 <sf> 治 產 後 日 久 大 便 不 通 </sf> 
 芝 麻 一 升 研 末 和 米 二 合 煮 粥 食 腸 潤 即 通 
 </text></document>