<?xml version="1.0" encoding="UTF-8" standalone="yes" ?>
<document>
<header>
<doctitle>
 傅青主女科 
</doctitle>
<volume>
 產後編下卷
 </volume>
<author>
 傅山(青主) 
</author>
<date>
 同治八年, 1869 
</date>
<currentpage>
 text 14b 
 </currentpage>
<first>
 Fu Title Page.xml
</first>
<last>
 Fu Text(5) 19b.xml
</last>
<prev>
 Fu Text(5) 14a.xml 
</prev>
<next>
 Fu Text(5) 15a.xml 
</next>
<image>
 Fu Text(5) 14b.jpg 
</image>
</header><text>
<marginalia> 
 <sf> 一 本 山 萸 二 錢 當 歸 二 錢 五 味 十 粒 黃 &lt;x> 八 分 川 芎 六 分 熟 地 錢 牛 木 瓜 白 朮 各 錢 獨 活 八 分 棗 仁 一 錢 薑 一 片 無 山 藥 存 參 </sf> 
 </marginalia> 
 為 細 未 煉 蜜 丸 淡 酢 湯 送 六 十 
 { 脅 } 痛 <sf> 第 三 十 八 </sf> 
 乃 肝 經 血 虛 氣 滯 之 故 氣 滯 用 四 君 子 湯 加 青 皮 柴 胡 血 虛 用 四 物 湯 加 柴 胡 人 參 白 朮 若 概 用 香 燥 之 藥 則 反 傷 清 和 之 氣 無 所 生 矣 
 補 肺 散 <sf> 治 { 脅 } 痛 </sf>
<formula> 
 山 萸       當 歸       五 味       山 藥       黃 &lt;x>       川 芎       熟 地       木 瓜       白 朮       獨 活       棗 仁 <sf> 各 等 分 </sf> 
 </formula> 
 水 煎 服 
 陰 痛 <sf> 第 三 十 九 </sf> 
 產 後 起 居 太 早 產 門 感 風 作 痛 衣 被 難 近 身 體 宜 用 祛 風 定 痛 湯 
 </text></document>