<?xml version="1.0" encoding="UTF-8" standalone="yes" ?>
<document>
<header>
<doctitle>
 傅青主女科 
</doctitle>
<volume>
產後編上卷
 </volume>
<author>
 傅山(青主) 
</author>
<date>
 同治八年, 1869 
</date>
<currentpage>
 text 9b 
 </currentpage>
<first>
 Fu Title Page.xml
</first>
<last>
 Fu Text(5) 19b.xml
</last>
<prev>
 Fu Text(4) 9a.xml 
</prev>
<next>
 Fu Text(4) 10a.xml 
</next>
<image>
 Fu Text(4) 9b.jpg 
</image>
</header><text>
等 攻 補 兼 治 其 塊 自 消 如 虛 甚 食 少 泄 瀉 只 服 此 帖 定 痛 且 健 脾 胃 進 食 止 瀉 然 後 服 消 塊 湯 
 加 味 生 化 湯 <sf> 治 血 塊 日 久 不 消 半 月 後 方 可 用 之 </sf>
<formula> 
 川 芎 <sf> 一 錢 </sf> 當 歸 <sf> 三 錢 </sf> 肉 薑 <sf> 四 分 </sf> 桃 仁 <sf> 十 五 粒 </sf> 三 稜 <sf> 酯 炒 六 分 </sf> 元 胡 <sf> 六 分 </sf> 肉 桂 <sf> 六 分 </sf> 炙 草 <sf> 四 分 </sf> 
 </formula> 
 血 量 <sf> 第 二 </sf> 
 分 娩 之 後 眼 見 黑 花 頭 眩 昏 暈 不 省 人 事 者 一 因 勞 倦 甚 而 氣 竭 神 昏 二 因 大 脫 血 而 氣 欲 絕 三 因 痰 火 乘 虛 泛 上 而 神 不 守 當 急 服 生 化 湯 二 三 帖 外 用 韭 菜 細 切 納 有 嘴 瓶 中 用 滾 醋 二 鍾 沖 入 瓶 內 急 沖 產 母 鼻 中 即 醒 若 偏 信 古 方 認 為 惡 血 搶 心 而 輕 用 散 血 之 劑 認 為 疫 火 而 用 無 補 消 降 之 方 誤 甚 矣 
 </text></document>