<?xml version="1.0" encoding="UTF-8" standalone="yes" ?>
<document>
<header>
<doctitle>
 傅青主女科 
</doctitle>
<volume>
產後編上卷
 </volume>
<author>
 傅山(青主) 
</author>
<date>
 同治八年, 1869 
</date>
<currentpage>
 text 11a 
 </currentpage>
<first>
 Fu Title Page.xml
</first>
<last>
 Fu Text(5) 19b.xml
</last>
<prev>
 Fu Text(4) 10b.xml 
</prev>
<next>
 Fu Text(4) 11b.xml 
</next>
<image>
 Fu Text(4) 11a.jpg 
</image>
</header><text>
脈 脫 形 脫 將 絕 之 症 必 服 此 方 加 參 四 五 錢 頻 頻 灌 之 產 後 血 崩 血 暈 兼 汗 多 宜 服 此 方 無 汗 不 妥 只 服 本 方 不 必 加 參 左 尺 脈 脫 亦 加 參 此 方 治 產 後 危 急 諸 症 可 通 用 一 晝 一 夜 必 須 服 三 四 劑 若 照 常 症 服 豈 能 接 將 絕 之 氣 血 扶 危 急 之 變 症 耶 產 後 一 二 日 血 塊 痛 雖 未 止 產 婦 氣 血 虛 脫 或 暈 或 厥 或 汗 多 或 形 脫 口 氣 漸 涼 煩 渴 不 止 或 氣 喘 急 無 論 塊 痛 從 權 用 加 參 生 化 湯 病 勢 稍 退 又 當 減 參 且 服 生 化 湯 加 減 法 血 塊 痛 甚 加 肉 桂 七 分 渴 加 麥 冬 一 錢 五 味 十 粒 汗 多 加 麻 黃 根 一 錢 如 血 塊 不 痛 加 炙 黃 &lt;x> 一 錢 以 止 汗 傷 飯 食 &lt;x> [ 麵 ] 食 加 炒 神 麵 一 錢 麥 芽 五 分 炒 傷 肉 食 加 山 查 五 個 砂 仁 四 錢 炒 
 </text></document>