<?xml version="1.0" encoding="UTF-8" standalone="yes" ?>
<document>
<header>
<doctitle>
 傅青主女科 
</doctitle>
<volume>
 女科上卷 
 </volume>
<author>
 傅山(青主) 
</author>
<date>
 同治八年, 1869 
</date>
<currentpage>
 text 17b 
 </currentpage>
<first>
 Fu Title Page.xml
</first>
<last>
 Fu Text(5) 19b.xml
</last>
<prev>
 Fu Text(1) 17a.xml 
</prev>
<next>
 Fu Text(1) 18a.xml 
</next>
<image>
 Fu Text(1) 17b.jpg 
</image>
</header><text>
<marginalia> 
 <sf> 加 貫 仲 炭 一 錢 研 細 末 以 藥 沖 服 尤 妙 </sf> 
 </marginalia> 
 婦 人 有 年 五 十 外 或 六 七 十 歲 忽 然 行 經 者 或 下 紫 血 是 塊 或 如 紅 血 淋 入 或 曰 老 婦 行 經 是 還 少 之 象 誰 知 是 血 崩 之 漸 乎 夫 婦 人 至 七 七 之 外 天 癸 已 竭 又 不 服 濟 陰 補 陽 之 藥 又 如 何 能 精 蒲 化 經 一 如 少 婦 然 經 不 宜 行 而 行 者 乃 肝 不 藏 脾 不 統 之 故 也 非 精 過 洩 而 動 命 門 之 火 即 氣 鬱 甚 而 發 龍 雷 之 炎 二 火 交 發 而 血 乃 奔 矣 有 似 行 經 而 實 非 經 也 此 等 之 症 非 大 補 肝 脾 之 氣 與 血 而 血 安 能 驟 止 方 用 安 老 湯 
 <formula> 
 人 參 <sf> 一 兩 黃 &lt;x> 一 兩 生 用 </sf> 大 熟 地 <sf> 一 兩 九 蒸 </sf> 白 <cf> 術 </cf> <sf> 五 錢 土 炒 </sf> 當 歸 <sf> 五 錢 酒 炒 </sf> 山 萸 <sf> 五 錢 蒸 </sf> 阿 膠 <sf> 一 錢 蛤 粉 炒 </sf> 黑 芥 穗 <sf> 一 錢 </sf> 甘 草 <sf> 一 錢 </sf> 香 附 <sf> 五 分 酒 炒 </sf> 木 耳 炭 <sf> 一 錢 </sf> 
 </formula> 
 水 煎 服 一 劑 減 二 劑 尤 減 四 劑 全 減 十 劑 愈 此 方 補 
 </text></document>