<?xml version="1.0" encoding="UTF-8" standalone="yes" ?>
<document>
<header>
<doctitle>
 傅青主女科 
</doctitle>
<volume>
 女科下卷 
 </volume>
<author>
 傅山(青主) 
</author>
<date>
 同治八年, 1869 
</date>
<currentpage>
 text 12b 
 </currentpage>
<first>
 Fu Title Page.xml
</first>
<last>
 Fu Text(5) 19b.xml
</last>
<prev>
 Fu Text(2) 12a.xml 
</prev>
<next>
 Fu Text(2) 13a.xml 
</next>
<image>
 Fu Text(2) 12b.jpg 
</image>
</header><text>
大 便 乾 結 小 產 <sf> 五 十 三 </sf> 
 妊 婦 有 口 渴 煩 燥 舌 上 生 瘡 兩 唇 腫 裂 大 便 乾 結 數 曰 不 得 通 以 致 腹 疼 小 產 者 人 皆 曰 入 腸 之 火 熱 也 誰 知 是 血 熱 爍 胎 乎 夫 血 所 以 養 胎 也 溫 和 則 胎 受 其 益 太 熱 則 胎 受 其 損 如 其 熱 久 爍 之 則 兒 在 胞 胎 之 中 若 有 探 湯 之 苦 難 以 存 活 則 必 外 越 下 奔 以 避 炎 氣 之 逼 迫 欲 其 胎 之 不 墜 也 得 乎 然 則 血 蔭 乎 胎 則 血 必 虛 耗 血 者 陰 也 虛 則 陽 亢 亢 則 害 矣 且 血 乃 陰 水 所 化 血 日 蔭 胎 取 給 刻 不 容 緩 而 火 熾 陰 水 不 能 速 生 以 化 血 所 以 陰 虛 火 動 陰 中 無 非 火 氣 血 中 赤 無 非 火 氣 矣 兩 火 相 合 焚 逼 兒 胎 此 胎 之 所 以 下 墜 也 治 法 宜 清 胞 中 之 火 補 賢 中 之 精 則 可 已 矣 或 疑 兒 已 下 墜 何 故 再 顧 其 胞 
 </text></document>