<?xml version="1.0" encoding="UTF-8" standalone="yes" ?>
<document>
<header>
<doctitle>
 傅青主女科 
</doctitle>
<volume>
產後編上卷
 </volume>
<author>
 傅山(青主) 
</author>
<date>
 同治八年, 1869 
</date>
<currentpage>
 text 21b 
 </currentpage>
<first>
 Fu Title Page.xml
</first>
<last>
 Fu Text(5) 19b.xml
</last>
<prev>
 Fu Text(4) 21a.xml 
</prev>
<next>
 Fu Text(4) 22a.xml 
</next>
<image>
 Fu Text(4) 21b.jpg 
</image>
</header><text>
<marginalia> 
 <sf> 一 木 引 用 薑 一 片 棗 枚 </sf></marginalia>
<formula>
人 參 <sf> 一 錢 </sf> 炙 草 <sf> 五 分 </sf> &lt;x> [ 羌 ] 活 <sf> 五 分 </sf> 天 麻 <sf> 八 分 </sf> 附 子 <sf> 一 片 </sf> 羚 羊 角 <sf> 八 分 </sf> 如 無 汗 類 痙 者 中 風 用 川 芎 <sf> 三 錢 </sf> 當 歸 <sf> 一 兩 酒 洗 </sf> 棗 仁 防 風 <sf> 俱 無 分 量 </sf> 
 </formula> 
 出 汗 <sf> 第 十 四 </sf> 
 凡 分 娩 時 汗 出 由 勞 傷 脾 驚 傷 心 恐 傷 肝 也 產 婦 多 兼 三 者 而 汗 出 不 可 即 用 斂 汗 之 劑 神 定 而 汗 自 止 若 血 塊 作 痛 &lt;x> 朮 末 可 遽 加 宜 服 生 化 湯 二 三 帖 以 消 塊 痛 隨 繼 服 加 參 生 化 湯 以 止 虛 汗 若 分 娩 後 倦 甚 濈 濈 然 汗 出 形 色 又 脫 乃 亡 陽 脫 汗 也 汗 本 亡 陽 陽 亡 則 陰 隨 之 故 又 當 從 權 速 灌 加 參 生 化 湯 倍 參 以 救 危 毋 拘 塊 痛 婦 人 產 多 汗 當 健 脾 以 斂 水 液 之 精 益 榮 衛 以 噓 血 
 </text></document>