<?xml version="1.0" encoding="UTF-8" standalone="yes" ?>
<document>
<header>
<doctitle>
 傅青主女科 
</doctitle>
<volume>
 產後編下卷
 </volume>
<author>
 傅山(青主) 
</author>
<date>
 同治八年, 1869 
</date>
<currentpage>
 table of contents 2a 
 </currentpage>
<first>
 Fu Title Page.xml
</first>
<last>
 Fu Text(5) 19b.xml
</last>
<prev>
 Fu Text(5) Table of Contents 1b.xml 
</prev>
<next>
 Fu Text(5) TC 2b.xml
</next>
<image>
 Fu Text(5) TC 2a.jpg
</image>
</header><text>
乳 瘋 
 風 甚 
 不 語 
 補 編 
 大 便 不 通 
 雞 瓜 風 
 浮 腫 
 </text></document>