<?xml version="1.0" encoding="UTF-8" standalone="yes" ?>
<document>
<header>
<doctitle>
 傅青主女科 
</doctitle>
<volume>
 產後編下卷
 </volume>
<author>
 傅山(青主) 
</author>
<date>
 同治八年, 1869 
</date>
<currentpage>
 text 4b 
 </currentpage>
<first>
 Fu Title Page.xml
</first>
<last>
 Fu Text(5) 19b.xml
</last>
<prev>
 Fu Text(5) 4a.xml 
</prev>
<next>
 Fu Text(5) 5a.xml 
</next>
<image>
 Fu Text(5) 4b.jpg 
</image>
</header><text>
加 減 省 化 湯 <sf> 治 產 後 七 日 內 患 痢 </sf>
<formula> 
 川 芎 <sf> 二 錢 </sf> 當 歸 <sf> 五 錢 </sf> 炙 草 <sf> 五 分 </sf> 桃 仁 <sf> 十 二 粒 </sf> 茯 苓 一 錢 陳 皮 <sf> 四 分 </sf> 木 香 <sf> 磨 三 分 </sf> 
 </formula> 
 紅 痢 腹 痛 加 砂 仁 八 分 
 青 血 九 <sf> 治 禁 口 </sf> 痢 
 香 連 為 末 加 蓮 肉 粉 各 一 兩 半 和 勻 為 九 酒 送 下 四 錢 
 凡 產 三 四 日 後 塊 散 痢 疾 少 減 共 十 症 開 後 依 治 
 一 產 後 久 瀉 元 氣 下 陷 大 便 不 禁 肛 門 如 脫 宜 服 六 君 子 湯 加 木 香 四 分 肉 果 一 個 製 薑 汁 五 分 
 二 產 後 瀉 痢 
 </text></document>