<?xml version="1.0" encoding="UTF-8" standalone="yes" ?>
<document>
<header>
<doctitle>
 傅青主女科 
</doctitle>
<volume>
 女科上卷 
 </volume>
<author>
 傅山(青主) 
</author>
<date>
 同治八年, 1869 
</date>
<currentpage>
 text 1b 
 </currentpage>
<first>
 Fu Title Page.xml
</first>
<last>
 Fu Text(5) 19b.xml
</last>
<prev>
 Fu Text(1) 1a.xml 
</prev>
<next>
 Fu Text(1) 2a.xml 
</next>
<image>
 Fu Text(1) 1b.jpg 
</image>
</header><text>
有 終 年 累 月 下 流 白 物 如 涕 如 唾 不 能 禁 止 甚 則 臭 穢 者 所 謂 白 帶 也 夫 白 帶 乃 濕 盛 而 火 衰 肝 鬱 而 氣 弱 則 脾 土 受 傷 濕 土 之 氣 下 陷 是 以 脾 精 不 守 不 能 化 榮 血 以 為 經 水 反 變 成 白 滑 之 物 由 陰 門 直 下 欲 自 禁 而 不 可 得 也 治 法 宜 大 補 胃 之 氣 稍 佐 以 舒 肝 之 品 使 風 木 不 閉 塞 於 地 中 則 地 氣 自 升 騰 於 天 上 脾 氣 健 而 濕 氣 消 自 無 白 帶 之 患 矣 方 用 完 帶 湯 
 <formula> 
     白 <cf> 術 </cf>   <sf> 一 兩 土 炒 </sf>   山 藥 <sf> 一 兩 炒 </sf>   人 參 <sf> 二 錢 </sf>   白 芍 <sf> 五 錢 酒 炒 </sf>   車 前 子   <sf> 三 錢 酒 炒 </sf>   蒼 <cf> 術 </cf> <sf> 三 錢 製 </sf>   甘 草 <sf> 一 錢 </sf>   陳 皮 <sf> 五 分 </sf>   黑 芥 穗 <sf> 五 分 </sf>   柴 胡 <sf> 六 分 </sf> 
 </formula> 
 水 煎 服 二 劑 輕 四 劑 止 六 劑 則 白 帶 全 愈 此 方 脾 胃 肝 三 經 同 治 之 法 寓 補 於 散 之 中 寄 消 於 升 之 內 開 
 <marginalia> 
 <sf> 不 調 須 於 調 經 種 子 二 門 參 酌 治 之 無 不 見 效 即 即 白 帶 症 但 服 藥 不 效 其 人 必 經 水 過 期 少 腹 急 迫 宜 服 寬 帶 湯 餘 宜 類 參 方 見 三 十 三 </sf> 
 </marginalia> 
 </text></document>
 