<?xml version="1.0" encoding="UTF-8" standalone="yes" ?>
<document>
<header>
<doctitle>
 傅青主女科 
</doctitle>
<volume>女科上卷
 </volume>
<author>
 傅山(青主) 
</author>
<date>
 同治八年, 1869 
</date>
<currentpage>
 table of contents 2b 
 </currentpage>
<first>
 Fu Title Page.xml
</first>
<last>
 Fu Text(5) 19b.xml
</last>
<prev>
 Fu TC 2a.xml 
</prev>
<next>
 Fu Text(1) 1a.xml 
</next>
<image>
 Fu TC 2b.jpg 
</image>
</header><text>
下 部 冰 冷 不 受 孕 <sf> 溫 飽 飲 </sf> 
 胸 蒲 少 食 不 受 孕 <sf> 溫 上 毓 麟 湯 </sf> 
 少 腹 急 迫 不 受 孕 <sf> 寬 帶 湯 </sf> 
 嫉 &lt;x> [ 妒 ] 不 孕 <sf> 貽 d 鬱 種 王 湯 </sf> 
 肥 胖 不 受 孕 <sf> 加 味 補 中 益 氣 湯 </sf> 
 骨 蒸 夜 蒸 不 受 孕 <sf> 清 骨 滋 腎 湯 </sf> 
 腰 酸 腹 脹 不 受 孕 <sf> 升 帶 湯 </sf> 
 便 澀 腹 脹 足 浮 腫 不 受 孕 <sf> 化 水 種 子 湯 </sf> 
 </text></document>