<?xml version="1.0" encoding="UTF-8" standalone="yes" ?>
<document>
<header>
<doctitle>
 傅青主女科 
</doctitle>
<volume>
 女科上卷 
 </volume>
<author>
 傅山(青主) 
</author>
<date>
 同治八年, 1869 
</date>
<currentpage>
 text 29b 
 </currentpage>
<first>
 Fu Title Page.xml
</first>
<last>
 Fu Text(5) 19b.xml
</last>
<prev>
 Fu Text(1) 29a.xml 
</prev>
<next>
 Fu Text(1) 30a.xml 
</next>
<image>
 Fu Text(1) 29b.jpg 
</image>
</header><text>
脈 之 急 由 於 氣 血 之 虛 蓋 血 虛 則 縮 而 不 伸 氣 虛 則 攣 而 不 達 用 芍 藥 之 酸 以 平 肝 木 則 肝 木 不 &lt;x> [ 克 ] 脾 用 五 味 之 酸 以 生 腎 水 則 腎 能 益 帶 似 相 妨 而 實 相 濟 也 何 疑 之 有 
 嫉 &lt;x> [ 妒 ] 不 孕 <sf> 三 十 四 </sf> 
 婦 人 有 懷 抱 素 惡 不 能 生 子 者 人 以 為 天 心 厭 之 也 誰 知 是 肝 氣 鬱 結 乎 夫 婦 人 之 有 子 也 必 然 心 脈 流 利 而 滑 脾 脈 舒 徐 而 和 腎 脈 旺 大 而 鼓 指 始 稱 喜 脈 未 有 三 部 脈 鬱 而 能 生 子 者 也 若 三 部 脈 鬱 肝 氣 必 因 之 而 更 鬱 肝 氣 鬱 則 心 腎 之 脈 必 致 鬱 之 極 而 莫 解 蓋 子 母 相 依 鬱 必 不 喜 喜 必 不 鬱 也 其 鬱 而 不 能 成 胎 者 以 肝 木 不 舒 必 下 &lt;x> [ 克 ] 脾 土 而 致 塞 脾 土 之 氣 塞 則 腰 臍 之 氣 必 
 </text></document>