<?xml version="1.0" encoding="UTF-8" standalone="yes" ?>
<document>
<header>
<doctitle>
 傅青主女科 
</doctitle>
<volume>
 產後編下卷
 </volume>
<author>
 傅山(青主) 
</author>
<date>
 同治八年, 1869 
</date>
<currentpage>
 text 8b 
 </currentpage>
<first>
 Fu Title Page.xml
</first>
<last>
 Fu Text(5) 19b.xml
</last>
<prev>
 Fu Text(5) 8a.xml 
</prev>
<next>
 Fu Text(5) 9a.xml 
</next>
<image>
 Fu Text(5) 8b.jpg 
</image>
</header><text>
<marginalia> 
 <sf> 此 方 能 調 經 治 腹 痛 </sf> 
 </marginalia> 
 而 腫 宜 薑 皮 半 夏 蘇 葉 加 於 補 氣 方 以 表 汗 
 五 皮 散 <sf> 治 產 後 風 溼 客 傷 脾 經 氣 血 凝 滯 以 致 面 目 浮 虛 四 肢 腫 脹 氣 喘 </sf>
<formula> 
 五 加 皮       地 骨 皮       大 腹 皮       茯 苓 皮 <sf> 各 一 錢 </sf> 薑 皮 <sf> 一 錢 </sf> 棗 一 枚 水 煎 服  </formula> 
 又 云 產 後 惡 露 不 淨 停 留 胞 絡 致 令 浮 腫 若 以 水 氣 治 之 投 以 甘 遂 等 藥 誤 矣 但 服 調 經 散 則 血 行 而 腫 消 矣 
 調 經 散 
 <formula> 
 沒 藥 <sf> 另 研 </sf> 琥 珀 <sf> 另 研 各 一 錢 </sf> 肉 桂       赤 芍     當 歸 <sf> 各 一 錢 </sf>   
 </formula> 
 右 為 細 末 每 服 五 分 薑 汁 酒 各 少 許 調 服 
 流 注 <sf> 第 二 十 八 </sf> 
 產 後 惡 露 流 於 腰 臂 足 關 節 之 處 或 漫 腫 或 結 塊 久 則 
 </text></document>