<?xml version="1.0" encoding="UTF-8" standalone="yes" ?>
<document>
<header>
<doctitle>
 傅青主女科 
</doctitle>
<volume>
 女科下卷 
 </volume>
<author>
 傅山(青主) 
</author>
<date>
 同治八年, 1869 
</date>
<currentpage>
 text 24a 
 </currentpage>
<first>
 Fu Title Page.xml
</first>
<last>
 Fu Text(5) 19b.xml
</last>
<prev>
 Fu Text(2) 23b.xml 
</prev>
<next>
 Fu Text(2) 24b.xml 
</next>
<image>
 Fu Text(2) 24a.jpg 
</image>
</header><text>
<marginalia> 
 <sf> &lt;x> 藥 後 狂 定 宜 服 加 </sf> 
 </marginalia> 
 以 護 心 君 而 臟 腑 失 其 所 養 皆 欲 取 結 於 心 心 包 為 心 君 之 宰 相 攔 絕 各 臟 腑 之 氣 不 許 入 心 始 得 心 神 安 靜 是 護 心 者 全 藉 心 包 之 力 也 使 心 包 亦 虛 不 能 障 心 而 各 臟 腑 之 氣 遂 直 入 於 心 以 分 取 乎 心 血 心 包 情 急 既 不 能 內 顧 其 君 又 不 能 外 禦 乎 眾 於 是 大 聲 疾 呼 號 鳴 勤 王 而 其 跡 象 反 近 於 狂 悖 有 無 可 如 何 之 勢 故 病 狀 似 熱 而 實 非 熱 也 治 法 須 大 補 心 中 之 血 使 各 臟 腑 分 取 以 自 養 不 得 再 擾 乎 心 君 則 心 君 泰 然 而 心 包 亦 安 矣 方 用 安 心 湯 
 <formula> 
 當 歸 <sf> 二 兩 </sf> 川 芎 <sf> 一 兩 </sf> 生 地 <sf> 五 錢 炒 </sf> 丹 皮 <sf> 五 錢 炒 </sf> 生 蒲 黃 <sf> 二 錢 </sf> 
 </formula> 
 乾 荷 葉 一 片 引 水 煎 服 一 劑 而 狂 定 惡 露 亦 下 矣 此 
 </text></document>