<?xml version="1.0" encoding="UTF-8" standalone="yes" ?>
<document>
<header>
<doctitle>
 傅青主女科 
</doctitle>
<volume>
 瘟疫簡易奇方 
 </volume>
<author>
 傅山(青主) 
</author>
<date>
 同治八年, 1869 
</date>
<currentpage>
 text 1a 
 </currentpage>
<first>
 Fu Title Page.xml
</first>
<last>
 Fu Text(5) 19b.xml
</last>
<prev>
 Fu Text(2) 34b.xml 
</prev>
<next>
 Fu Text(3) 1b.xml 
</next>
<image>
 Fu Text(3) 1a.jpg 
</image>
</header><text>
瘟 疫 簡 易 奇 方 
 瘟 疫 流 行       水 缸 內 每 早 投 黑 豆 一 握 可 以 全 家 無 恙 再 能 五 更 時 潛 投 黑 豆 一 大 升 於 井 中 勿 令 人 見 可 保 一 方 飲 水 者 無 恙 
 入 瘟 病 家 不 染 方       香 油 和 雄 黃 蒼 朮 末 塗 鼻 中 可 不 染 既 出 病 家 即 用 紙 條 鼻 取 嚏 擦 去 如 無 雄 黃 蒼 朮 淨 香 油 塗 鼻 亦 可 
 姜 酒 避 瘟 法       凡 瘟 疫 流 行 出 門 時 先 飲 燒 酒 一 盃 然 後 再 食 別 物 不 能 飲 酒 者 可 食 姜 蒜 或 以 塞 鼻 
 通 治 疫 癘 外 浴 方     常 以 東 行 桃 枝 煎 湯 浴 之 未 病 已 病 皆 治 通 治 時 氣 瘟 症 良 方 
 生 藕 搗 取 汁 一 盅 入 蜜 一 合 和 勻 分 作 兩 服 甚 效 
 <formula> 
 又 治 法 用 益 元 散 <sf> 二 錢 </sf> 生 姜 <sf> 三 錢 </sf> 
 </formula> 
 </text></document>