<?xml version="1.0" encoding="UTF-8" standalone="yes" ?>
<document>
<header>
<doctitle>
 傅青主女科 
</doctitle>
<volume>
 產後編下卷
 </volume>
<author>
 傅山(青主) 
</author>
<date>
 同治八年, 1869 
</date>
<currentpage>
 text 19a 
 </currentpage>
<first>
 Fu Title Page.xml
</first>
<last>
 Fu Text(5) 19b.xml
</last>
<prev>
 Fu Text(5) 18b.xml 
</prev>
<next>
 Fu Text(5) 19b.xml 
</next>
<image>
 Fu Text(5) 19a.jpg 
</image>
</header><text>
<formula> 
 羌 活 <sf> 五 分 </sf> 厚 樸 <sf> 七 分 薑 炒 </sf> 川 貝 母 <sf> 一 錢 去 心 </sf> 白 芍 <sf> 錢 二 分 酒 炒 </sf> 甘 草 <sf> 五 分 </sf> 薑 三 片 溫 服  </formula>
 石 方 保 胎 每 月 三 五 服 臨 產 熱 服 催 生 如 神 
 治 遍 體 浮 腫 是 脾 虛 水 溢 之 過 凡 浮 腫 者 可 通 用 俱 神 效 
 <formula> 
 真 縮 砂 仁 <sf> 四 兩 </sf> 萊 菔 子 <sf> 二 兩 四 錢 </sf> 
 </formula> 
 研 末 水 浸 濃 取 汁 浸 砂 仁 候 汗 盡 晒 乾 研 極 細 末 每 服 一 錢 漸 加 至 二 錢 為 度 淡 薑 湯 送 下 
 &lt;x> [ 保 ] 產 神 效 方 
 宋 [ 未 ] 產 能 安 臨 產 能 催 偶 傷 胎 氣 腰 疼 腹 痛 甚 至 見 紅 不 止 勢 欲 小 產 危 急 之 際 一 服 即 愈 再 服 全 安 臨 產 時 交 骨 不 開 橫 生 逆 下 或 子 死 腹 中 命 在 垂 危 服 之 
 </text></document>