<?xml version="1.0" encoding="UTF-8" standalone="yes" ?>
<document>
<header>
<doctitle>
 重訂濟陰綱目 
 </doctitle>
<volume>
 第三冊, 卷 4 
 </volume>
<author>
 武 之 望   (叔卿 ) 
</author>
<date>
 清雍正六年, 1728
 </date>
<currentpage>
 text 3b 
 </currentpage>
<first>
 jiyingkangmu v.3 text4 1a.xml
</first>
<last>
 jiyingkangmu v.3 text6 26b.xml 
</last>
<prev>
 jiyingkangmu v.3 text4 3a.xml 
</prev>
<next>
 jiyingkangmu v.3 text4 4a.xml 
</next>
<image>
 jiyingkangmu v.3 text4 3b.jpg 
</image>
</header><text>
韓 懋 治 其 嫂 年 三 十 餘 。 十 八 胎 九 殰 八 夭 。 會 家 難 作 。 驚 憂 過 甚 。 
 <marginalia> 
 <sf> 此 案 係 重 出 然 不 刪 去 者 存 之 以 備 遺 亡 也 </sf> 
 </marginalia> 
 遂 昏 昏 不 省 人 事 。 口 唇 舌 皆 瘡 。 或 至 封 喉 。 下 部 虛 脫 。 白 帶 如 注 。 如 此 四 十 餘 日 。 或 時 少 甦 。 至 欲 自 縊 。 悲 不 能 堪 。 醫 或 投 涼 劑 解 其 上 。 則 下 部 疾 愈 甚 。 或 投 熱 劑 及 以 湯 藥 。 薰 蒸 其 下 。 則 熱 暈 欲 
 <marginalia> 
 <sf> 明 是 上 實 下 虛 </sf> 
 </marginalia> 
 絕 。 此 亡 陽 證 也 。 急 以 鹽 煮 大 附 子 九 錢 為 君 。 制 以 薄 荷 防 風 。 佐 以 芎 歸 薑 桂 之 屬 。 水 煎 入 井 冰 冷 與 之 。 未 盡 劑 鼾 睡 通 宵 。 覺 即 能 
 <marginalia> 
 <sf> 得 熱 因 寒 用 </sf> 
 </marginalia> 
 識 人 。 或 曰 此 何 謂 也 。 曰 。 方 書 有 之 。 假 對 假 。 真 對 真 。 爾 上 乃 假 熱 。 故 以 假 冷 之 藥 從 之 。 下 乃 真 冷 。 故 以 真 熱 之 藥 從 之 。 斯 上 下 和 而 病 解 矣 。 繼 以 女 金 丹 錯 綜 以 三 二 方 。 不 但 去 其 疾 。 且 調 治 元 氣 。 無 何 連 生 二 子 。 
 
 以 上 論 及 治 驗 。 有 無 當 於 虛 勞 者 。 而 實 治 寒 與 熱 變 通 之 大 法 爾 。 不 可 不 察 也 。 
 </text></document>