<?xml version="1.0" encoding="UTF-8" standalone="yes" ?>
<document>
<header>
<doctitle>
 重訂濟陰綱目 
 </doctitle>
<volume>
 第二冊, 卷 2 
 </volume>
<author>
 武 之 望   (叔卿 ) 
</author>
<date>
 清雍正六年, 1728
 </date>
<currentpage>
 text 20b 
 </currentpage>
<first>
 jiyingkangmu v.2 text2 1a.xml
</first>
<last>
 jiyingkangmu v.2 text3 26b.xml 
</last>
<prev>
 jiyingkangmu v.2 text2 20a.xml 
</prev>
<next>
 jiyingkangmu v.2 text2 21a.xml 
</next>
<image>
 jiyingkangmu v.2 text2 20b.jpg 
</image>
</header><text>
薛 氏 曰 。 表 弟 方 健 甫 。 內 五 十 歲 。 辛 丑 患 血 崩 。 諸 藥 罔 效 。 壬 寅 八 月 。 身 熱 體 痛 。 頭 暈 涕 出 。 吐 痰 少 食 。 眾 作 火 治 。 展 轉 發 熱 。 絕 粒 數 日 。 余 診 之 曰 。 脾 胃 久 虛 。 過 服 寒 藥 。 中 病 未 已 。 寒 病 復 起 。 遂 用 八 味 丸 料 一 服 。 翊 早 遂 索 粥 數 匙 。 再 服 食 倍 。 熱 減 痛 止 。 乃 服 八 味 丸 而 愈 。 癸 卯 秋 。 因 勞 役 憂 怒 。 甲 辰 夏 病 復 作 。 胸 飽 發 熱 。 脊 痛 腰 疼 。 神 氣 怫 鬱 。 或 作 中 暑 。 崩 血 便 血 。 煩 渴 引 飲 。 粒 米 不 進 。 昏 憒 時 作 。 <cf> &#33033; </cf> 洪 大 。 按 之 微 弱 。 此 無 根 之 火 。 內 虛 寒 。 
 <marginalia> 
 <sf> 種 種 得 竅 如 此 治 法 自 有 知 者 </sf> 
 </marginalia> 
 而 外 假 熱 也 。 以 十 全 大 補 加 附 子 一 劑 。 遂 食 粥 三 四 匙 。 崩 血 漸 減 。 日 服 八 味 丸 。 始 得 全 愈 。 
 
 大 尹 王 天 成 之 內 。 久 患 崩 。 自 服 四 物 涼 血 之 劑 。 或 作 或 輟 。 因 怒 發 熱 。 其 血 不 止 服 前 藥 不 應 。 乃 主 降 火 。 更 加 腹 脅 大 痛 。 手 足 俱 冷 。 余 曰 。 此 脾 胃 虛 寒 所 致 。 先 用 附 子 理 中 湯 。 體 熱 痛 止 。 又 用 濟 生 歸 脾 
 <marginalia> 
 <sf> 因 怒 發 熱 不 主 于 肝 而 專 溫 補 脾 胃 吐 得 知 本 之 此 </sf> 
 </marginalia> 
 </text></document>