<?xml version="1.0" encoding="UTF-8" standalone="yes" ?>
<document>
<header>
<doctitle>
 重訂濟陰綱目 
 </doctitle>
<volume>
 第四冊, 卷 8 
 </volume>
<author>
 武 之 望   (叔卿 ) 
</author>
<date>
 清雍正六年, 1728
 </date>
<currentpage>
 text 32b 
 </currentpage>
<first>
 jiyingkangmu v.4 text7 1a.xml
</first>
<last>
 jiyingkangmu v.4 text8 44b.xml 
</last>
<prev>
 jiyingkangmu v.4 text8 32a.xml 
</prev>
<next>
 jiyingkangmu v.4 text8 33a.xml 
</next>
<image>
 jiyingkangmu v.4 text8 32b.jpg 
</image>
</header><text>
右 &lt;x> 咀 。 加 生 薑 五 片 。 水 煎 服 。 
 
 <formula> 
 治 { 妊 } 娠 遍 身 痛 。 或 衝 心 欲 死 。 不 能 飲 食 。 
 白 朮 <sf> 五 兩 </sf>         黃 苓 <sf> 二 兩 </sf>         芍 藥 <sf> 四 兩 </sf> 
 </formula> 
 右 用 水 六 升 。 煮 取 二 升 半 。 分 三 服 。 
 <marginalia> 
 <sf> 此 症 禁 用 白 朮 而 此 方 獨 用 白 朮 為 君 非 認 症 之 確 者 不 可 </sf> 
 </marginalia> 
 
<formula> 
 一 方         治 { 妊 } 娠 心 下 滿 。 氣 急 切 痛 。 
 赤 茯 苓 <sf> 六 分 </sf>         桑 白 皮 <sf> 五 分 </sf>         前 胡 <sf> 四 分 </sf>         郁 李 仁         檳 榔 <sf> 各 三 分 </sf> 
 </formula> 
 右 為 細 末 。 以 水 一 升 。 煮 取 一 半 。 去 滓 。 夜 臥 服 。 
 
 <formula> 
 安 胎 和 氣 飲         治 胎 冷 。 腹 痛 引 兩 脅 。 小 便 頻 數 。 大 便 虛 滑 
 訶 子 { <sf> 麵 } 裹 煨 去 核 </sf>         白 朮 <sf> 各 二 錢 </sf>         陳 皮 <sf> 去 白 </sf>         高 良 薑 <sf> 炒 </sf>         木 香 <sf> 不 見 火 </sf>         白 芍 藥         陳 米 <sf> 炒 </sf>         甘 草 <sf> 炙 各 一 錢 </sf> 
 </formula> 
 右 作 一 服 。 生 薑 五 片 。 水 煎 服 。 忌 生 冷 之 物 。 
 </text></document>