<?xml version="1.0" encoding="UTF-8" standalone="yes" ?>
<document>
<header>
<doctitle>
 重訂濟陰綱目 
 </doctitle>
<volume>
 第四冊, 卷 7 
 </volume>
<author>
 武 之 望   (叔卿 ) 
</author>
<date>
 清雍正六年, 1728
 </date>
<currentpage>
 text 15a 
 </currentpage>
<first>
 jiyingkangmu v.4 text7 1a.xml
</first>
<last>
 jiyingkangmu v.4 text8 44b.xml 
</last>
<prev>
 jiyingkangmu v.4 text7 14b.xml 
</prev>
<next>
 jiyingkangmu v.4 text7 15b.xml 
</next>
<image>
 jiyingkangmu v.4 text7 15a.jpg 
</image>
</header><text>
<formula>澤 蘭         石 灰 <sf> 炒 少 許 </sf> 
 </formula> 
 右 煮 水 熏 洗 
 
 <formula> 
 傅 藥         治 茄 子 疾 
 朴 硝 為 末 。 黃 荊 柴 燒 瀝 調 敷 。 或 濃 鐵 漿 水 調 傅 。 
 </formula> 
 
 <formula> 
 又 方         治 茄 子 疾         治 茄 子 疾 。 心 燥 連 綿 。 黃 水 易 治 。 白 水 難 愈 。 用 生 枳 殼 為 散 。 煎 湯 熏 洗 。 <cf> &#21364; </cf> 用 綿 帛 包 枳 殼 滓 。 納 入 陰 中 。 即 日 漸 消 。 
 </formula>治 陰 梃 下 脫 
 <formula> 
 當 歸 散         治 婦 人 陰 中 突 出 一 物 。 長 五 六 寸 。 名 陰 梃 。 又 名 &lt;x> 疝 。 
 當 歸         黃 苓 <sf> 各 一 兩 </sf>         牡 蠣 <sf> 一 兩 半 </sf>         蝟 皮 <sf> 炙 一 兩 </sf>         赤 芍 藥 <sf> 五 錢 </sf> 
 </formula> 
 右 為 末 。 每 服 二 錢 食 前 溫 酒 調 下 滾 湯 亦 可 如 不 應 。 更 以 補 中 
 </text></document>