<?xml version="1.0" encoding="UTF-8" standalone="yes" ?>
<document>
<header>
<doctitle>
 重訂濟陰綱目 
 </doctitle>
<volume>
 第四冊, 卷 8 
 </volume>
<author>
 武 之 望   (叔卿 ) 
</author>
<date>
 清雍正六年, 1728
 </date>
<currentpage>
 text 40b 
 </currentpage>
<first>
 jiyingkangmu v.4 text7 1a.xml
</first>
<last>
 jiyingkangmu v.4 text8 44b.xml 
</last>
<prev>
 jiyingkangmu v.4 text8 40a.xml 
</prev>
<next>
 jiyingkangmu v.4 text8 41a.xml 
</next>
<image>
 jiyingkangmu v.4 text8 40b.jpg 
</image>
</header><text>
右 為 細 末 。 煉 蜜 丸 如 彈 子 大 。 每 服 一 丸 。 空 心 白 湯 嚼 下 。 
 
 <formula> 
 紫 酒         治 { 妊 } 娠 腰 痛 如 折 。 亦 治 常 人 卒 腰 痛 者 。 
 大 黑 豆 二 合 。 炒 令 香 熟 。 酒 一 大 盞 。 煮 取 七 分 。 去 豆 。 空 心 頓 服 。 
 </formula> 
 
 <formula> 
 雜 方 
 治 胎 動 腰 痛 搶 心 或 下 血 。 取 <cf> &#33905; </cf> 白 不 拘 多 少 。 濃 煎 汁 飲 之 。 
 </formula> 
 
 <formula> 
 一 方 用 鹿 角 長 六 寸 。 燒 令 赤 。 酒 中 淬 。 再 燒 。 再 淬 以 角 碎 為 度 取 酒 飲 之 。 鹿 角 為 末 。 服 方 寸 匕 。 
 </formula> 
 
 <formula> 
 一 方 用 菖 蒲 汁 酒 一 升 服 之 。 
 </formula> 
 
 <formula> 
 一 方 用 艾 葉 一 把 。 如 雞 子 大 。 以 酒 。 四 升 。 煮 取 二 升 。 分 為 二 服 良 。 
 </formula> ○ 胎 水 腫 滿 <sf> 即 子 腫 子 滿 子 氣 </sf> 
 產 寶 論 曰 。 { 妊 } 娠 腫 滿 由 臟 氣 本 弱 。 因 妊 重 虛 。 土 不 剋 水 。 血 散 於 四 
 </text></document>