<?xml version="1.0" encoding="UTF-8" standalone="yes" ?>
<document>
<header>
<doctitle>
 重訂濟陰綱目 
 </doctitle>
<volume>
 第七冊, 卷 12 
 </volume>
<author>
 武 之 望   (叔卿 ) 
</author>
<date>
 清雍正六年, 1728
 </date>
<currentpage>
 text 1b 
 </currentpage>
<first>
 jiyingkangmu v.7 text12 1a.xml
</first>
<last>
 jiyingkangmu v.7 text13 46b.xml
</last>
<prev>
 jiyingkangmu v.7 text12 1a.xml 
</prev>
<next>
 jiyingkangmu v.7 text12 2a.xml 
</next>
<image>
 jiyingkangmu v.7 text12 1b.jpg 
</image>
</header><text>
亦 不 可 輕 易 如 早 起 勞 動 。 為 寒 所 傷 。 則 淅 淅 惡 寒 翕 翕 發 熱 。 頭 項 眉 背 骨 節 皆 痛 。 至 七 八 日 乃 差 。 若 大 便 堅 作 嘔 不 能 食 。 用 小 柴 胡 湯 加 生 薑 地 黃 。 
 
 <marginalia> 
 <sf> 以 嘔 加 地 黃 宜 酌 用 </sf> 
 </marginalia> 
 
 <marginalia> 
 <sf> 大 虛 變 症 </sf> 
 </marginalia> 
 吳 氏 曰 ﹐ 新 產 後 患 傷 寒 不 可 輕 易 發 汗 { 蓋 } 有 產 時 傷 力 發 熱 去 血 過 多 發 熱 惡 露 不 去 發 熱 三 日 蒸 乳 發 熱 或 有 早 起 勞 動 飲 食 停 滯 一 皆 發 熱 狀 類 傷 寒 要 在 仔 細 詳 辨 切 不 可 輒 便 發 汗 。 大 抵 產 後 大 血 空 虛 。 若 汗 之 。 則 變 崩 惕 肉 &lt;x> 。 或 鬱 冒 昏 迷 而 不 省 。 或 風 搐 搦 而 不 定 。 或 大 便 閉 澀 而 難 去 。 其 害 非 輕 。 切 宜 詳 審 。 凡 有 發 熱 。 且 與 四 物 湯 。 以 川 芎 當 歸 為 君 最 多 。 白 芍 藥 須 炒 過 。 酒 蒸 熟 地 黃 佐 之 。 如 發 熱 。 加 軟 苗 柴 胡 人 參 乾 薑 炮 之 最 { 效 } 。 { 蓋 } ] 乾 薑 之 辛 熱 。 能 引 血 藥 入 血 分 。 氣 藥 入 氣 分 也 。 且 能 去 惡 養 新 。 有 陽 生 陰 長 之 道 。   以 
 </text></document>