<?xml version="1.0" encoding="UTF-8" standalone="yes" ?>
<document>
<header>
<doctitle>
 重訂濟陰綱目 
 </doctitle>
<volume>
 第八冊, 卷 14 
 </volume>
<author>
 武 之 望   (叔卿 ) 
</author>
<date>
 清雍正六年, 1728
 </date>
<currentpage>
 text 36a 
 </currentpage>
<first>
 jiyingkangmu v.8 text14 1a.xml
</first>
<last>
 bao sheng sui shi 9b.xml
</last>
<prev>
 jiyingkangmu v.8 text14 35b.xml 
</prev>
<next>
 jiyingkangmu v.8 text14 36b.xml 
</next>
<image>
 jiyingkangmu v.8 text14 36a.jpg 
</image>
</header><text>
<formula>剉 一 劑 水 煎 服 ﹐ ○ 便 毒 加 大 黃 煨 一 錢 。 空 心 服 。 </formula> 
 
 <marginalia> 
 <sf> 總 解 諸 毒 其 加 大 黃 以 治 便 毒 者 亦 行 厥 陰 污 濁 之 血 也 </sf> 
 </marginalia>
<formula> 
 連 翹 飲 子     治 乳 癰 ﹐ 
 連 翹 <sf> 結 熱 </sf>     瓜 簍 仁 <sf> 滌 痰 緩 肝 </sf>     川 芎 <sf> 血 </sf>     皂 莢 刺     橘 葉 <sf> 氣 </sf>     青 皮 <sf> 氣 </sf>     甘 草 節 <sf> 血 </sf>                           桃 仁 <sf> 各 二 錢 血 </sf> 
 右 作 一 服 ﹐ 水 煎 食 遠 服 ﹐ ○ 如 已 破 者 。 加 參 蓍 當 歸 未 破 者 ﹐ 加 柴 胡 升 麻 ﹐ </formula> 
 
 <marginalia> 
 <sf> 此 專 行 厥 陰 氣 血 疑 [ 凝 ] 滯 之 藥 </sf> 
 </marginalia>
<formula> 
 一 方     治 血 脈 凝 注 不 散 。 結 成 吹 乳 。 乳 癰 。 痛 腫 不 可 忍 者 ﹐ 
 天 花 粉     金 銀 花     皂 角 刺     穿 山 甲     當 歸 尾     白 芷 稍     瓜 簍 仁     貝 母 <sf> 去 心 </sf>                   甘 草 節     
 右 剉 ﹐ 酒 煎 服 ﹐ </formula> 
 
 <marginalia> 
 <sf> 以 凝 注 不 散 故 用 天 花 角 刺 山 甲 歸 尾 </sf> 
 </marginalia>
<formula> 
 又 方     治 婦 人 乳 中 結 核 。 
 </formula></text></document>