<?xml version="1.0" encoding="UTF-8" standalone="yes" ?>
<document>
<header>
<doctitle>
 重訂濟陰綱目 
 </doctitle>
<volume>
 第五冊, 卷 9 
 </volume>
<author>
 武 之 望   (叔卿 ) 
</author>
<date>
 清雍正六年, 1728
 </date>
<currentpage>
 text 25a 
 </currentpage>
<first>
 jiyingkangmu v.5 text9 1a.xml
</first>
<last>
 jiyingkangmu v.5 text9 51b.xml
</last>
<prev>
 jiyingkangmu v.5 text9 24b.xml 
</prev>
<next>
 jiyingkangmu v.5 text9 25b.xml 
</next>
<image>
 jiyingkangmu v.5 text9 25a.jpg 
</image>
</header><text>
<formula>黃 苓         當 歸 <sf> 炮 各 一 兩 </sf>         糯 米 <sf> 一 合 </sf> 
 </formula> 
 右 細 切 分 四 服 。 水 煎 服 。 
 <marginalia> 
 <sf> 審 腹 痛 是 餘 否 </sf> 
 </marginalia>
<formula> 
 大 寧 散         治 { 妊 } 娠 下 痢 。 赤 白 灰 色 。 泄 瀉 疼 痛 垂 死 者 。 
 黑 豆 <sf> 二 十 粒 </sf>         甘 草 <sf> 二 錢 半 生 炙 各 半 </sf>         栗 穀 <sf> 二 個 去 頂 半 生 半 炒 </sf> 
 </formula> 
 右 為 { 麤 } 末 。 作 一 服 。 加 生 薑 三 片 。 水 煎 食 前 服 。 神 效 。 
 
 <formula> 
 厚 朴 散         治 { 妊 } 娠 下 痢 。 黃 水 不 絕 。 
 厚 朴 <sf> 薑 汁 製 </sf>         黃 連 <sf> 各 三 兩 </sf>         肉 豆 蔻 <sf> 五 個 連 皮 用 </sf> 
 </formula> 
 右 剉 水 煎 。 徐 徐 服 。 ○ 一 方 肉 豆 蔻 止 用 一 枚 
 
 <formula> 
 鴨 蛋 湯         治 婦 人 胎 前 產 後 赤 白 痢 。 
 生 薑 <sf> 年 少 者 百 錢 老 者 二 百 錢 重 取 自 然 汁 </sf>         鴨 子 <sf> 一 個 打 碎 入 薑 汁 內 攪 勻 </sf> 
 </formula> 
 右 二 味 煎 至 八 分 。 入 蒲 黃 三 錢 。 煎 五 七 沸 。 空 心 溫 服 。 立 效 。 
 </text></document>