<?xml version="1.0" encoding="UTF-8" standalone="yes" ?>
<document>
<header>
<doctitle>
 重訂濟陰綱目 
 </doctitle>
<volume>
 第一冊 
 </volume>
<author>
 武 之 望   (叔卿 ) 
</author>
<date>
 清雍正六年, 1728
 </date>
<currentpage>
 table of contents 43a 
 </currentpage>
<first>
 jiyingkangmu v.1 tp.xml
</first>
<last>
 jiyingkangmu v.1 text1 38b.xml 
</last>
<prev>
 jiyingkangmu v.1 table of contents 42b.xml 
</prev>
<next>
 jiyingkangmu v.1 table of contents 43b.xml 
</next>
<image>
 jiyingkangmu v.1 table of contents 43a.jpg 
</image>
</header><text>
究 源 五 物 湯 <sf> 治 癰 疽 發 背 乳 癰 通 用 </sf> 
 括 蔞 散 <sf> 治 吹 乳 </sf> 
 橘 香 散 <sf> 治 乳 癰 已 結 未 結 痛 極 不 可 忍 藥 下 神 驗 </sf> 
 補 遺 方 <sf> 治 吹 乳 結 實 腫 痛 </sf> 
 一 方 <sf> 治 乳 癰 </sf> 
 通 和 湯 <sf> 治 婦 人 乳 癰 疼 痛 不 可 忍 </sf> 
 二 灰 散 <sf> 治 產 後 乳 汁 不 泄 結 滯 不 消 熱 毒 </sf> 
 夜 陰 散 <sf> 治 吹 乳 乳 癰 </sf> 
 獨 勝 散 <sf> 治 婦 人 吹 妳 初 覺 身 熱 頭 疼 寒 熱 及 胸 乳 腫 硬 </sf> 
 一 方 <sf> 治 婦 人 吹 乳 硬 腫 身 發 熱 增 [ 憎 ] 寒 疼 痛 難 忍 不 進 飲 食 者 </sf> 
 又 方 <sf> 計 三 首 </sf> 
 勝 金 丹 <sf> 治 吹 乳 結 核 不 散 腫 神 效 </sf> 
 一 方 <sf> 治 乳 癰 及 無 名 腫 熱 </sf> 
 敷 乳 方 
 <cf> &#33905; </cf> 熨 法 <sf> 治 吹 乳 乳 癰 </sf> 
 一 方 <sf> 治 吹 乳 </sf> 
 一 方 <sf> 治 乳 癰 </sf> 
 柳 根 熨 法 <sf> 治 乳 癰 二 三 百 日 眾 療 不 瘥 但 兼 紫 青 色 </sf> 
 雜 方 <sf> 廿 二 首 治 吹 乳 乳 癰 </sf> 
 
 乳 { 妒 } 
 連 翹 湯 <sf> 治 產 後 { 妒 } 乳 并 癰 實 者 下 之 </sf> 
 瓜 蔞 散 <sf> 治 乳 初 結 脹 不 消 令 敗 乳 自 退 </sf> 
 </text></document>