<?xml version="1.0" encoding="UTF-8" standalone="yes" ?>
<document>
<header>
<doctitle>
 重訂濟陰綱目 
 </doctitle>
<volume>
 第三冊, 卷 4 
 </volume>
<author>
 武 之 望   (叔卿 ) 
</author>
<date>
 清雍正六年, 1728
 </date>
<currentpage>
 text 14b 
 </currentpage>
<first>
 jiyingkangmu v.3 text4 1a.xml
</first>
<last>
 jiyingkangmu v.3 text6 26b.xml 
</last>
<prev>
 jiyingkangmu v.3 text4 14a.xml 
</prev>
<next>
 jiyingkangmu v.3 text4 15a.xml 
</next>
<image>
 jiyingkangmu v.3 text4 14b.jpg 
</image>
</header><text>
<marginalia> 
 <sf> 外 通 而 結 熱 散 也 又 何 不 足 之 有 此 方 調 氣 調 經 行 血 養 血 凡 艾 附 丸 可 以 此 作 祖 
 
 此 補 氣 秘 方 也 妙 在 用 黃 &lt;x> 以 <cf> &#30416; </cf> 水 浸 炙 用 糯 米 以 作 糊 丸 以 其 能 開 胃 也 五 味 為 佐 惟 虛 而 吸 吸 短 氣 者 宜 之     蓍 味 丸 
 
 此 方 只 在 理 中 二 字 上 体 認 仲 景 原 作 大 丸 為 煎 和 </sf> 
 </marginalia> 
 
 熱 甚 加 牡 丹 皮 梔 子 炒 
 
 骨 蒸 加 知 母 地 骨 皮 。 
 
 咳 嗽 加 五 味 子 紫 苑 
 
 吐 痰 加 半 夏 貝 母 瓜 蔞 仁 
 
 飲 食 不 消 加 山 查 神 { 麴 } 
 
 發 渴 加 麥 門 冬 天 花 粉 
 
 胸 中 作 熱 加 黃 連 梔 子 
 
 心 慌 加 遠 志 酸 棗 仁 
 
 吐 血 加 阿 膠 生 地 黃 牡 丹 皮 
 
 自 汗 加 黃 蓍 酸 棗 仁 
 
 久 瀉 加 炒 黑 乾 薑 
 </text></document>