<?xml version="1.0" encoding="UTF-8" standalone="yes" ?>
<document>
<header>
<doctitle>
 重訂濟陰綱目 
 </doctitle>
<volume>
 第二冊, 卷 3 
 </volume>
<author>
 武 之 望   (叔卿 ) 
</author>
<date>
 清雍正六年, 1728
 </date>
<currentpage>
 text 25a 
 </currentpage>
<first>
 jiyingkangmu v.2 text2 1a.xml
</first>
<last>
 jiyingkangmu v.2 text3 26b.xml 
</last>
<prev>
 jiyingkangmu v.2 text3 24b.xml 
</prev>
<next>
 jiyingkangmu v.2 text3 25b.xml 
</next>
<image>
 jiyingkangmu v.2 text3 25a.jpg 
</image>
</header><text>
<formula>臍 腹 疼 痛 。 腰 膝 無 力 。 
 鹿 茸         黃 蓍         雞 內 金         肉 蓯 蓉         五 味 子         遠 志 肉         牡 蠣         桑 螵 蛸         龍 骨         附 子 <sf> 各 等 分 </sf> 
 </formula> 
 右 為 細 末 煉 蜜 和 丸 。 如 桐 子 大 。 每 服 五 十 丸 。 食 前 溫 酒 。 或 米 飲 任 下 
 <marginalia> 
 <sf> 雖 男 子 亦 宜 用 按 鹿 茸 蓯 蓉 黃 &lt;x> 附 子 有 益 精 氣 溫 腎 之 功 肉 蓯 內 金 牡 蠣 螵 蛸 龍 骨 有 固 澀 禁 便 之 用 五 味 遠 志 生 津 液 而 入 腎 以 補 正 氣 其 為 補 下 無 疑 男 女 俱 可 服 </sf> 
 </marginalia> 
 
<formula> 
 金 鎖 正 元 丹         治 真 氣 不 足 。 吸 吸 短 氣 。 四 肢 倦 怠 。 <cf> &#33050; </cf> 膝 瘦 軟 目 暗 耳 鳴 。 遺 精 盜 汗 。 及 婦 人 白 濁 白 淫 等 證 。 
 肉 蓯 蓉 <sf> 洗 焙 </sf>         紫 巴 戟 <sf> 去 心 </sf>         葫 蘆 巴 <sf> 炒 各 一 斤 </sf>         補 骨 脂 <sf> 酒 浸 炒 十 兩 櫚 </sf>     五 倍 子 <sf> 八 兩 </sf>         茯 苓 <sf> 去 皮 六 兩 </sf>         硃 砂 <sf> 三 兩 另 研 </sf>         龍 骨 <sf> 二 兩 </sf> 
 </formula> 
 右 為 末 入 藥 研 令 勻 酒 和 丸 。 如 桐 子 大 。 每 服 二 十 丸 。 空 心 溫 酒 <cf> &#30416; </cf> 湯 任 下 。 
 <marginalia> 
 <sf> 肉 蓯 蓉 男 得 之 而 助 陽 女 得 之 而 孕 育 巴 戟 補 髓 添 精 葫 蘆 巴 治 虛 冷 補 骨 脂 </sf> 
 </marginalia> 
 </text></document>