<?xml version="1.0" encoding="UTF-8" standalone="yes" ?>
<document>
<header>
<doctitle>
 重訂濟陰綱目 
 </doctitle>
<volume>
 第八冊, 卷 14 
 </volume>
<author>
 武 之 望   (叔卿 ) 
</author>
<date>
 清雍正六年, 1728
 </date>
<currentpage>
 text 48b 
 </currentpage>
<first>
 jiyingkangmu v.8 text14 1a.xml
</first>
<last>
 bao sheng sui shi 9b.xml
</last>
<prev>
 jiyingkangmu v.8 text14 48a.xml 
</prev>
<next>
 jiyingkangmu v.8 text14 49a.xml 
</next>
<image>
 jiyingkangmu v.8 text14 48b.jpg 
</image>
</header><text>
<formula>厚 朴         桔 梗     枳 殼     烏 藥     木 通     檳 榔     白 芷     防 風     紫 蘇     甘 草 
 右 剉 一 劑 。 水 煎 食 遠 臨 <cf> &#21351; </cf> 頻 服 。 外 用 五 灰 膏 去 其 蠹 肉 生 新 肉 。 漸 漸 收 斂 。 <sf> 五 灰 膏 見 痔 漏 門 </sf>     ○   乳 癰 加 青 皮 
 </formula> 
 
 <formula> 
 益 氣 養 榮 湯     治 抑 鬱 。 及 勞 傷 血 氣 。 頸 項 兩 乳 。 或 四 肢 腫 硬 。 或 軟 而 不 赤 不 痛 。 日 脯 微 熱 。 或 潰 而 不 歛 。 並 皆 治 之 。 
 <marginalia> 
 <sf> 藥 從 其 性 氣 藥 行 其 滯 參 &lt;x> 歸 芍 以 補 氣 血 官 桂 血 藥 以 和 血 脈 且 又 曰 未 得 桂 而 拓 乃 伐 木 之 要 藥 其 不 定 分 兩 者 以 氣 血 有 厚 薄 病 邪 有 淺 深 又 欲 人 權 輕 重 也 </sf> 
 </marginalia> 
 人 參     白 <cf> 術 </cf> <sf> 炒 各 二 錢 </sf>     茯 苓     陳 皮     貝 母     香 附 子     當 歸 <sf> 酒 拌 </sf>     川 芎     黃 蓍 <sf> 監 水                   拌 炒 </sf>     熟 地 黃 <sf> 酒 拌 </sf>     芍 藥 <sf> 炒 </sf>     桔 梗     甘 草 <sf> 炒 各 一 錢 </sf> 
 <marginalia> 
 <sf> 此 方 以 六 君 子 湯 去 半 夏 加 貝 母 合 四 物 湯 外 加 香 附 黃 蓍 桔 梗 者 也 為 調 理 之 際 </sf> 
 </marginalia> 
 右 剉 一 劑 加 生 姜 三 片 ﹐ 水 煎 食 遠 服   ○   胸 痞 減 人 參 熟 地 黃 各 三 分 。           ○ 口 乾 加 五 味 子 麥 門 冬   ○ { 往 } 來 寒 熱 加 軟 柴 胡 地 骨 皮 
 </formula></text></document>