<?xml version="1.0" encoding="UTF-8" standalone="yes" ?>
<document>
<header>
<doctitle>
 重訂濟陰綱目 
 </doctitle>
<volume>
 第五冊, 卷 9 
 </volume>
<author>
 武 之 望   (叔卿 ) 
</author>
<date>
 清雍正六年, 1728
 </date>
<currentpage>
 text 31a 
 </currentpage>
<first>
 jiyingkangmu v.5 text9 1a.xml
</first>
<last>
 jiyingkangmu v.5 text9 51b.xml
</last>
<prev>
 jiyingkangmu v.5 text9 30b.xml 
</prev>
<next>
 jiyingkangmu v.5 text9 31b.xml 
</next>
<image>
 jiyingkangmu v.5 text9 31a.jpg 
</image>
</header><text>
○ 子 淋 
 大 全 云 。 { 妊 } 娠 小 便 淋 者 。 乃 腎 與 膀 胱 虛 熱 。 不 能 制 水 。 然 { 妊 } 娠 胞 繫 於 腎 。 腎 間 虛 熱 而 成 斯 證 。 甚 者 心 煩 悶 亂 。 名 曰 子 淋 也 。 
 
 薛 氏 曰 。 前 證 若 小 便 濇 少 淋 瀝 。 用 安 榮 散 。 若 腿 足 轉 筋 。 而 小 便 不 利 。 急 用 八 味 丸 。 緩 則 不 救 。 若 服 燥 劑 。 而 小 便 頻 數 。 或 不 利 。 用 生 地 黃 。 茯 苓 。 牛 膝 。 黃 蘗 。 知 母 。 芎 歸 。 甘 草 。 若 頻 數 。 而 色 黃 。 用 四 物 。 加 黃 蘗 。 知 母 。 五 味 。 麥 門 。 玄 參 。 若 肺 氣 虛 而 短 少 。 用 補 中 益 氣 。 加 山 藥 。 麥 門 。 若 陰 挺 痿 痺 而 頻 數 。 用 地 黃 丸 。 若 熱 結 膀 胱 而 不 利 。 用 五 淋 散 。 若 脾 肺 燥 不 能 化 生 。 宜 黃 苓 清 肺 飲 。 若 膀 胱 陰 虛 。 陽 無 所 主 。 用 滋 腎 丸 。 若 膀 胱 陽 虛 。 陰 無 所 化 。 用 腎 氣 丸 。 
 
 萬 蜜 齋 曰 。 子 淋 之 病 。 須 分 二 證 。 一 則 { 妊 } 母 自 病 。 一 則 子 為 母 病 。 然 
 </text></document>