<?xml version="1.0" encoding="UTF-8" standalone="yes" ?>
<document>
<header>
<doctitle>
 重訂濟陰綱目 
 </doctitle>
<volume>
 第八冊, 卷 14 
 </volume>
<author>
 武 之 望   (叔卿 ) 
</author>
<date>
 清雍正六年, 1728
 </date>
<currentpage>
 text 12a 
 </currentpage>
<first>
 jiyingkangmu v.8 text14 1a.xml
</first>
<last>
 bao sheng sui shi 9b.xml
</last>
<prev>
 jiyingkangmu v.8 text14 11b.xml 
</prev>
<next>
 jiyingkangmu v.8 text14 12b.xml 
</next>
<image>
 jiyingkangmu v.8 text14 12a.jpg 
</image>
</header><text>
一 產 婦 大 便 不 實 。 飲 食 少 思 。 五 更 或 清 晨 遺 屎 。 此 中 氣 虛 寒 。 脾 腎 不 足 。 用 補 中 益 氣 。 送 四 神 丸 而 痊 。 
 
 <marginalia> 
 <sf> 夫 腎 開 竅 於 二 陰 而 大 便 者 血 之 道 腎 主 之 故 立 齊 集 方 皆 以 脾 腎 為 治 以 命 門 兼 之 者 土 惡 濕 也 
 
 非 大 有 見 者 不 能 主 此 方 </sf> 
 </marginalia> 
 
 一 產 婦 小 便 出 糞 。 名 大 小 腸 交 。 乃 氣 血 俱 虛 。 失 行 常 道 。 先 用 六 君 子 二 劑 。 又 用 五 苓 散 一 劑 而 痊 。 尋 常 腸 交 亦 可 用 。 
 
 <marginalia> 
 <sf> 以 下 二 方 乃 自 良 所 集 合 取 其 義 也 </sf> </marginalia>
<formula> 
 補 遺 方     療 產 後 遺 屎 不 知 亦 治 遺 尿 。 
 白 蘞     芍 藥 <sf> 各 七 分 </sf> 
 右 為 末 ﹐ 酒 調 服 方 寸 七 ﹐ </formula> 
 
 <formula> 
 集 驗 方     療 產 後 遺 屎 。 亦 治 男 子 。 
 枯 礬     牡 蠣 煆 各 等 分 
 右 為 末 ﹐ 酒 調 服 方 寸 七 ﹐ 日 三 服 ﹐ </formula>
 
 <formula> 
 加 味 補 中 益 氣 湯     治 脾 胃 虛 寒 。 大 便 不 禁 。 
 </formula></text></document>