<?xml version="1.0" encoding="UTF-8" standalone="yes" ?>
<document>
<header>
<doctitle>
 重訂濟陰綱目 
 </doctitle>
<volume>
 第六冊, 卷 11 
 </volume>
<author>
 武 之 望   (叔卿 ) 
</author>
<date>
 清雍正六年, 1728
 </date>
<currentpage>
 text 2a 
 </currentpage>
<first>
 jiyingkangmu v.6 text10 1a.xml
</first>
<last>
 jiyingkangmu v.6 text11 38b.xml
</last>
<prev>
 jiyingkangmu v.6 text11 1b.xml 
</prev>
<next>
 jiyingkangmu v.6 text11 2b.xml 
</next>
<image>
 jiyingkangmu v.6 text11 2a.jpg 
</image>
</header><text>
<marginalia> 
 <sf> 露 有 無 內 傷 外 感 虛 實 何 如 庶 為 合 里 熱 輕 用 淡 滲 人 所 易 忽 卻 最 妙 </sf> 
 </marginalia> 
 用 參 術 。 黃 蓍 。 陳 皮 。 歸 身 尾 。 川 芎 。 炙 甘 草 。 如 發 熱 。 輕 則 加 茯 苓 。 淡 滲 之 。 其 熱 自 唋 。 重 則 加 乾 薑 。 ○ 凡 產 後 有 病 。 先 固 氣 血 ○ 產 後 一 切 病 。 多 是 血 虛 。 皆 不 可 發 表 。 ○ 新 產 後 。 不 可 用 苦 藥 。 以 其 酸 寒 。 能 伐 生 發 之 氣 故 也 。 ○ 大 抵 胎 前 毋 滯 產 後 毋 虛 。 
 <marginalia> 
 <sf> 法 言 </sf> 
 </marginalia> 
 ○ 論 產 後 服 熱 藥 之 誤 
 丹 溪 曰 。 或 問 新 產 之 婦 。 好 血 已 虧 。 污 血 或 留 。 彼 黑 神 散 。 非 要 藥 乎 。 答 曰 。 至 哉 坤 元 。 萬 物 資 生 。 理 之 常 也 。 初 生 之 婦 好 血 未 必 虧 。 污 血 未 必 積 。 臟 腑 未 必 寒 。 何 以 藥 為 。 飲 食 起 居 。 勤 加 調 護 。 何 病 之 有 。 誠 有 污 血 。 體 怯 而 寒 。 與 之 數 帖 。 亦 自 簡 便 。 或 有 他 病 。 當 求 病 起 何 因 病 在 何 經 。 氣 病 治 氣 。 血 病 治 血 。 何 用 拘 執 此 方 。 例 令 服 餌 。 設 有 性 急 者 。 形 瘦 者 。 本 有 怒 火 者 。 夏 月 坐 蓐 者 。 時 在 火 令 。 薑 桔 皆 為 禁 藥 。 
 <marginalia> 
 <sf> 此 論 出 局 方 發 揮 其 血 病 治 血 以 下 尚 有 寒 者 溫 之 熱 者 清 之 凝 者 行 之 虛 者 補 之 血 多 者 止 之 五 句 似 不 可 少 姑 識 之 以 便 採 擇 </sf> 
 </marginalia> 
 </text></document>