<?xml version="1.0" encoding="UTF-8" standalone="yes" ?>
<document>
<header>
<doctitle>
 重訂濟陰綱目 
 </doctitle>
<volume>
 第四冊, 卷 8 
 </volume>
<author>
 武 之 望   (叔卿 ) 
</author>
<date>
 清雍正六年, 1728
 </date>
<currentpage>
 text 39b 
 </currentpage>
<first>
 jiyingkangmu v.4 text7 1a.xml
</first>
<last>
 jiyingkangmu v.4 text8 44b.xml 
</last>
<prev>
 jiyingkangmu v.4 text8 39a.xml 
</prev>
<next>
 jiyingkangmu v.4 text8 40a.xml 
</next>
<image>
 jiyingkangmu v.4 text8 39b.jpg 
</image>
</header><text>
<formula> 
 五 加 皮 散         治 { 妊 } 娠 腰 痛 不 可 忍 。 或 跨 痛 。 先 服 此 散 。 
 杜 仲 <sf> 四 兩 炒 </sf>         五 加 皮         阿 膠 <sf> 炙 另 入 </sf>         防 風         狗 脊       川 芎         白 芍 藥         細 辛         蓽 薢 <sf> 各 三 兩 </sf>         杏 仁 <sf> 八 十 個 去 皮 尖 { 麵 } 炒 </sf> 
 </formula>
 右 &lt;x> 咀 。 以 水 九 升 。 煮 取 二 升 。 去 滓 下 膠 。 作 三 服 。 
 
 <formula> 
 五 加 皮 丸         治 { 妊 } 娠 腰 痛 。 不 可 忍 者 。 次 服 此 丸 。 
 續 斷 <sf> 炒 </sf>         杜 仲 <sf> 各 二 兩 半 </sf>         芎 藭         獨 活 <sf> 各 三 兩 </sf>         五 加 皮         狗 脊         蓽 薢         芍 藥         訶 子 肉 <sf> 各 四 兩 </sf> 
 </formula> 
 右 為 細 末 煉 蜜 丸 如 桐 子 大 。 每 服 四 十 丸 空 心 酒 下 。 日 三 服 。 
 <marginalia> 
 <sf> 此 與 前 方 不 甚 相 遠 而 以 杏 仁 易 訶 子 痛 塞 不 同 者 此 宜 詳 之 </sf> 
 </marginalia> 
 
<formula> 
 療 觸 動 胎 以 至 腰 痛 背 痛 
 杜 仲         五 加 皮         當 歸         芍 藥         川 芎         蓽 薢 <sf> 各 等 分 </sf> 
 </formula> 
 </text></document>