<?xml version="1.0" encoding="UTF-8" standalone="yes" ?>
<document>
<header>
<doctitle>
 重訂濟陰綱目 
 </doctitle>
<volume>
 第四冊, 卷 8 
 </volume>
<author>
 武 之 望   (叔卿 ) 
</author>
<date>
 清雍正六年, 1728
 </date>
<currentpage>
 text 23b 
 </currentpage>
<first>
 jiyingkangmu v.4 text7 1a.xml
</first>
<last>
 jiyingkangmu v.4 text8 44b.xml 
</last>
<prev>
 jiyingkangmu v.4 text8 23a.xml 
</prev>
<next>
 jiyingkangmu v.4 text8 24a.xml 
</next>
<image>
 jiyingkangmu v.4 text8 23b.jpg 
</image>
</header><text>
黃 苓 茯 苓 熟 地 黃 續 斷 ○ 有 氣 盛 。 亦 加 香 附 砂 仁 ○ 氣 虛 加 人 參 黃 蓍 之 類 ○ 如 傷 墮 多 次 。 受 孕 後 。 便 宜 服 千 金 紫 蘇 飲 。 及 前 加 減 法 湯 丸 相 間 。 庶 免 再 墮 。 
 
 <formula> 
 安 胎 飲         治 { 妊 } 娠 卒 然 腰 痛 。 下 血 不 已 。 
 當 歸         川 芎         白 芍 藥 炒         熟 地 黃         阿 膠 <sf> 炒 </sf>         艾 葉         黃 蓍 <sf> 各 一 錢 </sf>         甘 草 <sf> 炙 </sf>         地 榆 <sf> 各 五 分 </sf> 
 </formula> 
 右 剉 一 劑 。 加 薑 棗 水 煎 服 
 
 <formula> 
 大 全 方         治 { 妊 } 娠 三 四 月 腹 痛 。 時 時 下 血 。 
 當 歸         熟 地 黃         艾 葉 <sf> 各 六 兩 </sf>         續 斷 <sf> 二 兩 </sf>         阿 膠         雞 蘇         竹 茹 <sf> 各 一 兩 </sf> 
 </formula> 
 右 用 水 一 升 。 煎 取 七 合 。 空 心 再 服 。 
 </text></document>