<?xml version="1.0" encoding="UTF-8" standalone="yes" ?>
<document>
<header>
<doctitle>
 重訂濟陰綱目 
 </doctitle>
<volume>
 第七冊, 卷 13 
 </volume>
<author>
 武 之 望   (叔卿 ) 
</author>
<date>
 清雍正六年, 1728
 </date>
<currentpage>
 text 40a 
 </currentpage>
<first>
 jiyingkangmu v.7 text12 1a.xml
</first>
<last>
 jiyingkangmu v.7 text13 46b.xml
</last>
<prev>
 jiyingkangmu v.7 text13 39b.xml 
</prev>
<next>
 jiyingkangmu v.7 text13 40b.xml 
</next>
<image>
 jiyingkangmu v.7 text13 40a.jpg 
</image>
</header><text>
<formula>右 剉 ﹐ 作 一 服 ﹐ 酒 水 個 各 二 升 ﹐ 煎 取 一 升 分 三 服 ﹐ </formula> 
 
 <marginalia> 
 <sf> 更 無 他 疾 專 主 胃 氣 虛 寒 也 故 惟 以 溫 補 無 為 主 
 
 既 用 生 薑 以 佐 術 復 加 酒 以 為 煎 又 法 之 妙 也 </sf> 
 </marginalia>
<formula> 
 石 蓮 散     治 產 後 胃 寒 咳 逆 。 嘔 吐 不 食 。 或 腹 作 脹 
 石 蓮 肉 <sf> 一 兩 半 </sf>     白 茯 苓 <sf> 一 兩 </sf>     丁 香 <sf> 半 兩 </sf> 
 右 為 細 末 每 服 三 錢 ﹐ 用 薑 湯 ﹐ 或 米 飲 調 下 ﹐ 日 三 服 </formula> 
 
 <marginalia> 
 <sf> 本 草 石 蓮 即 蓮 寔 之 沉 水 中 子 底 者 也 其 味 甘 其 性 降 故 能 益 胃 清 水 而 治 嘔 況 加 茯 苓 以 下 氣 丁 香 以 溫 寒 生 薑 助 之 其 中 品 味 大 非 前 方 </sf> 
 </marginalia>
<formula> 
 錢 氏 益 黃 散     治 脾 胃 虛 寒 水 反 來 侮 以 致 嘔 吐 不 食 。 或 肚 腹 作 痛 。 或 大 便 不 實 。 手 足 逆 冷 等 症 。 
 陳 皮 <sf> 一 兩 </sf>     青 皮     訶 子 肉     甘 草 <sf> 炙 </sf>       丁 香 <sf> 各 二 錢 </sf> 
 右 為 { 麤 } 末 ﹐ 每 服 四 錢 水 煎 服 ﹐ </formula> 
 
 <formula> 
 加 味 四 君 子 湯     治 產 後 嘔 逆 不 已 。 
 
 人 參     白 術     茯 苓     甘 草 <sf> 炙 </sf>     半 夏     陳 皮     藿 香     砂 仁 <sf> 各 等 分 </sf> 
 </formula></text></document>