<?xml version="1.0" encoding="UTF-8" standalone="yes" ?>
<document>
<header>
<doctitle>
 重訂濟陰綱目 
 </doctitle>
<volume>
 第八冊, 卷 14 
 </volume>
<author>
 武 之 望   (叔卿 ) 
</author>
<date>
 清雍正六年, 1728
 </date>
<currentpage>
 text 47b 
 </currentpage>
<first>
 jiyingkangmu v.8 text14 1a.xml
</first>
<last>
 bao sheng sui shi 9b.xml
</last>
<prev>
 jiyingkangmu v.8 text14 47a.xml 
</prev>
<next>
 jiyingkangmu v.8 text14 48a.xml 
</next>
<image>
 jiyingkangmu v.8 text14 47b.jpg 
</image>
</header><text>
<formula>用 五 灰 膏 去 蠹 肉 生 新 肉 。 漸 漸 收 歛 。 此 疾 多 生 於 憂 鬱 積 忿 ﹐ 中 年 婦 人 。 未 破 者 尚 可 治 。 成 瘡 者 終 不 可 治 。 宜 服 十 六 味 流 氣 飲 。 
 ○ 薛 氏 曰 乳 岩 乃 七 情 所 傷 肝 經 血 氣 &lt;x> [ 枯 ] 稿 之 證 。 大 抵 鬱 悶 則 脾 氣 阻 。 肝 氣 逆 。 遂 成 隱 核 。 不 痛 不 痒 。 人 多 忽 之 最 難 治 療 。 若 一 有 此 。 宜 戒 七 情 遠 厚 味 。 解 鬱 結 。 更 以 養 血 氣 之 藥 。 庶 可 保 全 。 否 則 不 治 。 惟 一 婦 。 服 益 氣 養 榮 湯 百 餘 劑 。 血 氣 漸 復 。 更 以 木 香 餅 炙 之 。 喜 其 謹 疾 年 餘 而 消 餘 不 信 。 乃 服 剋 伐 行 氣 之 劑 。 如 流 氣 飲 。 敗 毒 散 。 反 大 如 覆 &lt;x> [ 碗 ] 自 出 清 膿 。 不 飲 而 歿 。 
 ○ 李 氏 曰 ﹐ 有 鬱 怒 傷 肝 脾 。 結 核 如 鱉 棋 子 大 。 不 痛 不 痒 。 五 七 年 後 。 外 腫 紫 黑 。 內 漸 潰 爛 。 名 曰 乳 巖 。 滴 盡 氣 血 。 方 { 死 } 患 用 十 六 味 流 氣 飲 及 單 青 皮 湯 兼 服 。 虛 者 。 只 用 清 脾 解 鬱 湯 。 或 十 全 大 補 湯 。 更 加 
 </formula></text></document>