<?xml version="1.0" encoding="UTF-8" standalone="yes" ?>
<document>
<header>
<doctitle>
 重訂濟陰綱目 
 </doctitle>
<volume>
 第一冊, 卷 1 
 </volume>
<author>
 武 之 望   (叔卿 ) 
</author>
<date>
 清雍正六年, 1728
 </date>
<currentpage>
 text 25b 
 </currentpage>
<first>
 jiyingkangmu v.1 tp.xml
</first>
<last>
 jiyingkangmu v.1 text1 38b.xml 
</last>
<prev>
 jiyingkangmu v.1 text1 25a.xml 
</prev>
<next>
 jiyingkangmu v.1 text1 26a.xml 
</next>
<image>
 jiyingkangmu v.1 text1 25b.jpg 
</image>
</header><text>
<formula>香 附 <sf> 四 製 十 二 兩 </sf>         阿 膠 <sf> 碎 炒 </sf>         艾 葉         當 歸 <sf> 酒 洗 </sf>         川 芎         芍 藥 <sf> 炒 </sf>         熟 地 黃 <sf> 酒 洗 各 二 兩 </sf> 
 </formula> 
 右 為 末 。 用 陳 石 榴 一 枚 連 皮 搗 碎 煎 水 打 糊 丸 如 桐 子 大 每 服 百 丸 。 空 心 淡 醋 湯 下 。 
 <marginalia> 
 <sf> 艾 少 有 行 之 妙 陳 石 榴 酸 澀 當 是 固 經 之 意 </sf> 
 </marginalia>

<formula> 
 人 參 養 血 丸         治 女 人 稟 受 素 弱 。 血 氣 虛 損 。 常 服 補 衝 任 。 調 經 候 。 暖 下 元 。 生 血 氣 。 
 熟 地 黃 <sf> 五 兩 </sf>         烏 梅 肉 <sf> 三 兩 </sf>         當 歸 <sf> 二 兩 </sf>         人 參         川 芎         赤 芍 藥         蒲 黃 <sf> 炒 各 一 兩 </sf> 
 </formula> 
 右 為 細 末 煉 蜜 丸 如 梧 子 大 每 服 八 十 丸 溫 酒 米 飲 任 下 
 <marginalia> 
 <sf> 稟 弱 者 先 天 之 氣 弱 也 血 生 于 氣 口 生 于 下 故 用 熟 地 為 君 人 參 佐 之 以 生 下 焦 之 氣 使 陰 氣 旺 而 生 血 也 臣 以 烏 梅 以 生 液 而 斂 血 入 肝 夫 既 生 矣 敘 矣 而 不 為 流 行 之 則 血 凝 血 不 通 故 以 芎 歸 為 使 其 或 瘀 </sf> 
 </marginalia>
<formula> 
 當 歸 地 黃 丸         治 婦 人 血 氣 不 和 月 事 不 勻 腰 腿 疼 痛 
 當 歸         川 芎         白 芍 藥         熟 地 黃 <sf> 各 半 兩 </sf>         牡 丹 皮 
 </formula></text></document>