<?xml version="1.0" encoding="UTF-8" standalone="yes" ?>
<document>
<header>
<doctitle>
 重訂濟陰綱目 
 </doctitle>
<volume>
 第七冊, 卷 12 
 </volume>
<author>
 武 之 望   (叔卿 ) 
</author>
<date>
 清雍正六年, 1728
 </date>
<currentpage>
 text 21b 
 </currentpage>
<first>
 jiyingkangmu v.7 text12 1a.xml
</first>
<last>
 jiyingkangmu v.7 text13 46b.xml
</last>
<prev>
 jiyingkangmu v.7 text12 21a.xml 
</prev>
<next>
 jiyingkangmu v.7 text12 22a.xml 
</next>
<image>
 jiyingkangmu v.7 text12 21b.jpg 
</image>
</header><text>
<formula>甘 草     琥 珀     鐵 粉 <sf> 另 研 </sf>     麝 香 <sf> 另 研 各 一 錢 </sf> 
 
 右 為 細 末 ﹐ 每 服 三 錢 ﹐ 用 金 銀 湯 調 下 ﹐ 
 </formula> 
 
 <formula> 
 茯 神 散     治 產 後 血 邪 。 心 神 恍 惚 。 言 語 失 度 。 坐 臥 不 安 。 
 茯 神 <sf> 去 木 一 錢 </sf>     人 參     黃 &lt;x>     赤 芍 藥     牛 膝     琥 珀 研     龍 齒 <sf> 研 各 七 錢 半 </sf>     生 地 黃 <sf> 一 兩 半 </sf>     桂 心 <sf> 半 兩 </sf> 
 
 右 為 末 。 每 服 三 錢 。 水 煎 服 。 
 </formula> 
 
 <formula> 
 一 方     治 產 後 血 暈 。 心 迷 狂 亂 。 恍 惚 如 見 鬼 。 
 
 生 益 母 草 <sf> 三 合 根 亦 可 </sf>     生 地 黃 汁 <sf> 二 合 </sf>     童 便 <sf> 一 合 </sf>     雞 子 清 <sf> 三 枚 </sf> 
 石 同 煎 三 四 沸 ﹐ 後 入 雞 子 清 ﹐ 攪 勻 作 一 服  </formula>
<marginalia> 
 <sf> &lt;?> 逐 瘀 之 藥 必 杳 熱 造 方 不 芳 香 不 燥 熱 為 清 涼 降 火 逐 瘀 聖 藥 { 蓋 } 與 時 宜 者 也 氣 虛 者 忌 用 </sf> 
 </marginalia> 
 
 ○ 驚 悸 
 
 大 全 云 ﹐ 產 後 臟 虛 。 心 神 驚 悸 者 。 出 體 虛 心 氣 不 足 心 之 經 為 風 邪 
 </text></document>