<?xml version="1.0" encoding="UTF-8" standalone="yes" ?>
<document>
<header>
<doctitle>
 重訂濟陰綱目 
 </doctitle>
<volume>
 第三冊, 卷 5 
 </volume>
<author>
 武 之 望   (叔卿 ) 
</author>
<date>
 清雍正六年, 1728
 </date>
<currentpage>
 text 20b 
 </currentpage>
<first>
 jiyingkangmu v.3 text4 1a.xml
</first>
<last>
 jiyingkangmu v.3 text6 26b.xml 
</last>
<prev>
 jiyingkangmu v.3 text5 20a.xml 
</prev>
<next>
 jiyingkangmu v.3 text5 21a.xml 
</next>
<image>
 jiyingkangmu v.3 text5 20b.jpg 
</image>
</header><text>
醋 湯 下 無 時 。 
 
 <formula> 
 治 婦 人 &lt;x> 癖 。 及 血 氣 等 。 神 { 效 } 方 
 用 豶 <cf> &#64022; </cf> 肝 一 具 。 可 及 十 兩 者 。 以 巴 豆 五 十 枚 。 去 大 皮 紮 在 肝 內 用 釅 醋 三 碗 。 熬 肝 極 爛 。 去 巴 豆 不 用 。 入 京 三 稜 末 。 和 調 得 所 。 丸 如 桐 子 大 。 每 服 五 丸 。 食 前 溫 熱 酒 下 。</formula> <marginalia> 
 <sf> 昔 有 一 女 人 患 腹 中 痞 塊 攻 心 作 痛 服 此 而 愈 
 重 在 冷 氣 不 和 恐 非 胎 前 所 宜 若 產 後 血 刺 痛 或 血 臟 冷 者 宜 之 </sf> 
 </marginalia> 
 
<formula> 
 <cf> &#33905; </cf> 白 散         專 治 一 切 冷 氣 不 和 。 及 本 臟 膀 胱 氣 。 攻 衝 疼 痛 。 又 治 婦 人 胎 前 後 腹 痛 。 胎 不 安 。 或 血 刺 痛 者 。 兼 能 治 血 臟 宿 冷 。 百 節 倦 痛 。 肌 體 怯 弱 。 勞 傷 帶 癖 久 服 盡 除 。 但 婦 人 一 切 疾 病 。 最 宜 服 此 <sf> 與 後 烏 雞 煎 丸 兼 服 </sf> 
 川 芎         當 歸         枳 殼         厚 朴         桂 心         乾 薑         舶 上 懷 香         芍 藥         青 皮         木 香         麥 芽         苦 楝 子         熟 地 黃         三 稜 
 <marginalia> 
 <sf> 人 身 以 氣 血 流 行 為 <cf> &#26080; </cf> 病 此 方 以 四 物 補 血 人 參 助 氣 枳 殼 厚 朴 行 上 焦 之 氣 懷 香 苦 楝 行 下 焦 之 氣 木 香 </sf> 
 </marginalia> 
 </formula></text></document>