<?xml version="1.0" encoding="UTF-8" standalone="yes" ?>
<document>
<header>
<doctitle>
 重訂濟陰綱目 
 </doctitle>
<volume>
 第六冊, 卷 10 
 </volume>
<author>
 武 之 望   (叔卿 ) 
</author>
<date>
 清雍正六年, 1728
 </date>
<currentpage>
 text 6b 
 </currentpage>
<first>
 jiyingkangmu v.6 text10 1a.xml
</first>
<last>
 jiyingkangmu v.6 text11 38b.xml
</last>
<prev>
 jiyingkangmu v.6 text10 6a.xml 
</prev>
<next>
 jiyingkangmu v.6 text10 7a.xml 
</next>
<image>
 jiyingkangmu v.6 text10 6b.jpg 
</image>
</header><text>
吳 菱 山 治 一 婦 產 難 。 三 日 不 下 。 服 破 血 行 經 之 藥 。 俱 罔 效 。 吳 因 制 一 方 。 以 車 前 子 為 君 。 冬 葵 子 為 臣 。 白 芷 枳 殼 為 佐 使 巳 服 午 產 。 眾 醫 異 之 。 吳 曰 。 本 草 謂 催 生 以 此 為 君 。 毛 詩 採 芣 苡 以 防 產 難 是 也 。 
 <marginalia> 
 <sf> 芣 苡 即 車 前 或 用 草 亦 可 性 最 溫 利 故 君 之 </sf> 
 </marginalia> 
 劉 復 真 遇 府 判 女 。 產 不 利 。 已 歛 。 劉 取 紅 花 濃 煎 。 扶 女 于 凳 上 。 以 綿 帛 蘸 湯 &lt;x> 之 。 連 以 澆 帛 上 。 以 器 盛 水 。 又 煖 又 淋 。 久 而 甦 醒 。 遂 生 男 子 。 蓋 遇 嚴 冬 血 冷 。 凝 滯 不 行 溫 即 產 見 亦 神 矣 。 
 <marginalia> 
 <sf> 凍 產 治 驗 法 奇 而 正 妙 妙 </sf> 
 </marginalia> 
 一 醫 宿 客 店 。 值 店 婦 產 數 日 不 下 。 下 體 已 冷 。 無 藥 甚 窘 。 以 椒 橙 茱 萸 等 煎 湯 。 可 下 手 。 則 和 臍 腹 產 門 處 。 皆 淋 洗 之 。 氣 溫 血 行 遂 產 。 
 
 論 交 骨 不 開 
 薛 氏 曰 交 骨 不 開 。 產 門 不 閉 。 皆 由 元 氣 素 弱 。 胎 前 失 於 調 攝 。 以 致 血 氣 不 能 運 達 而 然 也 。 交 骨 不 開 。 陰 氣 虛 也 。 用 加 味 芎 歸 湯 。 補 中 
 </text></document>