<?xml version="1.0" encoding="UTF-8" standalone="yes" ?>
<document>
<header>
<doctitle>
 重訂濟陰綱目 
 </doctitle>
<volume>
 第三冊, 卷 6 
 </volume>
<author>
 武 之 望   (叔卿 ) 
</author>
<date>
 清雍正六年, 1728
 </date>
<currentpage>
 text 23b 
 </currentpage>
<first>
 jiyingkangmu v.3 text4 1a.xml
</first>
<last>
 jiyingkangmu v.3 text6 26b.xml 
</last>
<prev>
 jiyingkangmu v.3 text6 23a.xml 
</prev>
<next>
 jiyingkangmu v.3 text6 24a.xml 
</next>
<image>
 jiyingkangmu v.3 text6 23b.jpg 
</image>
</header><text>
<formula>熟 地 黃         辛 夷 仁         禹 餘 糧 <sf> 炒 醋 淬 </sf>         當 歸         石 斛 <sf> 各 三 兩 </sf>         紫 葳         牡 蒙 <sf> 各 二 兩 </sf>         粉 草         烏 { 賊 } 骨 <sf> 燒 灰 </sf>         薯 蕷 <sf> 各 一 兩 半 </sf>         牛 膝         柏 子 仁 <sf> 炒 </sf>         吳 茱 萸         桑 寄 生         牡 丹 皮         人 參         細 辛         厚 朴         續 斷         乾 姜 <sf> 炮 各 一 兩 </sf> 
 </formula> 
 右 為 末 。 煉 蜜 丸 。 如 桐 子 大 。 每 服 五 十 丸 。 空 心 米 飲 溫 酒 任 下 。 
 <marginalia> 
 <sf> 此 與 前 方 相 表 裏 而 餘 <cf> &#31918; </cf> 烏 賊 又 有 燥 溫 治 帶 之 ¥ - c 天 冬 相 子 又 有 清 涼 潤 燥 之 用 惟 用 古 者 能 斟 酌 之 </sf> 
 </marginalia> 
 
<formula> 
 盪 胞 湯         治 婦 人 全 不 產 育 。 及 斷 絕 久 不 產 二 三 十 年 者 。 
 朴 硝         牡 丹 皮         當 歸         大 黃 <sf> 蒸 一 飯 久 </sf>         桃 仁 <sf> 各 三 兩 </sf>         細 辛         厚 朴 <sf> 姜 汁 炙 </sf>         苦 梗         赤 芍 藥         人 參         茯 苓         桂 心         甘 草         牛 膝         陳 皮 <sf> 各 二 兩 </sf>         附 子 <sf> 炮 一 兩 半 </sf>         { 虻 } 蟲 <sf> 炒 焦 去 翅 足 </sf>         水 蛭 <sf> 炒 各 十 枚 </sf> 
 </formula> 
 右 為 末 每 服 六 錢 水 酒 各 半 盞 煎 至 六 分 溫 服 。 日 二 服 夜 一 服 
 </text></document>