<?xml version="1.0" encoding="UTF-8" standalone="yes" ?>
<document>
<header>
<doctitle>
 重訂濟陰綱目 
 </doctitle>
<volume>
 第三冊, 卷 4 
 </volume>
<author>
 武 之 望   (叔卿 ) 
</author>
<date>
 清雍正六年, 1728
 </date>
<currentpage>
 text 13a 
 </currentpage>
<first>
 jiyingkangmu v.3 text4 1a.xml
</first>
<last>
 jiyingkangmu v.3 text6 26b.xml 
</last>
<prev>
 jiyingkangmu v.3 text4 12b.xml 
</prev>
<next>
 jiyingkangmu v.3 text4 13b.xml 
</next>
<image>
 jiyingkangmu v.3 text4 13a.jpg 
</image>
</header><text>
<marginalia> 
 <sf> 當 歸 之 用 殊 失 之 矣 或 曰 當 歸 味 辛 可 以 潤 腎 燥 殊 不 知 辛 溫 之 味 乃 流 行 之 物 非 所 以 納 氣 也 蓋 腎 為 水 藏 而 陰 生 所 謂 水 深 土 厚 也 動 則 氣 散 而 水 溢 所 謂 失 藏 其 用 也 觀 水 歸 冬 旺 而 反 涸 長 夏 火 旺 而 水 行 可 想 命 名 之 義 矣 辛 溫 之 物 加 于 納 氣 丸 中 宜 乎 </sf> 
 </marginalia> 
 
 方 見 經 閉 血 枯 條 
 
 <formula> 
 渾 身 碎 痛 引 子         治 婦 人 勞 倦 。 
 虎 骨 <sf> 五 錢 </sf>         防 風       &lt;x> 本         白 芷         茯 苓         甘 草 <sf> 炙 </sf>         白 朮         當 歸         芍 藥 <sf> 炒 </sf>         續 斷 <sf> 炒 </sf>         附 子 <sf> 各 二 錢 </sf> 
 </formula> 
 右 為 麤 末 。 薑 棗 煎 服 。 不 拘 時 
 
 <formula> 
 木 香 丸         治 婦 人 冷 勞 。 經 <cf> &#33033; </cf> 不 調 。 臟 腑 氣 滯 。 四 肢 疼 痛 。 飲 食 無 味 。 漸 加 羸 瘦 。 
 木 香         琥 珀         吳 茱 萸 <sf> 炮 </sf>         當 歸         牡 丹 皮         赤 芍 藥         三 稜         附 子 <sf> 炮 </sf>         延 胡 索         川 芎 <sf> 各 七 錢 半 </sf>         乾 薑         人 參         桂 心 <sf> 各 半 兩 </sf>         北 柴 胡         白 朮       鱉 甲 <sf> 醋 炙 去 裙 襴 </sf>         厚 朴         熟 地 黃         陳 橘 皮 <sf> 各 一 兩 </sf> 
 </formula></text></document>