<?xml version="1.0" encoding="UTF-8" standalone="yes" ?>
<document>
<header>
<doctitle>
 重訂濟陰綱目 
 </doctitle>
<volume>
 第七冊, 卷 13 
 </volume>
<author>
 武 之 望   (叔卿 ) 
</author>
<date>
 清雍正六年, 1728
 </date>
<currentpage>
 text 37a 
 </currentpage>
<first>
 jiyingkangmu v.7 text12 1a.xml
</first>
<last>
 jiyingkangmu v.7 text13 46b.xml
</last>
<prev>
 jiyingkangmu v.7 text13 36b.xml 
</prev>
<next>
 jiyingkangmu v.7 text13 37b.xml 
</next>
<image>
 jiyingkangmu v.7 text13 37a.jpg 
</image>
</header><text>
<formula>方 見 胎 前 霍 亂 </formula> 
 
 <marginalia> 
 <sf> 同 治 法 亦 別 蓋 此 非 霍 亂 正 治 法 弗 妄 試 也 盡 信 書 不 如 無 書 正 為 此 耳 </sf> 
 </marginalia>
<formula> 
 五 苓 散     治 霍 亂 渴 而 飲 水 者 。 
 白 術 <sf> 炒 </sf>     茯 苓     豬 苓 <sf> 各 一 錢 </sf>     澤 瀉 <sf> 二 錢 半 </sf>     桂 <sf> 三 分 </sf>     
 右 剉 作 一 服 ﹐ 水 煎 服 </formula> 
 
 <formula> 
 理 中 丸     治 脾 胃 虛 寒 。 嘔 吐 泄 瀉 。 飲 食 少 思 。 肚 腹 膨 脹 。 
 人 參     白 術 <sf> 炒 </sf>     乾 薑 <sf> 炮 </sf>     甘 草 <sf> 炙 各 一 錢 </sf> 
 
 右 為 末 ﹐ 米 糊 丸 ﹐ 如 彈 子 大 ﹐ 每 服 一 丸 ﹐ 嚼 細 ﹐ 白 湯 下 ﹐ </formula>
<marginalia> 
 <sf> 用 此 方 者 當 認 虛 寒 二 字 為 主 </sf> 
 </marginalia>
<formula> 
 白 <cf> 術 </cf> 散     治 產 後 霍 亂 吐 瀉 。 腹 痛 煩 渴 。 手 足 逆 冷 。 或 大 便 不 實 
 白 <cf> 術 </cf>     橘 紅     麥 門 冬 <sf> 去 心 </sf>     人 參     乾 薑 <sf> 炮 各 一 兩 </sf>     甘 草 <sf> 半 兩 </sf> 
 右 剉 ﹐ 每 服 四 錢 ﹐ 薑 水 煎 服 ﹐ </formula> 
 
 <formula> 
 溫 中 散     治 產 後 霍 亂 。 吐 瀉 不 止 。 
 </formula></text></document>