<?xml version="1.0" encoding="UTF-8" standalone="yes" ?>
<document>
<header>
<doctitle>
 重訂濟陰綱目 
 </doctitle>
<volume>
 第八冊, 卷 14 
 </volume>
<author>
 武 之 望   (叔卿 ) 
</author>
<date>
 清雍正六年, 1728
 </date>
<currentpage>
 text 20b 
 </currentpage>
<first>
 jiyingkangmu v.8 text14 1a.xml
</first>
<last>
 bao sheng sui shi 9b.xml
</last>
<prev>
 jiyingkangmu v.8 text14 20a.xml 
</prev>
<next>
 jiyingkangmu v.8 text14 21a.xml 
</next>
<image>
 jiyingkangmu v.8 text14 20b.jpg 
</image>
</header><text>
補 中 益 氣 。 加 吳 茱 萸 炒 黃 連 五 分 。 四 劑 頓 止 用 歸 脾 湯 治 之 而 痊 一 婦 人 怒 則 便 血 。 寒 熱 口 苦 。 或 胸 { 脅 } 脹 痛 。 或 小 腹 痞 悶 。 此 肝 木 乘 脾 土 。 用 六 君 子 加 山 梔 柴 胡 而 愈 。 又 用 補 中 益 氣 。 加 味 逍 遙 二 藥 。 而 不 復 作 。 
 
 一 婦 人 久 下 血 在 糞 前 。 屬 脾 胃 虛 寒 。 用 補 中 益 氣 湯 。 加 連 炒 吳 茱 一 錢 。 數 劑 稍 { 效 } 。 乃 加 生 吳 茱 五 分 。 數 劑 而 愈 。 
 一 產 婦 大 便 後 血 。 口 乾 飲 湯 。 胸 脅 膨 滿 。 小 腹 悶 墜 。 內 熱 晡 熱 。 食 少 體 倦 。 日 晡 面 赤 。 洒 淅 惡 寒 。 此 肝 肺 氣 虛 。 先 用 六 君 加 炮 薑 木 香 。 漸 愈 。 用 補 中 益 氣 。 將 愈 。 用 歸 脾 湯 而 愈 。 後 因 勞 役 兼 怒 氣 。 發 熱 血 崩 。 夜 間 膽 語 。 此 熱 入 血 室 。 用 加 味 小 柴 胡 二 劑 而 熱 退 。 用 補 中 益 氣 而 血 止 。 用 逍 遙 散 。 歸 脾 湯 。 調 理 而 康 。 
 </text></document>