<?xml version="1.0" encoding="UTF-8" standalone="yes" ?>
<document>
<header>
<doctitle>
 重訂濟陰綱目 
 </doctitle>
<volume>
 第五冊, 卷 9 
 </volume>
<author>
 武 之 望   (叔卿 ) 
</author>
<date>
 清雍正六年, 1728
 </date>
<currentpage>
 text 27b 
 </currentpage>
<first>
 jiyingkangmu v.5 text9 1a.xml
</first>
<last>
 jiyingkangmu v.5 text9 51b.xml
</last>
<prev>
 jiyingkangmu v.5 text9 27a.xml 
</prev>
<next>
 jiyingkangmu v.5 text9 28a.xml 
</next>
<image>
 jiyingkangmu v.5 text9 27b.jpg 
</image>
</header><text>
右 以 水 五 升 。 煮 取 一 升 。 去 渣 盡 服 。 須 臾 當 下 。 便 愈 。 
 
 <formula> 
 又 方         葵 子 <sf> 一 合 </sf>         川 朴 硝 <sf> 一 兩 </sf> 
 </formula> 
 右 每 服 三 錢 。 水 煎 溫 服 。 
 <marginalia> 
 <sf> 朴 硝 非 妊 娠 所 宜 用 者 須 慎 </sf> 
 </marginalia>
<formula> 
 豬 苓 散         療 { 妊 } 娠 小 便 { 澀 } 痛 。 兼 治 胎 水 。 
 豬 苓 <sf> 五 兩 去 皮 </sf> 為 末 。 白 湯 調 方 寸 七 。 加 至 二 七 。 日 三 夜 二 。 不 瘥 。 宜 轉 下 之 。 服 後 藥 。 
 </formula> 
 
 <formula> 
 甘 遂 散         療 { 妊 } 娠 子 淋 。 大 小 便 並 不 利 。 氣 急 。 已 服 豬 苓 散 不 瘥 。 宜 服 此 下 之 。 
 用 泰 山 赤 皮 甘 遂 二 兩 為 末 。 以 白 蜜 二 合 。 和 服 如 豆 大 一 粒 。 覺 心 下 煩 。 得 微 下 者 。 日 一 服 。 下 之 後 。 還 服 豬 苓 散 。 不 得 下 。 日 兩 服 。 漸 加 至 半 錢 。 以 微 利 為 度 。 <sf> 此 藥 太 唆 不 可 輕 用 </sf> 
 </formula> 
 </text></document>