<?xml version="1.0" encoding="UTF-8" standalone="yes" ?>
<document>
<header>
<doctitle>
 重訂濟陰綱目 
 </doctitle>
<volume>
 第四冊, 卷 8 
 </volume>
<author>
 武 之 望   (叔卿 ) 
</author>
<date>
 清雍正六年, 1728
 </date>
<currentpage>
 text 17b 
 </currentpage>
<first>
 jiyingkangmu v.4 text7 1a.xml
</first>
<last>
 jiyingkangmu v.4 text8 44b.xml 
</last>
<prev>
 jiyingkangmu v.4 text8 17a.xml 
</prev>
<next>
 jiyingkangmu v.4 text8 18a.xml 
</next>
<image>
 jiyingkangmu v.4 text8 17b.jpg 
</image>
</header><text>
也 。 此 方 竹 茹 能 平 火 。 厚 朴 能 下 逆 氣 。 橘 皮 生 薑 所 以 開 胃 。 人 參 白 朮 所 以 益 脾 。 開 胃 益 脾 。 欲 其 安 穀 云 爾 。 
 
 <formula> 
 白 朮 湯         治 胃 虛 惡 阻 吐 水 甚 至 十 餘 日 。 水 漿 不 入 者 。 
 白 朮 <sf> 炒 一 兩 </sf>         人 參 <sf> 五 錢 </sf>         丁 香 <sf> 二 錢 半 </sf>         甘 草 <sf> 一 錢 </sf> 
 </formula> 
 右 為 細 末 每 服 二 錢 。 加 生 薑 五 片 。 水 煎 食 前 溫 服 。 
 
 <formula> 
 人 參 丁 香 散         治 { 妊 } 娠 惡 阻 胃 寒 吐 逆 翻 胃 吐 食 。 及 心 腹 刺 痛 。 
 人 參 <sf> 五 錢 </sf>         丁 香         藿 香 <sf> 各 二 錢 半 </sf> 
 </formula> 
 右 &lt;x> 咀 。 每 服 五 錢 。 水 煎 服 。 
 
 <formula> 
 二 香 散         治 { 妊 } 娠 胎 動 不 安 。 氣 不 升 降 。 嘔 吐 酸 水 。 起 坐 覺 重 。 
 香 附 子 <sf> 一 兩 </sf>         藿 香 葉         甘 草 <sf> 各 二 錢 </sf> 
 </formula> 
 右 為 細 末 。 每 服 二 錢 。 沸 湯 調 下 。 不 拘 時 。 
 </text></document>