<?xml version="1.0" encoding="UTF-8" standalone="yes" ?>
<document>
<header>
<doctitle>
 重訂濟陰綱目 
 </doctitle>
<volume>
 第一冊 
 </volume>
<author>
 武 之 望   (叔卿 ) 
</author>
<date>
 清雍正六年, 1728
 </date>
<currentpage>
 table of contents 31b 
 </currentpage>
<first>
 jiyingkangmu v.1 tp.xml
</first>
<last>
 jiyingkangmu v.1 text1 38b.xml 
</last>
<prev>
 jiyingkangmu v.1 table of contents 31a.xml 
</prev>
<next>
 jiyingkangmu v.1 table of contents 32a.xml 
</next>
<image>
 jiyingkangmu v.1 table of contents 31b.jpg 
</image>
</header><text>
荷 葉 散 <sf> 治 惡 露 不 下 腹 中 疼 痛 煩 悶 </sf> 
 隱 居 澤 蘭 湯 <sf> 治 惡 血 腹 痛 胸 滿 少 氣 </sf> 
 又 方 <sf> 治 下 血 不 盡 腹 內 堅 痛 不 可 忍 </sf> 
 又 方 <sf> 治 惡 露 結 聚 小 腹 疼 痛 </sf> 
 產 寶 湯 <sf> 治 餘 血 作 痛 兼 塊 </sf> 
 延 胡 索 <sf> 一 名 三 聖 散 又 名 如   神 湯     治 臍 下 並 腰 痛 </sf> 
 香 桂 散 <sf> 治 臍 下 疼 痛 不 止 </sf> 
 當 歸 血 蝎 丸 <sf> 治 惡 露 成 塊 心 胸 痞 悶 及 臍 下 堅 痛 </sf> 
 當 歸 養 血 丸 <sf> 治 惡 血 不 散 發 渴 心 腹 疼 痛 連 及 腰 痛 </sf> 
 紫 金 丸 <sf> 治 惡 露 不 快 腹 痛 寒 熱 </sf> 
 玉 燭 散 <sf> 治 惡 露 疼 痛 大 便 燥 結 </sf> 
 枳 實 芍 藥 散 <sf> 治 腹 痛 煩 滿 不 得 臥 </sf> 
 下 瘀 血 湯 <sf> 治 腹 中 乾 血 痛 </sf> 
 保 命 方 <sf> 治 血 暈 血 結 </sf> 
 千 金 桃 仁 芍 藥 湯 <sf> 治 產 後 腹 痛 </sf> 
 增 損 四 物 湯 <sf> 治 產 後 陰 陽 不 和 乍 寒 乍 熱 </sf> 
 獨 聖 散 <sf> 治 血 虛 腹 痛 </sf> 
 當 歸 散 <sf> 治 產 後 血 虛 氣 滯 以 致 發 熱 腹 痛 腹 { 脅 } 脹 滿 </sf> 
 定 痛 散 <sf> 治 產 後 惡 血 不 止 </sf> 
 羊 肉 湯 <sf> 治 產 虛 為 寒 邪 所 乘 腹 痛 及 臍 下 脹 痛 </sf> 
 當 歸 建 中 湯 <sf> 治 產 後 虛 羸 腹 中 &lt;x> 痛 不 止 吸 吸 少 氣 苦 小 腹 中 急 痛 引 腰 背 不 能 食 </sf> 
 千 金 方 <sf> 治 產 後 餘 疾 腹 中 絞 痛 瘦 乏 不 下 食 </sf> 
 生 料 五 積 散 <sf> 治 產 後 內 有 餘 血 外 感 寒 邪 相 搏 腹 痛 </sf> 
 </text></document>