<?xml version="1.0" encoding="UTF-8" standalone="yes" ?>
<document>
<header>
<doctitle>
 重訂濟陰綱目 
 </doctitle>
<volume>
 第五冊, 卷 9 
 </volume>
<author>
 武 之 望   (叔卿 ) 
</author>
<date>
 清雍正六年, 1728
 </date>
<currentpage>
 text 2b 
 </currentpage>
<first>
 jiyingkangmu v.5 text9 1a.xml
</first>
<last>
 jiyingkangmu v.5 text9 51b.xml
</last>
<prev>
 jiyingkangmu v.5 text9 2a.xml 
</prev>
<next>
 jiyingkangmu v.5 text9 3a.xml 
</next>
<image>
 jiyingkangmu v.5 text9 2b.jpg 
</image>
</header><text>
傷 生 冷 之 物 。 加 砂 仁 木 香 。 如 不 應 。 更 加 肉 豆 蔻 。 補 骨 脂 。 再 不 應 。 用 四 神 丸 。 
 
 <formula> 
 木 香 丸         治 { 妊 } 娠 脾 胃 虛 弱 。 飲 食 不 消 。 肚 腹 膨 脹 。 或 嘔 吐 泄 瀉 。 
 木 香 <sf> 二 錢 </sf>         三 稜         人 參         白 茯 苓 <sf> 各 三 錢 </sf> 
 </formula> 
 右 為 末 。 麵 糊 丸 。 如 菉 豆 大 。 每 服 三 四 十 丸 。 熟 水 下 。 
 <marginalia> 
 <sf> 三 稜 犯 胎 忌 與 人 參 並 用 或 無 妨 亦 須 看 人 強 弱 </sf> 
 </marginalia>
<formula> 
 白 朮 散         治 { 妊 } 娠 脾 胃 虛 弱 。 氣 不 調 和 。 飲 食 易 傷 。 
 白 朮 <sf> 炒 </sf>         紫 蘇 <sf> 各 一 兩 </sf>         人 參         白 芷 <sf> 炒 各 七 錢 半 </sf>         川 芎         訶 子 皮         青 皮 <sf> 各 半 兩 </sf>         甘 草 <sf> 炒 二 錢 半 </sf> 
 </formula> 
 右 每 服 二 錢 。 加 生 薑 三 片 。 水 煎 服 。 
 <marginalia> 
 <sf> 佐 紫 蘇 白 芷 調 和 胃 氣 妙 </sf> 
 </marginalia> 
 
 大 全 云 。 夫 { 妊 } 娠 忽 然 心 腹 刺 痛 。 悶 絕 欲 死 者 。 謂 之 中 惡 。 蓋 邪 惡 之 氣 。 中 于 胎 而 傷 人 也 。 所 以 然 者 。 血 氣 自 養 。 而 為 精 神 之 主 。 若 血 氣 
 <marginalia> 
 <sf> 俗 謂 絞 腸 痧 即 此 </sf> 
 </marginalia> 
 </text></document>