<?xml version="1.0" encoding="UTF-8" standalone="yes" ?>
<document>
<header>
<doctitle>
 重訂濟陰綱目 
 </doctitle>
<volume>
 第六冊, 卷 11 
 </volume>
<author>
 武 之 望   (叔卿 ) 
</author>
<date>
 清雍正六年, 1728
 </date>
<currentpage>
 text 20b 
 </currentpage>
<first>
 jiyingkangmu v.6 text10 1a.xml
</first>
<last>
 jiyingkangmu v.6 text11 38b.xml
</last>
<prev>
 jiyingkangmu v.6 text11 20a.xml 
</prev>
<next>
 jiyingkangmu v.6 text11 21a.xml 
</next>
<image>
 jiyingkangmu v.6 text11 20b.jpg 
</image>
</header><text>
不 痛 。 此 血 虛 也 。 須 用 補 養 之 劑 。 
 一 產 婦 患 前 證 。 昏 憒 口 噤 。 冷 汗 不 止 。 手 足 厥 逆 。 用 六 君 子 。 加 附 子 一 錢 。 以 迴 其 陽 。 二 劑 頓 甦 。 又 以 十 全 大 補 湯 。 養 其 血 氣 而 安 。 
 一 產 婦 患 前 證 。 手 不 敢 近 腹 。 用 失 笑 散 一 服 。 下 瘀 血 而 愈 。 次 日 復 痛 。 亦 用 前 藥 而 安 。 
 一 產 婦 患 前 證 。 用 大 黃 等 藥 。 其 血 雖 下 。 復 患 頭 痛 。 發 熱 惡 寒 。 次 日 昏 憒 。 自 以 兩 手 堅 護 其 腹 。 不 得 診 脈 視 其 面 色 青 白 。 余 謂 脾 氣 虛 寒 而 痛 也 。 用 六 君 子 湯 。 加 薑 桂 而 痛 止 。 又 有 八 珍 湯 。 加 薑 桂 而 安 。 
 大 岩 蜜 湯 <sf> 一 名 桂 心 湯 </sf>                     治 素 有 宿 寒 。 因 產 大 虛 。 寒 搏 于 血 。 血 凝 不 散 。 上 沖 心 之 絡 脈 。 故 作 心 痛 。 
 <formula> 
   熟 地 黃                 當 歸 <sf> 酒 浸 </sf>                       獨 活                                         吳 茱 萸 <sf> 炒 </sf>                           白 芍 <sf> 炒 </sf> 
 </formula> 
 <marginalia> 
 <sf> 看 病 緣 明 甚 </sf> 
 </marginalia> 
 </text></document>