<?xml version="1.0" encoding="UTF-8" standalone="yes" ?>
<document>
<header>
<doctitle>
 重訂濟陰綱目 
 </doctitle>
<volume>
 第一冊 
 </volume>
<author>
 武 之 望   (叔卿 ) 
</author>
<date>
 清雍正六年, 1728
 </date>
<currentpage>
 table of contents 40a 
 </currentpage>
<first>
 jiyingkangmu v.1 tp.xml
</first>
<last>
 jiyingkangmu v.1 text1 38b.xml 
</last>
<prev>
 jiyingkangmu v.1 table of contents 39b.xml 
</prev>
<next>
 jiyingkangmu v.1 table of contents 40b.xml 
</next>
<image>
 jiyingkangmu v.1 table of contents 40a.jpg 
</image>
</header><text>
滋 腸 五 仁 丸 <sf> 治 產 後 血 氣 虛 損 大 腸 閉 { 澀 } 傳 導 艱 難 </sf> 
 阿 膠 枳 殼 丸 <sf> 治 產 後 大 便 祕 { 澀 } </sf> 
 麻 蘇 粥 <sf> 婦 人 產 後 有 三 種 疾 鬱 冒 則 多 汗 汗 多 則 大 便 秘 故 難 用 藥 麻 蘇 二 子 最 為 穩 當 </sf> 
 兵 部 手 集 方 <sf> 治 產 後 祕 結 不 通 膨 滿 氣 急 坐 臥 俱 難 </sf> 
 
 大 小 便 不 通 
 通 氣 散 <sf> 治 產 後 大 小 便 不 通 </sf> 
 桃 仁 散 <sf> 治 膀 胱 氣 滯 血 { 澀 } </sf> 
 枳 殼 丸 <sf> 治 產 後 大 小 便 { 澀 } 滯 </sf> 
 一 方 <sf> 治 產 後 大 小 便 不 利 下 血 </sf> 
 金 鑰 匙 散 <sf> 治 產 後 大 小 便 不 通 腹 脹 </sf> 
 
 遺 屎 
 補 遺 方 <sf> 療 產 後 遺 屎 不 知 亦 治 遺 尿 </sf> 
 集 驗 方 <sf> 產 後 遺 屎 亦 治 男 子 </sf> 
 加 味 補 中 益 氣 湯 <sf> 治 脾 腎 虛 寒 大 便 不 禁 </sf> 
 還 少 丹 <sf> 治 脾 腎 虛 弱 遺 糞 </sf> 
 四 神 丸 <sf> 治 脾 腎 虛 弱 大 便 不 實 或 五 更 作 瀉 </sf> 
 五 味 子 散 <sf> 治 腎 泄 </sf> 
 廣 濟 方 <sf> 治 產 後 遺 糞 亦 治 男 子 </sf> 
 </text></document>