<?xml version="1.0" encoding="UTF-8" standalone="yes" ?>
<document>
<header>
<doctitle>
 重訂濟陰綱目 
 </doctitle>
<volume>
 第六冊, 卷 10 
 </volume>
<author>
 武 之 望   (叔卿 ) 
</author>
<date>
 清雍正六年, 1728
 </date>
<currentpage>
 text 6a 
 </currentpage>
<first>
 jiyingkangmu v.6 text10 1a.xml
</first>
<last>
 jiyingkangmu v.6 text11 38b.xml
</last>
<prev>
 jiyingkangmu v.6 text10 5b.xml 
</prev>
<next>
 jiyingkangmu v.6 text10 6b.xml 
</next>
<image>
 jiyingkangmu v.6 text10 6a.jpg 
</image>
</header><text>
盂 搗 楓 葉 。 煎 湯 調 啖 之 。 旋 乳 。 或 詰 其 理 。 滑 曰 此 婦 食 甚 少 。 未 有 無 穀 氣 而 生 者 。 夫 楓 葉 先 生 先 落 。 後 生 後 落 故 以 作 湯 飲 也 。 
 <marginalia> 
 <sf> 粥 用 涼 者 以 其 煩 也 又 涼 則 性 降 
 本 草 楓 葉 亦 能 催 生 今 村 婦 亦 每 用 之 臨 月 洗 浴 { 第 } 不 知 胃 氣 不 足 者 亦 可 用 否 耳 </sf> 
 </marginalia> 
 龐 安 常 治 一 婦 產 。 七 日 而 子 不 下 。 百 治 不 { 效 } 。 龐 視 之 。 令 其 家 人 以 湯 溫 其 腰 腹 。 自 為 上 下 拊 摩 。 孕 者 覺 腸 胃 微 痛 。 呻 吟 間 。 生 一 男 。 其 家 驚 喜 。 而 不 知 所 以 。 龐 曰 。 兒 已 出 胞 。 但 一 手 誤 執 母 腸 。 不 能 脫 。 非 符 藥 所 能 為 。 吾 隔 腹 捫 兒 手 所 在 。 鍼 其 虎 口 。 痛 即 縮 手 。 所 以 遽 生 。 無 他 術 也 。 取 兒 視 之 。 右 手 虎 口 。 鍼 痕 存 焉 。 
 <marginalia> 
 <sf> 法 術 神 奇 罕 聞 見 耳 </sf> 
 </marginalia> 
 一 婦 累 日 產 不 下 。 服 催 生 藥 不 效 。 龐 曰 。 此 必 坐 草 太 早 。 心 下 懷 懼 。 氣 結 而 不 行 。 非 不 順 也 。 素 問 曰 。 恐 則 氣 下 。 蓋 恐 則 精 神 怯 。 怯 則 上 焦 閉 。 閉 則 氣 逆 。 逆 則 下 焦 脹 。 氣 乃 不 行 矣 。 以 紫 蘇 飲 一 服 。 便 產 。 及 治 婦 人 子 懸 證 。 <sf> 紫 蘇 飲 見 胎 前 脹 滿 </sf> 
 </text></document>