<?xml version="1.0" encoding="UTF-8" standalone="yes" ?>
<document>
<header>
<doctitle>
 重訂濟陰綱目 
 </doctitle>
<volume>
 第六冊, 卷 11 
 </volume>
<author>
 武 之 望   (叔卿 ) 
</author>
<date>
 清雍正六年, 1728
 </date>
<currentpage>
 text 2b 
 </currentpage>
<first>
 jiyingkangmu v.6 text10 1a.xml
</first>
<last>
 jiyingkangmu v.6 text11 38b.xml
</last>
<prev>
 jiyingkangmu v.6 text11 2a.xml 
</prev>
<next>
 jiyingkangmu v.6 text11 3a.xml 
</next>
<image>
 jiyingkangmu v.6 text11 2b.jpg 
</image>
</header><text>
生 於 將 護 之 法 尤 為 悖 理 。 肉 汁 法 陰 經 之 火 。 易 成 內 傷 之 病 。 先 哲 具 在 訓 戒 。 胡 為 以 羊 雞 濃 汁 作 糜 。 而 又 常 服 當 歸 建 中 湯 。 四 順 理 中 丸 。 雖 是 補 劑 並 是 偏 熱 臟 腑 無 寒 何 處 消 受 。 若 夫 兒 之 初 生 。 母 腹 頓 寬 。 便 啖 雞 子 。 且 喫 火 鹽 。 不 思 雞 子 難 化 。 火 鹽 發 熱 。 展 轉 生 證 。 不 知 所 因 。 率 爾 用 藥 。 寧 不 誤 人 。 予 每 見 產 婦 之 無 疾 者 。 必 教 之 以 <cf> &#21364; </cf> 去 黑 神 散 。 與 夫 雞 子 火 鹽 。 諸 品 肉 食 。 且 與 白 粥 將 理 。 間 以 些 少 石 首 鯗 煮 令 甘 澹 食 之 。 半 月 後 方 與 少 肉 。 若 雞 子 亦 須 豁 開 澹 煮 。 大 能 養 胃 <cf> &#21364; </cf> 疾 。 彼 富 貴 之 家 。 驕 恣 之 婦 。 卒 有 白 帶 頭 風 。 氣 痛 隔 築 。 痰 逆 口 乾 。 經 事 不 調 。 髮 禿 體 熱 等 。 證 皆 是 陽 盛 陰 虛 之 病 。 天 生 血 氣 。 本 自 和 平 。 曰 盛 曰 虛 。 又 烏 知 非 此 等 謬 妄 。 有 以 兆 之 耶 。 
 ○ 論 新 產 三 病 
 </text></document>