<?xml version="1.0" encoding="UTF-8" standalone="yes" ?>
<document>
<header>
<doctitle>
 重訂濟陰綱目 
 </doctitle>
<volume>
 第三冊, 卷 4 
 </volume>
<author>
 武 之 望   (叔卿 ) 
</author>
<date>
 清雍正六年, 1728
 </date>
<currentpage>
 text 4a 
 </currentpage>
<first>
 jiyingkangmu v.3 text4 1a.xml
</first>
<last>
 jiyingkangmu v.3 text6 26b.xml 
</last>
<prev>
 jiyingkangmu v.3 text4 3b.xml 
</prev>
<next>
 jiyingkangmu v.3 text4 4b.xml 
</next>
<image>
 jiyingkangmu v.3 text4 4a.jpg 
</image>
</header><text>
論 有 熱 虛 勞 。 <sf> 此 屬 陰 虛 乃 自 下 而 上 至 <cf> 脈 </cf> 之 病 也 。 宜 以 丹 溪 立 齋 古 庵 諸 公 之 方 { 參 } 用 然 陰 虛 難 治 。 以 血 生 於 氣 。 先 無 形 而 后 有 形 也 。 且 滋 陰 之 劑 。 有 害 脾 胃 。 脾 傷 則 氣 損 。 氣 損 則 血 無 以 生 。 氣 盛 則 火 有 所 助 。 誠 難 調 治 。 惟 審 胃 氣 有 無 。 以 決 治 。 則 此 為 良 法 耳 。 </sf> 
 大 全 云 。 婦 人 熱 勞 。 由 心 肺 壅 熱 。 傷 於 氣 血 。 以 致 心 神 煩 躁 。 頰 赤 頭 疼 。 眼 澀 。 唇 乾 。 口 舌 生 瘡 。 神 思 昏 倦 。 四 肢 壯 熱 。 飲 食 無 味 。 肢 體 痠 疼 。 心 忪 盜 汗 。 肌 膚 日 瘦 。 或 寒 熱 { 往 } 來 。 當 審 其 所 因 。 調 補 氣 血 。 其 病 自 愈 矣 。 
 
 薛 氏 曰 。 熱 勞 乃 壯 火 食 氣 虛 火 煎 熬 真 陰 之 所 致 也 。 王 太 僕 云 。 如 
 <marginalia> 
 <sf> 壯 火 食 氣 是 言 實 火 非 同 勞 熱 之 火 可 補 </sf> 
 </marginalia> 
 大 寒 而 甚 。 熱 之 不 熱 。 是 無 火 也 。 熱 來 復 去 。 晝 見 夜 伏 。 夜 發 晝 止 。 是 無 火 也 。 當 治 其 心 如 大 熱 而 甚 。 寒 之 不 寒 。 是 無 水 也 。 熱 動 復 止 。 { 攸 } 忽 { 往 } 來 。 時 動 時 止 。 是 無 水 也 。 當 助 其 腎 。 心 盛 則 生 熱 。 腎 甚 則 生 寒 。 
 <marginalia> 
 <sf> 大 僕 所 論 乃 真 水 真 火 此 根 有 生 中 來 故 當 求 屬 以 </sf> 
 </marginalia> 
 </text></document>