<?xml version="1.0" encoding="UTF-8" standalone="yes" ?>
<document>
<header>
<doctitle>
 重訂濟陰綱目 
 </doctitle>
<volume>
 第四冊, 卷 8 
 </volume>
<author>
 武 之 望   (叔卿 ) 
</author>
<date>
 清雍正六年, 1728
 </date>
<currentpage>
 text 13b 
 </currentpage>
<first>
 jiyingkangmu v.4 text7 1a.xml
</first>
<last>
 jiyingkangmu v.4 text8 44b.xml 
</last>
<prev>
 jiyingkangmu v.4 text8 13a.xml 
</prev>
<next>
 jiyingkangmu v.4 text8 14a.xml 
</next>
<image>
 jiyingkangmu v.4 text8 13b.jpg 
</image>
</header><text>
右 &lt;x> 咀 。 以 水 一 斗 煮 腎 令 熟 。 去 腎 。 內 諸 藥 煎 取 三 升 半 。 分 四 服 日 三 。 夜 一 。 十 日 更 一 劑 。 
 
 ○ 惡 阻 
 惡 阻 謂 嘔 吐 。 惡 心 頭 眩 。 惡 食 。 擇 食 。 是 也 。 ○ 千 金 方 云 。 凡 婦 人 虛 嬴 [ 羸 ] 。 血 氣 不 足 。 腎 氣 又 弱 。 或 當 風 飲 冷 太 過 。 心 下 有 痰 水 者 。 欲 有 胎 而 喜 病 阻 。 所 謂 欲 有 胎 者 。 其 人 月 水 尚 來 。 顏 色 肌 膚 如 常 。 但 苦 沉 重 憒 悶 。 不 欲 飲 食 。 又 不 知 其 患 所 在 。 脈 理 順 時 平 和 。 則 是 欲 有 娠 也 如 此 經 二 月 日 後 。 便 覺 不 通 。 則 結 胎 也 。 阻 病 者 。 患 心 中 憒 憒 。 頭 重 眼 眩 。 四 肢 沉 重 。 懈 墮 不 欲 執 作 。 惡 聞 食 氣 。 欲 噉 { 鹹 } 酸 果 食 。 欲 臥 少 起 世 謂 惡 食 。 其 至 三 四 月 日 已 上 。 皆 大 劇 吐 逆 。 不 能 自 勝 。 舉 也 。 此 由 經 血 既 閉 。 水 潰 於 藏 。 藏 氣 不 宜 通 。 故 心 煩 潰 悶 。 氣 逆 而 嘔 吐 也 。 
 <marginalia> 
 <sf> 惡 阻 俗 為 病 兒 然 亦 間 有 不 病 者 又 不 </sf> 
 </marginalia> 
 </text></document>