<?xml version="1.0" encoding="UTF-8" standalone="yes" ?>
<document>
<header>
<doctitle>
 重訂濟陰綱目 
 </doctitle>
<volume>
 第八冊, 卷 14 
 </volume>
<author>
 武 之 望   (叔卿 ) 
</author>
<date>
 清雍正六年, 1728
 </date>
<currentpage>
 text 41b 
 </currentpage>
<first>
 jiyingkangmu v.8 text14 1a.xml
</first>
<last>
 bao sheng sui shi 9b.xml
</last>
<prev>
 jiyingkangmu v.8 text14 41a.xml 
</prev>
<next>
 jiyingkangmu v.8 text14 42a.xml 
</next>
<image>
 jiyingkangmu v.8 text14 41b.jpg 
</image>
</header><text>
<formula> 
 雜 方     治 吹 乳 乳 癰 
 用 新 柏 葉 一 握 。 洗 淨 。 以 朴 硝 一 勺 。 同 入 臼 內 杵 之 。 旋 加 清 水 。 紐 取 自 然 汁 半 碗 。 先 以 病 人 飲 三 兩 口 。 仍 用 雞 翎 蘸 汁 掃 於 患 處 。 中 間 留 一 眼 。 四 邊 頻 頻 掃 之 。 其 腫 自 消 </formula> 
 
 一 方 用 生 地 黃 擂 汁 塗 之 。 一 日 三 五 次 。 立 { 效 } 。 
 一 方 用 生 山 藥 搗 爛 敷 上 即 消 。 消 即 去 之 。 遲 則 肉 腐 。 
 一 方 採 嫩 桑 葉 研 細 。 米 飲 調 攤 紙 花 。 貼 患 處 。 
 一 方 蒲 公 英 搗 爛 。 &lt;x> 患 處 神 妙 。 
 一 方 用 天 南 星 為 末 。 以 溫 酒 調 塗 。 
 一 方 以 益 母 草 為 末 。 調 塗 或 生 搗 爛 用 之 。 
 一 方 治 吹 乳 。 用 桑 樹 蛀 屑 。 飯 搗 成 膏 貼 之 。 
 </text></document>