<?xml version="1.0" encoding="UTF-8" standalone="yes" ?>
<document>
<header>
<doctitle>
 重訂濟陰綱目 
 </doctitle>
<volume>
 第一冊, 卷 1 
 </volume>
<author>
 武 之 望   (叔卿 ) 
</author>
<date>
 清雍正六年, 1728
 </date>
<currentpage>
 text 32b 
 </currentpage>
<first>
 jiyingkangmu v.1 tp.xml
</first>
<last>
 jiyingkangmu v.1 text1 38b.xml 
</last>
<prev>
 jiyingkangmu v.1 text1 32a.xml 
</prev>
<next>
 jiyingkangmu v.1 text1 33a.xml 
</next>
<image>
 jiyingkangmu v.1 text1 32b.jpg 
</image>
</header><text>
尤 佳 。 予 前 後 救 人 急 切 不 少 。 亦 宜 多 合 以 濟 人 。 
 
 <formula> 
 玄 胡 索 散         治 血 氣 攻 刺 疼 痛 。 及 新 舊 虛 實 腹 痛 。 
 當 歸 <sf> 酒 浸 </sf>         赤 芍 藥 <sf> 炒 </sf>         玄 胡 索         蒲 黃 <sf> 隔 紙 炒 </sf>         桂 皮         乳 香 <sf> 木 切 </sf>         沒 藥 <sf> 各 一 錢 </sf> 
 </formula>
 右 為 細 末 每 服 三 錢 。 溫 酒 空 心 服 
 <marginalia> 
 <sf> 用 乳 沒 以 通 氣 血 之 滯 亦 更 進 一 步 法 也 </sf> 
 </marginalia> 
 
<formula> 
 當 歸 散         治 婦 人 久 積 血 氣 病 痛 。 小 便 刺 痛 。 四 肢 無 力 。 
 當 歸         赤 芍 藥 <sf> 酒 炒 </sf>         劉 寄 奴         枳 殼 <sf> 麩 炒 </sf>         玄 胡 索         沒 藥 <sf> 各 等 分 </sf> 
 </formula> 
 右 為 末 熱 酒 調 下 二 錢 不 拘 時 服 
 <marginalia> 
 <sf> 若 論 小 便 刺 痛 當 用 牛 膝 有 皮 此 用 枳 殼 何 也 所 宜 確 之 </sf> 
 </marginalia> 
 
<formula> 
 經 驗 方         治 婦 人 臍 腹 疼 痛 。 不 省 人 事 。 只 一 服 立 止 。 人 不 知 者 。 云 是 心 氣 痛 誤 矣 。 
 </formula></text></document>