<?xml version="1.0" encoding="UTF-8" standalone="yes" ?>
<document>
<header>
<doctitle>
 重訂濟陰綱目 
 </doctitle>
<volume>
 第六冊, 卷 11 
 </volume>
<author>
 武 之 望   (叔卿 ) 
</author>
<date>
 清雍正六年, 1728
 </date>
<currentpage>
 text 5b 
 </currentpage>
<first>
 jiyingkangmu v.6 text10 1a.xml
</first>
<last>
 jiyingkangmu v.6 text11 38b.xml
</last>
<prev>
 jiyingkangmu v.6 text11 5a.xml 
</prev>
<next>
 jiyingkangmu v.6 text11 6a.xml 
</next>
<image>
 jiyingkangmu v.6 text11 5b.jpg 
</image>
</header><text>
右 細 切 以 水 九 升 煮 取 三 升 分 三 服 
 牛 膝 散                     治 胎 衣 不 出 。 腹 中 脹 痛 。 急 服 此 藥 腐 化 而 下 。 緩 則 不 救 。 
 <formula> 
   牛 膝                 川 芎                 朴 硝                 蒲 黃 <sf> 各 七 兩 </sf>                 當 歸 <sf> 各 一 兩 五 錢 </sf>                   桂 心 <sf> 五 錢 </sf> 
 </formula> 
   右 剉 每 服 五 錢 加 生 薑 三 片 生 地 黃 一 錢 水 煎 服 
 加 桂 芎 歸 湯                     有 胎 衣 不 下 。 因 產 母 元 氣 虛 薄 者 。 以 此 溫 之 自 下 。 
 <formula> 
   川 芎                         當 歸 <sf> 各 二 錢 </sf>                           官 桂 <sf> 四 錢 </sf>           
 </formula> 
 右 剉 一 服 水 煎 服 
 <marginalia> 
 <sf> 至 當 之 極 妙 在 官 桂 四 錢 </sf> 
 </marginalia> 
 黑 龍 丹                     治 難 產 及 胞 衣 不 下 。 血 迷 血 暈 。 不 省 人 事 。 一 切 危 急 惡 證 垂 死 者 。 但 灌 藥 得 下 。 無 不 全 活 。 
 <formula> 
   當 歸           五 靈 脂               川 芎             良 薑               熟 地 黃 <sf> 各 二 兩 剉 碎 入 砂 鍋 內 紙 筋 鹽 泥 固 濟 火 煆 過 </sf> 
 百 草 霜 <sf> 一 兩 </sf>                               硫 黃                           乳 香 <sf> 各 二 錢 </sf>                         琥 珀   </formula> 
 <marginalia> 
 <sf> 煆 法 丸 服 法 俱 奇 妙 </sf> 
 </marginalia> 
 </text></document>