<?xml version="1.0" encoding="UTF-8" standalone="yes" ?>
<document>
<header>
<doctitle>
 重訂濟陰綱目 
 </doctitle>
<volume>
 第七冊, 卷 13 
 </volume>
<author>
 武 之 望   (叔卿 ) 
</author>
<date>
 清雍正六年, 1728
 </date>
<currentpage>
 text 18a 
 </currentpage>
<first>
 jiyingkangmu v.7 text12 1a.xml
</first>
<last>
 jiyingkangmu v.7 text13 46b.xml
</last>
<prev>
 jiyingkangmu v.7 text13 17b.xml 
</prev>
<next>
 jiyingkangmu v.7 text13 18b.xml 
</next>
<image>
 jiyingkangmu v.7 text13 18a.jpg 
</image>
</header><text>
產 寶 方     療 產 後 惡 寒 壯 熱 。 一 夜 三 五 度 發 。 惡 語 。 口 中 生 { 瘡 } 。 時 時 乾 嘔 。 困 乏 悶 絕 。 
 <formula> 
 人 參     獨 活     白 鮮 皮     葛 根     防 風     青 竹 茹     遠 志 <sf> 各 一 兩 半 </sf>     茯 神 <sf> 二 兩 </sf>     白 蘞 <sf> 二 兩 半 </sf>     玄 參 <sf> 三 兩 </sf>     竹 瀝 <sf> 一 升 </sf> 
 右 取 銀 。 一 觔 ﹐ 水 一 斗 五 升 煮 取 七 升 ﹐ 而 諸 藥 重 煮 ﹐ 取 三 升 ﹐ 分 溫 三 服 ﹐ 忌 魚 酒 濕 麵 等 。  </formula> 
 <marginalia> 
 <sf> 可 不 法 
 此 方 雖 出 產 寶 然 閱 其 症 故 其 其 藥 皆 治 產 後 外 邪 乘 須 傳 入 之 熱 症 也 如 惡 寒 狀 熱 一 夜 三 五 度 發 惡 語 者 即 熱 入 血 室 類 也 故 用 防 獨 葛 根 以 散 之 口 瘡 乾 嘔 者 熱 傳 胸 中 也 故 用 玄 參 二 竹 以 清 之 白 鮮 皮 苦 寒 治 產 後 百 病 白 蘞 白 銀 人 參 遠 志 茯 神 為 邪 散 熱 清 故 用 之 以 治 困 乏 也 </sf> 
 </marginalia>
<formula> 
 知 母 湯     治 產 後 乍 寒 乍 熱 。 通 身 溫 壯 { 脅 } 心 煩 悶 。 
 
 知 母 <sf> 三 兩 </sf>     芍 藥     黃 芩 <sf> 各 二 兩 </sf>     桂 心     甘 草 <sf> 各 一 兩 </sf> 
 
 右 &lt;x> 咀 用 水 五 升 ﹐ 煮 取 二 升 半 ﹐ 分 三 服 ﹐ ○ 一 方 不 用 桂 心 ﹐ 用 生 地 黃 。 
 </formula> 
 </text></document>