<?xml version="1.0" encoding="UTF-8" standalone="yes" ?>
<document>
<header>
<doctitle>
 重訂濟陰綱目 
 </doctitle>
<volume>
 第三冊, 卷 6 
 </volume>
<author>
 武 之 望   (叔卿 ) 
</author>
<date>
 清雍正六年, 1728
 </date>
<currentpage>
 text 24a 
 </currentpage>
<first>
 jiyingkangmu v.3 text4 1a.xml
</first>
<last>
 jiyingkangmu v.3 text6 26b.xml 
</last>
<prev>
 jiyingkangmu v.3 text6 23b.xml 
</prev>
<next>
 jiyingkangmu v.3 text6 24b.xml 
</next>
<image>
 jiyingkangmu v.3 text6 24a.jpg 
</image>
</header><text>
溫 覆 。 得 少 汗 必 下 積 血 。 與 冷 赤 膿 。 如 小 豆 汁 。 斟 酌 不 盡 若 力 弱 大 困 不 堪 者 。 只 一 二 服 止 。 如 惡 物 不 盡 。 用 坐 導 藥 。 
 <marginalia> 
 <sf> 此 方 為 稟 厚 斷 產 者 設 </sf> 
 </marginalia> 

<formula> 
 坐 導 藥         治 婦 人 全 不 產 。 及 斷 續 。 服 前 盪 胞 湯 。 惡 物 不 盡 。 用 此 方 。 
 皂 角 <sf> 去 皮 子 一 兩 </sf>         吳 茱 萸         當 歸 <sf> 各 二 兩 </sf>         大 黃         細 辛         五 味 子         乾 姜 <sf> 炮 各 一 兩 </sf>         白 礬 <sf> 枯 </sf>         戎 鹽         蜀 椒 <sf> 各 半 兩 </sf> 
 一 方 無 大 黃 有 黃 葵 花 半 兩 
 </formula>右 為 細 末 。 以 絹 袋 盛 如 指 狀 。 人 婦 入 陰 戶 中 。 坐 臥 任 意 。 勿 行 走 。 小 便 時 去 之 。 一 日 一 度 。 易 新 者 。 必 下 清 黃 冷 汁 。 汁 盡 止 。 若 未 見 病 出 。 可 十 日 去 之 。 本 位 子 宮 有 冷 惡 物 。 故 令 無 子 。 值 天 陰 冷 。 則 發 疼 痛 。 須 俟 病 出 盡 方 已 。 不 可 中 輟 。 每 日 早 晚 用 苦 菜 煎 湯 薰 洗 之 。 
 </text></document>