<?xml version="1.0" encoding="UTF-8" standalone="yes" ?>
<document>
<header>
<doctitle>
 重訂濟陰綱目 
 </doctitle>
<volume>
 第六冊, 卷 11 
 </volume>
<author>
 武 之 望   (叔卿 ) 
</author>
<date>
 清雍正六年, 1728
 </date>
<currentpage>
 text 23a 
 </currentpage>
<first>
 jiyingkangmu v.6 text10 1a.xml
</first>
<last>
 jiyingkangmu v.6 text11 38b.xml
</last>
<prev>
 jiyingkangmu v.6 text11 22b.xml 
</prev>
<next>
 jiyingkangmu v.6 text11 23b.xml 
</next>
<image>
 jiyingkangmu v.6 text11 23a.jpg 
</image>
</header><text>
脹 大 轉 側 作 水 聲 。 或 膿 從 臍 出 。 或 從 大 便 出 。 宜 用 臘 &lt;x> 丸 太 乙 膏 。 及 托 裏 散 。 
 
 一 產 婦 小 腹 作 痛 。 有 塊 。 脈 芤 而 濇 。 以 四 物 加 玄 胡 紅 花 桃 仁 牛 膝 木 香 治 之 而 愈 。 
 
 一 產 婦 後 小 腹 患 痛 。 服 瓜 子 仁 湯 下 瘀 血 而 痊 。 凡 瘀 血 停 滯 宜 急 治 之 緩 則 腐 化 為 膿 最 難 治 療 。 若 流 注 關 節 則 患 骨 疽 。 失 治 多 為 敗 證 。 
 
 一 產 婦 寒 月 中 。 產 後 腹 大 痛 。 覺 有 塊 。 百 方 不 治 。 一 人 教 以 羊 肉 四 兩 。 熟 地 黃 二 兩 。 生 薑 一 兩 。 水 煎 服 之 。 二 三 次 愈 。 
 <marginalia> 
 <sf> 曰 &lt;x> 有 塊 想 是 寒 氣 乘 虛 而 聚 非 真 <cf> &#23454; </cf> 症 也 不 然 何 以 羊 肉 熟 地 愈 哉 </sf> 
 </marginalia> 
 
 大 全 云 兒 枕 者 。 由 母 胎 中 宿 有 血 塊 。 因 產 時 。 其 血 破 散 。 與 兒 俱 下 。 則 無 患 也 。 若 產 婦 臟 腑 風 冷 。 使 血 凝 滯 在 于 小 腹 部 能 流 通 。 則 令 
 </text></document>