<?xml version="1.0" encoding="UTF-8" standalone="yes" ?>
<document>
<header>
<doctitle>
 重訂濟陰綱目 
 </doctitle>
<volume>
 第二冊, 卷 3 
 </volume>
<author>
 武 之 望   (叔卿 ) 
</author>
<date>
 清雍正六年, 1728
 </date>
<currentpage>
 text 19a 
 </currentpage>
<first>
 jiyingkangmu v.2 text2 1a.xml
</first>
<last>
 jiyingkangmu v.2 text3 26b.xml 
</last>
<prev>
 jiyingkangmu v.2 text3 18b.xml 
</prev>
<next>
 jiyingkangmu v.2 text3 19b.xml 
</next>
<image>
 jiyingkangmu v.2 text3 19a.jpg 
</image>
</header><text>
<formula><marginalia> 
 <sf> 左 右 清 氣 上 升 益 柏 引 諸 濁 陰 下 降 </sf> 
 </marginalia> 
 
 當 歸 <sf> 一 兩 </sf>         蘹 香 <sf> 半 兩 </sf>         黑 附 子 <sf> 炮 去 皮 臍 </sf>         良 薑 <sf> 各 七 錢 </sf> 
 </formula> 
 右 四 味 。 剉 如 麻 豆 大 。 以 好 酒 一 升 半 同 煎 。 煮 至 酒 盡 為 度 炭 火 焙 乾 。 同 為 細 末 。 入 後 藥 
 炒 黃 鹽         丁 香 <sf> 各 半 兩 </sf>         全 <cf> &#34638; </cf> <sf> 三 錢 </sf>         柴 胡 <sf> 二 錢 </sf>         升 麻 根         木 香 <sf> 各 一 錢 </sf>         苦 練 子         甘 草 <sf> 炙 各 五 分 </sf>         玄 胡 索 <sf> 四 錢 </sf> 
 右 同 為 細 末 。 酒 煮 麵 糊 丸 。 如 桐 子 大 。 每 服 二 十 丸 。 空 心 宿 食 消 盡 。 淡 醋 湯 下 。 忌 油 膩 冷 物 酒 麵 。 
 <marginalia> 
 <sf> 帶 <cf> &#33033; </cf> 為 病 男 子 七 疝 女 子 瘕 聚 此 以 &lt;x> 疝 在 女 子 豈 與 男 子 同 歟 嘗 聞 女 子 &lt;x> 形 如 茄 突 出 陰 戶 是 亦 疝 也 故 云 &lt;x> 
 諸 症 皆 寒 獨 便 閉 心 下 痞 懊 &lt;x> 似 熱 
 凡 緊 <cf> &#33033; </cf> 不 拘 浮 沉 均 以 為 寒 按 之 不 鼓 無 問 大 小 皆 以 為 虛 胗 者 </sf> 
 </marginalia> 
 
<formula> 
 暖 宮 妙 應 丸         治 婦 人 赤 白 帶 下 及 子 宮 虛 冷 無 子 者 。 
 當 歸         川 芎         白 芍 藥         熟 地 黃         艾 葉         牡 丹 皮         茯 苓         龍 骨         牡 蠣         赤 石 脂 <sf> 各 等 分 </sf> 
 </formula> 
 右 為 末 。 麵 糊 丸 。 如 桐 子 大 。 每 服 五 十 丸 。 空 心 艾 醋 湯 下 。 
 </text></document>