<?xml version="1.0" encoding="UTF-8" standalone="yes" ?>
<document>
<header>
<doctitle>
 重訂濟陰綱目 
 </doctitle>
<volume>
 第四冊, 卷 8 
 </volume>
<author>
 武 之 望   (叔卿 ) 
</author>
<date>
 清雍正六年, 1728
 </date>
<currentpage>
 text 6b 
 </currentpage>
<first>
 jiyingkangmu v.4 text7 1a.xml
</first>
<last>
 jiyingkangmu v.4 text8 44b.xml 
</last>
<prev>
 jiyingkangmu v.4 text8 6a.xml 
</prev>
<next>
 jiyingkangmu v.4 text8 7a.xml 
</next>
<image>
 jiyingkangmu v.4 text8 6b.jpg 
</image>
</header><text>
經 <sf> 如 大 敦 行 間 太 衝 中 封 五 里 中 { 隙 } 等 穴 是 也 </sf> 足 厥 陰 內 屬 於 肝 。 肝 主 筋 及 血 。 一 月 之 時 。 血 行 否 澀 。 不 為 力 事 寢 必 安 靜 。 無 令 恐 畏 。 
 
 { 妊 } 娠 二 月 。 名 始 膏 無 食 辛 臊 居 必 靜 處 。 男 子 勿 勞 。 百 節 皆 痛 。 是 為 胎 始 結 。 ○ { 妊 } 娠 二 月 足 少 陽 脈 養 。 不 可 針 灸 其 經 。 <sf> 如 膽 竅 血 墟 付 陽 絕 骨 外 立 陽 陵 泉 等 穴 是 也 </sf> 足 少 陽 內 屬 於 膽 膽 主 精 。 二 月 之 時 。 兒 精 成 於 胞 裏 。 當 慎 護 勿 驚 動 也 。 
 
 { 妊 } 娠 三 月 。 名 始 胎 當 此 之 時 。 未 有 定 儀 。 見 物 而 化 。 欲 生 男 者 。 操 弓 矢 。 欲 生 女 者 。 弄 珠 璣 。 欲 子 美 好 。 數 視 璧 玉 。 欲 子 賢 良 。 端 坐 清 虛 。 是 謂 外 象 而 內 感 者 也 。 ○ 妊 娠 三 月 。 手 心 主 脈 養 。 不 可 針 灸 其 經 。 <sf> 如 中 衝 勞 宮 大 陵 內 關 間 使 { 隙 } 門 曲 澤 等 穴 是 也 。 </sf> 手 心 主 內 屬 於 心 。 母 悲 哀 思 慮 驚 動 。 
 
 妊 娠 四 月 。 始 受 水 精 以 成 血 脈 。 食 宜 稻 粳 。 羹 宜 魚 &lt;x> [ 雁 ] 。 是 謂 盛 血 氣 
 </text></document>