<?xml version="1.0" encoding="UTF-8" standalone="yes" ?>
<document>
<header>
<doctitle>
 重訂濟陰綱目 
 </doctitle>
<volume>
 第七冊, 卷 13 
 </volume>
<author>
 武 之 望   (叔卿 ) 
</author>
<date>
 清雍正六年, 1728
 </date>
<currentpage>
 text 26b 
 </currentpage>
<first>
 jiyingkangmu v.7 text12 1a.xml
</first>
<last>
 jiyingkangmu v.7 text13 46b.xml
</last>
<prev>
 jiyingkangmu v.7 text13 26a.xml 
</prev>
<next>
 jiyingkangmu v.7 text13 27a.xml 
</next>
<image>
 jiyingkangmu v.7 text13 26b.jpg 
</image>
</header><text>
<formula>右 以 水 一 斗 五 升 ﹐ 先 煮 <cf> &#64022; </cf> 腎 取 六 升 ﹐ 下 諸 藥 煮 取 二 升 ﹐ 分 為 三 服 </formula> 
 
 <marginalia> 
 <sf> 後 四 味 尤 佳 以 其 能 助 胃 氣 內 通 榮 衛 之 焦 外 達 頭 自 皮 毛 也 夫 先 天 之 氣 生 於 腎 後 天 之 氣 生 於 脾 元 神 生 於 二 氣 之 先 為 不 可 名 之 物 其 德 藏 而 不 用 是 方 以 人 參 { 回 } 元 氣 於 無 何 有 之 鄉 以 歸 &lt;x> 生 氣 血 於 元 氣 之 &lt;?> 豬 腎 粳 米 益 脾 腎 之 氣 于 先 後 生 姜 豆 豉 &lt;x> 白 通 神 明 於 內 外 散 邪 穢 于 天 壤 週 行 血 脈 而 無 </sf> 
 
 </marginalia> 
 
 又 方     <cf> &#64022; </cf> 腎 一 雙 ﹐ 煮 入 <cf> 蔥 </cf> 豉 作 臛 ﹐ 如 常 食 之 ﹐ 
 
 ○ 痞 悶 
 
 郭 稽 中 曰 ﹐ 問 產 後 口 乾 痞 悶 者 何 。 答 曰 ﹐ 產 後 榮 衛 大 虛 。 血 氣 未 定 ﹐ 食 面 太 早 。 胃 不 能 消 化 。 麵 毒 。 結 聚 於 胃 腕 。 上 熏 胸 中 。 是 以 口 乾 燥 渴 心 下 痞 悶 。 醫 者 不 識 。 認 為 胸 膈 壅 滯 以 藥 下 之 。 萬 不 得 一 。 但 服 見 &lt;x> 丸 則 愈 。 
 釋 曰 。 為 食 麵 者 之 戒 。 南 人 甚 少 。 於 諸 飲 食 。 皆 能 致 疾 不 必 拘 於 一 麵 也 。 
 陳 無 擇 評 曰 ﹐ 產 後 口 乾 痞 悶 。 未 必 只 因 食 麵 或 產 母 內 積 憂 煩 。 外 
 </text></document>