<?xml version="1.0" encoding="UTF-8" standalone="yes" ?>
<document>
<header>
<doctitle>
 重訂濟陰綱目 
 </doctitle>
<volume>
 第四冊, 卷 8 
 </volume>
<author>
 武 之 望   (叔卿 ) 
</author>
<date>
 清雍正六年, 1728
 </date>
<currentpage>
 text 41b 
 </currentpage>
<first>
 jiyingkangmu v.4 text7 1a.xml
</first>
<last>
 jiyingkangmu v.4 text8 44b.xml 
</last>
<prev>
 jiyingkangmu v.4 text8 41a.xml 
</prev>
<next>
 jiyingkangmu v.4 text8 42a.xml 
</next>
<image>
 jiyingkangmu v.4 text8 41b.jpg 
</image>
</header><text>
產 乳 集 論 曰 。 { 妊 } 娠 自 三 月 成 胎 之 後 。 兩 足 自 <cf> &#33050; </cf> 面 漸 腫 。 腿 膝 以 來 。 行 步 艱 辛 。 以 至 喘 悶 。 飲 食 不 美 。 似 水 氣 狀 。 至 於 <cf> &#33050; </cf> 指 間 有 黃 水 出 者 。 謂 之 子 氣 。 直 至 分 娩 分 消 。 此 由 婦 人 素 有 風 氣 。 或 衝 任 經 有 血 風 。 未 可 妄 投 湯 藥 。 亦 恐 大 &lt;x> 甚 者 。 慮 將 產 之 際 費 力 。 有 不 測 之 憂 。 故 不 可 不 治 於 未 產 之 前 也 。 古 方 論 中 。 少 有 言 者 。 元 豐 中 。 淮 南 陳 景 初 名 醫 也 。 獨 有 論 治 此 証 。 方 名 初 謂 之 香 附 散 。 李 伯 時 名 曰 。 天 仙 藤 散 也 。 
 <marginalia> 
 <sf> 子 氣 者 因 子 而 肝 脾 氣 阻 土 遂 不 能 制 水 故 一 香 附 散 足 以 療 之 然 不 服 藥 亦 無 害 </sf> 
 </marginalia> 
 
 薛 氏 曰 。 前 証 若 胸 滿 腹 脹 。 小 便 不 通 。 遍 身 浮 腫 。 用 鯉 魚 湯 脾 胃 虛 弱 。 佐 以 四 君 子 。 若 面 目 虛 浮 。 肢 體 如 水 氣 。 用 全 生 白 朮 散 。 如 未 應 。 用 六 君 子 湯 。 脾 虛 濕 熱 。 下 部 作 腫 。 用 補 中 益 氣 。 加 茯 苓 若 飲 食 失 宜 。 嘔 吐 泄 瀉 。 用 六 君 子 湯 。 若 腿 足 發 腫 。 用 補 中 益 氣 。 指 縫 出 水 。 用 
 </text></document>