<?xml version="1.0" encoding="UTF-8" standalone="yes" ?>
<document>
<header>
<doctitle>
 重訂濟陰綱目 
 </doctitle>
<volume>
 第八冊, 卷 14 
 </volume>
<author>
 武 之 望   (叔卿 ) 
</author>
<date>
 清雍正六年, 1728
 </date>
<currentpage>
 text 5b 
 </currentpage>
<first>
 jiyingkangmu v.8 text14 1a.xml
</first>
<last>
 bao sheng sui shi 9b.xml
</last>
<prev>
 jiyingkangmu v.8 text14 5a.xml 
</prev>
<next>
 jiyingkangmu v.8 text14 6a.xml 
</next>
<image>
 jiyingkangmu v.8 text14 5b.jpg 
</image>
</header><text>
<formula>        秦 皮 <sf> 去 皮 各 三 錢 </sf> 
     右 剉 作 二 服 ﹐ 水 煎 納 膠 令 消 盡 ﹐ 溫 服 ﹐ </formula> 
 <formula> 
 槐 連 四 物 湯     治 產 後 熱 滑 血 痢 。 臍 腹 疼 痛 。 
 當 歸     川 芎     赤 芍 藥 <sf> 炒 </sf>     生 地 黃     槐 花 <sf> 炒 </sf>     黃 連 <sf> 炒 各 一 錢 </sf>     御 米 殼 <sf> 去 蒂 蜜 炙 五 分 </sf> 
 右 剉 水 煎 服 ﹐ </formula> 
 
 <marginalia> 
 <sf> 治 熱 產 極 虛 然 非 熱 痢 下 血 其 敢 用 乎 
 前 以 四 君 粟 <cf> &#22771; </cf> 治 氣 虛 而 滑 此 以 四 物 粟 <cf> &#22771; </cf> 以 治 血 熱 虛 滑 氣 血 之 分 智 者 自 辨 而 止 { 澀 } 之 劑 非 滑 勿 投 慎 之 </sf> 
 </marginalia>
<formula> 
 黃 連 丸     治 產 後 熱 滑 赤 白 痢 。 腹 中 攪 痛 不 可 忍 。 
 黃 連 <sf> 四 兩 </sf>     黃 芩     黃 柏 <sf> 各 二 兩 </sf>     梔 子 仁     阿 膠     蒲 黃 <sf> 各 一 兩 </sf>     當 歸 <sf> 二 兩 半 </sf> 
 右 為 末 煉 蜜 丸 ﹐ 如 桐 子 大 ﹐ 每 服 六 七 十 丸 ﹐ 米 飲 下 ﹐ 日 三 夜 一 ﹐ </formula> 
 
 <marginalia> 
 <sf> 此 方 以 三 黃 解 毒 為 主 非 真 熱 勿 用 辨 之 </sf> 
 </marginalia> 
 
 以 上 三 方 治 熱 滑 。 
 </text></document>