<?xml version="1.0" encoding="UTF-8" standalone="yes" ?>
<document>
<header>
<doctitle>
 重訂濟陰綱目 
 </doctitle>
<volume>
 第一冊, 卷 1 
 </volume>
<author>
 武 之 望   (叔卿 ) 
</author>
<date>
 清雍正六年, 1728
 </date>
<currentpage>
 text 6a 
 </currentpage>
<first>
 jiyingkangmu v.1 tp.xml
</first>
<last>
 jiyingkangmu v.1 text1 38b.xml 
</last>
<prev>
 jiyingkangmu v.1 text1 5b.xml 
</prev>
<next>
 jiyingkangmu v.1 text1 6b.xml 
</next>
<image>
 jiyingkangmu v.1 text1 6a.jpg 
</image>
</header><text>
丹 溪 云 經 水 不 及 期 而 來 者 。 血 熱 也 。 四 物 湯 。 加 苓 連 香 附 。 ○ 肥 人 不 及 日 數 而 多 者 。 痰 多 。 血 虛 有 熱 南 星 白 朮 蒼 朮 黃 連 香 附 川 芎 作 丸 。 ○ 薛 氏 曰 先 期 而 至 。 有 因 脾 經 血 燥 者 宜 加 味 逍 遙 散 ○ 有 因 脾 經 鬱 滯 者 宜 歸 脾 湯 。 ○ 有 因 肝 經 怒 火 者 宜 小 柴 胡 湯 。 加 生 地 黃 。 ○ 有 因 血 分 有 熱 者 。 宜 四 物 湯 加 柴 胡 牡 丹 皮 山 梔 子 。 ○ 有 因 勞 役 火 動 者 宜 補 中 益 氣 湯 。 
 <marginalia> 
 <sf> 丹 溪 翁 只 主 一 熱 字 而 熱 症 附 又 用 蒼 木 南 星 等 誰 其 信 之 立 齋 又 分 肝 脾 血 分 <cf> &#21171; </cf> 役 五 種 尤 為 詳 明 
 愚 謂 脾 虛 氣 鬱 宜 歸 脾 湯 脾 實 氣 鬱 宜 越 鞠 丸 之 類 為 當 </sf> 
 </marginalia> 
 丹 溪 云 。 經 水 過 期 血 少 也 。 用 川 芎 當 歸 人 參 白 朮 。 兼 痰 藥 治 之 。 ○ 退 期 色 淡 者 。 痰 多 也 。 二 陳 湯 。 加 芎 歸 。 ○ 過 期 紫 黑 有 塊 血 熱 也 。 必 作 痛 。 四 物 湯 加 香 附 黃 連 。 ○ 薛 氏 曰 。 過 期 而 至 。 有 因 脾 經 血 虛 者 。 宜 人 參 養 榮 湯 。 ○ 有 因 肝 經 血 少 者 。 宜 六 味 地 黃 丸 。 ○ 有 因 體 虛 而 弱 者 。 宜 八 珍 湯 。 
 <marginalia> 
 <sf> 血 生 於 脾 故 色 淡 者 宜 補 脾 胃 此 白 朮 所 必 用 也 而 丹 溪 以 芎 歸 為 配 不 用 地 黃 芍 藥 者 豈 </sf> 
 </marginalia> 
 </text></document>