<?xml version="1.0" encoding="UTF-8" standalone="yes" ?>
<document>
<header>
<doctitle>
 重訂濟陰綱目 
 </doctitle>
<volume>
 第三冊, 卷 4 
 </volume>
<author>
 武 之 望   (叔卿 ) 
</author>
<date>
 清雍正六年, 1728
 </date>
<currentpage>
 text 5b 
 </currentpage>
<first>
 jiyingkangmu v.3 text4 1a.xml
</first>
<last>
 jiyingkangmu v.3 text6 26b.xml 
</last>
<prev>
 jiyingkangmu v.3 text4 5a.xml 
</prev>
<next>
 jiyingkangmu v.3 text4 6a.xml 
</next>
<image>
 jiyingkangmu v.3 text4 5b.jpg 
</image>
</header><text>
辜 。 其 名 不 一 。 此 病 皆 由 脾 胃 虧 損 所 致 。 其 形 羸 瘦 。 腹 脹 泄 痢 。 肢 体 無 力 。 傳 於 腎 。 則 盜 汗 不 止 。 腰 膝 冷 痛 。 夢 鬼 交 侵 。 小 便 赤 黃 。 傳 於 心 則 心 神 忪 悸 。 喜 怒 不 時 。 頰 唇 赤 色 。 乍 熱 乍 寒 。 傳 於 肺 。 則 胸 滿 短 氣 。 咳 嗽 吐 痰 。 皮 膚 甲 錯 。 傳 於 肝 。 則 兩 目 昏 暗 。 { 脅 } 下 妨 痛 。 閉 戶 忿 怒 。 五 臟 既 病 則 難 治 療 。 
 <marginalia> 
 <sf> 云 何 
 此 至 <cf> &#33033; </cf> 之 病 也 夫 腎 主 骨 骨 至 于 蒸 真 陰 竭 矣 陽 何 以 依 而 傳 尸 無 辜 皆 是 孽 </sf> 
 </marginalia> 
 
 ○ 論 血 風 勞 
 大 全 云 。 婦 人 血 風 勞 證 。 因 氣 血 索 虛 。 經 候 不 調 。 或 外 傷 風 邪 。 
 <marginalia> 
 <sf> 肝 熱 生 風 故 病 名 血 風 曰 勞 者 病 久 血 虛 月 候 不 行 而 發 熱 不 止 也 
 此 是 肝 腎 之 陰 不 足 當 從 至 <cf> &#33033; </cf> 主 治 </sf> 
 </marginalia> 
 內 挾 宿 冷 。 致 使 陰 陽 不 和 。 經 絡 痞 澀 。 腹 中 堅 痛 。 四 肢 痠 疼 。 月 水 或 斷 或 來 。 面 色 痿 黃 羸 瘦 。 又 有 因 產 後 未 滿 百 日 。 不 謹 將 護 。 臟 腑 虛 腫 。 百 <cf> &#33033; </cf> 枯 竭 。 遂 致 勞 損 久 不 瘥 則 變 寒 熱 。 休 作 有 時 。 飲 食 減 少 。 肌 膚 瘦 瘁 。 遇 經 水 當 至 。 即 頭 目 昏 眩 。 胸 背 拘 急 。 四 肢 疼 痛 。 身 体 煩 熱 。 足 重 
 </text></document>