<?xml version="1.0" encoding="UTF-8" standalone="yes" ?>
<document>
<header>
<doctitle>
 重訂濟陰綱目 
 </doctitle>
<volume>
 第一冊 
 </volume>
<author>
 武 之 望   (叔卿 ) 
</author>
<date>
 清雍正六年, 1728
 </date>
<currentpage>
 table of contents 38b 
 </currentpage>
<first>
 jiyingkangmu v.1 tp.xml
</first>
<last>
 jiyingkangmu v.1 text1 38b.xml 
</last>
<prev>
 jiyingkangmu v.1 table of contents 38a.xml 
</prev>
<next>
 jiyingkangmu v.1 table of contents 39a.xml 
</next>
<image>
 jiyingkangmu v.1 table of contents 38b.jpg 
</image>
</header><text>
錢 氏 益 黃 散 <sf> 治 脾 胃 虛 寒 水 來 侮 吐 嘔 不 食 腹 痛 泄 瀉 手 足 逆 冷 </sf> 
 加 味 四 君 子 湯 <sf> 治 產 後 嘔 逆 不 已 </sf> 
 
 吃 嘔 
 丁 香 散 <sf> 治 產 後 心 煩 咳 噫 不 止 </sf> 
 薑 桂 散 <sf> 治 產 後 咳 逆 </sf> 
 羌 活 散 <sf> 治 吃 逆 </sf> 
 一 方 <sf> 治 產 後 吃 逆 </sf> 
 一 方 <sf> 治 產 後 吃 逆 三 五 日 不 止 </sf> 
 
 咳 嗽 
 旋 覆 花 湯 <sf> 治 產 後 感 冒 風 寒 咳 嗽 喘 滿 痰 涎 壅 盛 鼻 塞 聲 重 </sf> 
 集 驗 方 <sf> 治 產 後 感 胃 咳 嗽 多 痰 </sf> 
 二 母 飲 <sf> 治 產 後 惡 露 上 攻 流 入 肺 經 咳 嗽 不 已 </sf> 
 異 攻 散 <sf> 治 脾 胃 虛 弱 久 患 咳 嗽 腹 滿 不 食 面 浮 氣 逆 等 症 </sf> 
 經 效 方 <sf> 治 咳 嗽 多 痰 氣 急 </sf> 
 一 方 <sf> 治 產 後 咳 嗽 氣 喘 </sf> 
 
 喘 急 
 奪 命 散 <sf> 治 產 後 敗 血 衝   心 胸 滿 上 喘 </sf> 
 二 味 參 蘇 飲 <sf> 治 產 後 血 入 於 肺 面 黑 發 喘 </sf> 
 </text></document>