<?xml version="1.0" encoding="UTF-8" standalone="yes" ?>
<document>
<header>
<doctitle>
 重訂濟陰綱目 
 </doctitle>
<volume>
 第四冊, 卷 7 
 </volume>
<author>
 武 之 望   (叔卿 ) 
</author>
<date>
 清雍正六年, 1728
 </date>
<currentpage>
 text 15b 
 </currentpage>
<first>
 jiyingkangmu v.4 text7 1a.xml
</first>
<last>
 jiyingkangmu v.4 text8 44b.xml 
</last>
<prev>
 jiyingkangmu v.4 text7 15a.xml 
</prev>
<next>
 jiyingkangmu v.4 text7 16a.xml 
</next>
<image>
 jiyingkangmu v.4 text7 15b.jpg 
</image>
</header><text>
益 氣 湯 。 倍 加 升 麻 柴 胡 兼 服 之 。 
 
 <formula> 
 又 方         治 陰 挺 
 當 歸         穿 山 甲         蒲 黃 <sf> 炒 各 半 兩 </sf>         辰 砂 <sf> 一 錢 </sf>         麝 香 <sf> 少 許 </sf> 
 </formula> 
 右 為 末 。 每 服 二 錢 。 酒 調 下 尤 { 效 } 。 
 <marginalia> 
 <sf> 治 在 肝 </sf> 
 </marginalia> 
 
<formula> 
 三 茱 丸         治 陰 中 生 一 物 所 大 牽 引 腰 腹 膨 脹 。 痛 至 甚 。 不 思 飲 食 。 皆 因 多 服 熱 藥 。 及 煎 &lt;x> 。 或 犯 非 理 房 事 。 兼 意 淫 不 遂 。 名 陰 挺 。 
 食 茱 萸         吳 茱 萸 <sf> 湯 浸 微 炒 </sf>         山 茱 萸 肉         舶 上 蘹 香         白 蒺 藜         桔 梗 <sf> 慢 火 炒 </sf>         青 皮 <sf> 去 白 各 一 兩 </sf>         五 味 子         海 藻 <sf> 洗 焙 </sf>         大 腹 皮 <sf> 酒 洗 晒 乾 </sf>         川 練 子 <sf> 去 核 </sf>         玄 胡 索 <sf> 各 一 兩 二 錢 半 </sf> 
 </formula> 
 右 為 末 。 酒 糊 丸 。 如 桐 子 大 。 每 服 三 十 五 丸 。 木 通 湯 下 。 ○ 下 虛 加 川 烏 炮 去 皮 。 肉 桂 去 粗 皮 。 各 一 兩 。 腰 腹 痛 甚 。 加 桃 仁 去 皮 尖 。 麩 
 </text></document>