<?xml version="1.0" encoding="UTF-8" standalone="yes" ?>
<document>
<header>
<doctitle>
 重訂濟陰綱目 
 </doctitle>
<volume>
 第四冊, 卷 7 
 </volume>
<author>
 武 之 望   (叔卿 ) 
</author>
<date>
 清雍正六年, 1728
 </date>
<currentpage>
 text 6a 
 </currentpage>
<first>
 jiyingkangmu v.4 text7 1a.xml
</first>
<last>
 jiyingkangmu v.4 text8 44b.xml 
</last>
<prev>
 jiyingkangmu v.4 text7 5b.xml 
</prev>
<next>
 jiyingkangmu v.4 text7 6b.xml 
</next>
<image>
 jiyingkangmu v.4 text7 6a.jpg 
</image>
</header><text>
諸 陰 戶 生 瘡 
 大 全 云 。 婦 人 少 陰 脈 數 而 滑 者 。 陰 中 有 瘡 。 名 曰 &lt;x> 。 或 痛 或 痒 如 
 <marginalia> 
 <sf> 若 論 諸 痛 痒 瘡 當 從 手 少 陰 若 以 瘡 在 下 部 當 從 足 少 陰 </sf> 
 </marginalia> 
 蟲 行 狀 。 膿 水 淋 瀝 。 亦 有 陰 蝕 幾 盡 者 。 皆 由 心 神 煩 鬱 。 脾 胃 虛 弱 。 致 血 氣 流 滯 耳 。 故 經 云 諸 痛 痒 瘡 。 皆 <cf> &#23646; </cf> 於 心 。 又 云 。 陽 明 主 肌 肉 。 治 之 當 補 心 養 胃 外 以 薰 。 洗 坐 導 藥 治 之 乃 可 。 ○ 薛 氏 曰 。 婦 人 陰 中 生 瘡 。 乃 七 情 鬱 火 。 傷 損 脾 肝 。 濕 熱 下 注 。 其 外 證 。 有 陰 中 舒 出 如 蛇 。 俗 呼 陰 挺 有 翻 突 如 餅 。 俗 呼 陰 菌 亦 有 如 雞 冠 花 。 亦 有 生 諸 蟲 。 亦 有 腫 痛 濕 痒 。 潰 爛 出 水 。 脹 悶 脫 墜 者 。 其 內 證 口 乾 內 熱 。 
 <marginalia> 
 <sf> 俱 <cf> &#23646; </cf> 肝 <cf> 膽 </cf> 之 火 分 虛 寔 求 治 </sf> 
 </marginalia> 
 體 倦 。 經 候 不 調 。 或 飲 食 無 味 。 脯 熱 發 熱 。 胸 膈 不 利 。 { 脅 } 肋 不 調 。 小 腹 痞 脹 。 赤 白 帶 下 。 小 水 淋 濇 。 其 治 法 。 腫 痛 者 。 宜 用 四 物 湯 。 加 柴 胡 山 梔 牡 丹 皮 龍 膽 草 。 溫 痒 者 。 宜 用 歸 脾 湯 。 加 山 梔 牡 丹 皮 柴 胡 。 淋 濇 者 。 宜 用 龍 膽 瀉 
 <marginalia> 
 <sf> 以 腫 痛 <cf> &#23646; </cf> 血 虛 肝 熱 ○ 溫 痒 為 脾 虛 肝 熱 ○ 淋 濇 <cf> &#23646; </cf> </sf> 
 </marginalia> 
 </text></document>