<?xml version="1.0" encoding="UTF-8" standalone="yes" ?>
<document>
<header>
<doctitle>
 重訂濟陰綱目 
 </doctitle>
<volume>
 第六冊, 卷 11 
 </volume>
<author>
 武 之 望   (叔卿 ) 
</author>
<date>
 清雍正六年, 1728
 </date>
<currentpage>
 text 26b 
 </currentpage>
<first>
 jiyingkangmu v.6 text10 1a.xml
</first>
<last>
 jiyingkangmu v.6 text11 38b.xml
</last>
<prev>
 jiyingkangmu v.6 text11 26a.xml 
</prev>
<next>
 jiyingkangmu v.6 text11 27a.xml 
</next>
<image>
 jiyingkangmu v.6 text11 26b.jpg 
</image>
</header><text>
<formula> 
 澤 蘭 炒                     生 地 黃                   當 歸                   芍 藥 <sf> 炒 </sf>               生 薑 <sf> 各 一 錢 </sf> 
 甘 草 <sf> 五 分 </sf>               大 棗 <sf> 四 個   </sf>           
 </formula> 
 右 剉 水 煎 服 
 <marginalia> 
 <sf> 澤 蘭 理 血 氣 聖 藥 </sf> 
 </marginalia> 
 又 方                     治 產 後 下 血 不 盡 腹 內 堅 痛 不 可 忍 
 <formula> 
 當 歸                     芍 藥                   桂 心 <sf> 各 三 兩 </sf>               桃 仁 <sf> 一 百 二 十 粒 製 </sf>                 
 </formula> 
 右 水 六 升 煮 二 升 溫 分 二 服 未 差 加 大 黃 
 <marginalia> 
 <sf> 妙 在 加 大 黃 然 以 醋 制 者 佳 </sf> 
 </marginalia> 
 又 方                     治 產 後 惡 露 不 盡 結 聚 小 腹 疼 痛 
 <formula> 
   當 歸 <sf> 七 錢 半 </sf>         香 附 子 <sf> 製 一 兩 </sf>                       赤 芍                 青 皮             木 香 
   桂 心                             琥 珀                               沒 藥 <sf> 各 半 兩 </sf>                               
 </formula> 
 右 為 細 末 以 烏 豆 淋 酒 調 服 二 錢 
 產 寶 湯                     治 產 後 餘 血 作 痛 兼 &lt;x> [ 塊 ] 者 
 </text></document>