<?xml version="1.0" encoding="UTF-8" standalone="yes" ?>
<document>
<header>
<doctitle>
 重訂濟陰綱目 
 </doctitle>
<volume>
 第八冊, 卷 14 
 </volume>
<author>
 武 之 望   (叔卿 ) 
</author>
<date>
 清雍正六年, 1728
 </date>
<currentpage>
 text 5a 
 </currentpage>
<first>
 jiyingkangmu v.8 text14 1a.xml
</first>
<last>
 bao sheng sui shi 9b.xml
</last>
<prev>
 jiyingkangmu v.8 text14 4b.xml 
</prev>
<next>
 jiyingkangmu v.8 text14 5b.xml 
</next>
<image>
 jiyingkangmu v.8 text14 5a.jpg 
</image>
</header><text>
<formula> 
 救 急 散     治 產 後 赤 白 痢 ﹐ 腹 中 絞 痛 。 
       白 芍     阿 膠     艾 葉     熟 地 黃 <sf> 各 一 兩 </sf>       當 歸     甘 草 <sf> 各 三 兩 </sf> 
       右 &lt;x> 咀 ﹐ 水 煎 分 二 服 ﹐ 空 心 飲 ﹐ </formula> 
 
 <marginalia> 
 <sf> 此 以 四 物 湯 去 川 芎 加 艾 膠 所 以 止 血 也 而 歸 甘 各 用 三 兩 為 君 所 以 和 氣 血 而 止 腹 痛 耳 妙 在 甘 以 緩 之 </sf> 
 </marginalia>
<formula> 
 加 味 四 君 子 湯     治 產 後 赤 白 痢 神 { 效 } 。 
     人 參     白 <cf> 術 </cf>     白 茯 苓     甘 草 <sf> 炙 </sf>     黃 蓍 <sf> 各 一 錢 </sf>     罌 粟 殼 <sf> 炙 去 蒂 五 分 </sf> 
     右 剉 ﹐ 水 煎 
   以 上 二 方 治 虛 滑 。 </formula> 
 
 <marginalia> 
 <sf> 二 方 一 為 氣 虛 一 為 血 虛 而 前 方 妙 在 分 兩 此 方 重 在 虛 滑 不 然 參 <cf> 術 </cf> 粟 殼 豈 常 試 之 味 </sf> 
 </marginalia>
<formula> 
 白 頭 翁 既 加 甘 草 阿 膠 湯     治 產 後 下 痢 虛 極     <sf> 脈 經 作 熱 痢 重 下 新 產 虛 極 者 </sf> 
 
         白 頭 翁     甘 草 <sf> 炙 </sf>     阿 膠 <sf> 炒 各 二 錢 </sf>     黃 連     黃 蘗 
 <marginalia> 
 <sf> 白 頭 翁 湯 原 仲 景 治 協 熱 毒 痢 藥 而 { 脈 } 經 加 膠 甘 以 </sf> 
 </marginalia> 
 </formula></text></document>