<?xml version="1.0" encoding="UTF-8" standalone="yes" ?>
<document>
<header>
<doctitle>
 重訂濟陰綱目 
 </doctitle>
<volume>
 第七冊, 卷 13 
 </volume>
<author>
 武 之 望   (叔卿 ) 
</author>
<date>
 清雍正六年, 1728
 </date>
<currentpage>
 text 18b 
 </currentpage>
<first>
 jiyingkangmu v.7 text12 1a.xml
</first>
<last>
 jiyingkangmu v.7 text13 46b.xml
</last>
<prev>
 jiyingkangmu v.7 text13 18a.xml 
</prev>
<next>
 jiyingkangmu v.7 text13 19a.xml 
</next>
<image>
 jiyingkangmu v.7 text13 18b.jpg 
</image>
</header><text>
○ 瘧 疾 
 
 婁 氏 曰 ﹐ 產 後 瘧 疾 。 多 由 污 血 。 挾 寒 熱 而 作 大 法 宜 柴 胡 四 物 湯 。 調 之 。 熱 多 者 。 草 果 飲 子 。 寒 多 者 。 生 熟 飲 子 。 
 補 遺 云 ﹐ 產 後 瘧 疾 。 熱 多 寒 少 者 。 清 脾 飲 。 寒 多 熱 少 者 。 養 胃 湯 。 久 而 不 已 者 。 七 寶 飲 。 截 之 。 
 
 <marginalia> 
 <sf> 按 自 黃 龍 湯 以 下 皆 集 外 感 治 法 至 於 錯 雜 之 邪 時 熱 之 症 亡 不 備 載 而 次 第 有 節 真 如 網 之 有 綱 也 今 人 但 知 產 後 寒 熱 以 補 氣 血 為 王 者 其 不 誤 盡 世 人 乎 
 
 草 { 果 } 飲 生 熟 飲 是 截 法 柴 胡 四 物 是 調 理 法 而 暑 瘧 虛 瘧 久 瘧 未 備 者 當 與 雜 症 同 </sf> 
 </marginalia> 
 
 薛 氏 曰 。 產 後 瘧 疾 。 因 脾 胃 虛 弱 。 飲 食 停 滯 。 或 因 外 邪 所 感 。 或 鬱 怒 傷 脾 。 或 暑 邪 所 伏 。 審 係 飲 食 。 用 六 君 加 桔 梗 蒼 術 藿 香 。 如 外 邪 多 而 飲 食 少 。 用 藿 香 正 氣 散 。 如 外 邪 少 而 飲 食 多 。 用 人 參 養 胃 湯 。 飲 食 勞 役 。 用 補 中 益 氣 湯 。 氣 血 虛 弱 。 用 十 全 大 補 加 炮 薑 。 虛 寒 用 六 君 加 薑 桂 。 元 氣 脫 陷 。 急 加 附 子 大 凡 久 瘧 多 屬 元 氣 虛 寒 蓋 氣 虛 則 寒 。 血 虛 則 熱 。 胃 虛 則 惡 寒 。 陰 火 下 流 。 則 寒 熱 交 作 。 或 吐 瀉 不 食 。 
 </text></document>