<?xml version="1.0" encoding="UTF-8" standalone="yes" ?>
<document>
<header>
<doctitle>
 重訂濟陰綱目 
 </doctitle>
<volume>
 第二冊, 卷 2 
 </volume>
<author>
 武 之 望   (叔卿 ) 
</author>
<date>
 清雍正六年, 1728
 </date>
<currentpage>
 text 34b 
 </currentpage>
<first>
 jiyingkangmu v.2 text2 1a.xml
</first>
<last>
 jiyingkangmu v.2 text3 26b.xml 
</last>
<prev>
 jiyingkangmu v.2 text2 34a.xml 
</prev>
<next>
 jiyingkangmu v.2 text2 35a.xml 
</next>
<image>
 jiyingkangmu v.2 text2 34b.jpg 
</image>
</header><text>
<marginalia> 
 <sf> 蓯 蓉 是 下 部 陽 藥 有 益 坎 中 之 陽 而 補 真 火 故 曰 黑 司 命 石 其 餘 可 類 而 推 矣 若 骨 脂 從 蓉 又 為 艾 葉 之 助 云 爾 </sf> 
 </marginalia> 
 
<formula> 
 補 宮 丸         治 婦 人 諸 虛 不 足 。 久 不 妊 娠 骨 熱 形 羸 崩 中 帶 下 
 白 薇         牡 蠣         白 芍 藥         鹿 角 霜         山 藥         白 朮         白 茯 苓         烏 { 賊 } 魚 骨         白 芷 <sf> 各 等 分 </sf> 
 </formula> 
 右 為 細 末 麵 糊 和 丸 。 如 桐 子 大 每 服 五 十 丸 。 空 心 米 飲 送 下 。 
 
 <formula> 
 牡 蠣 丸         治 月 水 不 止 。 眾 藥 不 愈 者 。 
 牡 蠣 火 &lt;x> 研 細 。 用 醋 調 成 丸 。 再 &lt;x> 過 通 紅 。 候 冷 研 細 。 出 火 毒 。 卻 用 醋 調 艾 末 。 熬 成 膏 和 丸 。 如 桐 子 大 。 每 服 五 十 丸 。 醋 艾 湯 下 。 
 </formula> 
 
 <formula> 
 一 方         治 婦 人 血 崩 
 蠶 砂 <sf> 炒 一 兩 </sf>         伏 龍 肝 <sf> 半 兩 </sf>         阿 膠 <sf> 一 兩 </sf> 
 </formula> 
 右 為 末 。 空 心 溫 酒 調 服 二 三 錢 <sf> 大 全 名 無 比 散 無 阿 膠 </sf> 
 <marginalia> 
 <sf> <cf> &#34453; </cf> 食 桑 而 糞 砂 有 清 香 涼 燥 之 能 單 服 之 亦 驗 以 頭 二 <cf> &#34453; </cf> 者 佳 為 </sf> 
 </marginalia> 
 </text></document>