<?xml version="1.0" encoding="UTF-8" standalone="yes" ?>
<document>
<header>
<doctitle>
 重訂濟陰綱目 
 </doctitle>
<volume>
 第七冊, 卷 12 
 </volume>
<author>
 武 之 望   (叔卿 ) 
</author>
<date>
 清雍正六年, 1728
 </date>
<currentpage>
 text 4a 
 </currentpage>
<first>
 jiyingkangmu v.7 text12 1a.xml
</first>
<last>
 jiyingkangmu v.7 text13 46b.xml
</last>
<prev>
 jiyingkangmu v.7 text12 3b.xml 
</prev>
<next>
 jiyingkangmu v.7 text12 4b.xml 
</next>
<image>
 jiyingkangmu v.7 text12 4a.jpg 
</image>
</header><text>
手 三 陽 之 筋 結 入 于 頷 。 產 則 勞 損 藏 腑 傷 于 筋 <cf> &#33033; </cf> 風 若 乘 之 。 其 二 陽 之 筋 <cf> &#33033; </cf> 。 則 偏 持 之 。 筋 得 風 冷 則 急 。 故 令 口 噤 也 。 
 
 <marginalia> 
 <sf> 反 張 在 背 屬 太 陽 及 督 脈 二 經 設 果 為 風 所 中 能 不 用 續 命 等 湯 乎 四 物 不 妨 配 用 </sf> 
 </marginalia> 
 
 大 全 云 ﹐ 產 後 角 弓 反 張 者 。 是 體 虛 受 風 。 風 人 諸 陽 之 經 也 。 人 之 陰 陽 經 絡 。 周 環 于 身 。 風 邪 乘 虛 入 于 諸 陽 之 經 。 則 腰 背 反 折 攣 急 。 如 角 弓 之 狀 也 。 
 
 薛 氏 曰 ﹐ 前 證 因 氣 血 耗 損 。 腠 理 不 密 。 汗 出 多 多 而 患 者 。 虛 象 也 。 宜 固 氣 血 為 主 佐 以 本 方   。   丹 溪 曰 ﹐ 產 後 當 大 補 氣 血 為 先 。 雖 有 他 證 。 以 末 治 之 。 如 惡 寒 發 熱 等 證 。 乃 氣 血 虛 甚 之 極 也 。 宜 大 劑 參 耆 歸 術 肉 桂 以 培 養 之 。 如 不 應 。 急 用 炮 附 子 。 再 不 應 。 用 人 參 一 兩 。 炮 附 子 二 三 錢 。 名 參 附 湯 。 倘 有 未 應 。 乃 藥 力 未 能 及 也 。 宜 多 用 之 。 
 
 <formula> 
 小 續 命 湯         治 產 後 中 風 。 身 體 綏 急 。 或 頑 痺 不 仁 。 或 口 眼 口 &lt;x> [ 歪 ] 斜 。 牙 
 </formula></text></document>