<?xml version="1.0" encoding="UTF-8" standalone="yes" ?>
<document>
<header>
<doctitle>
 重訂濟陰綱目 
 </doctitle>
<volume>
 第七冊, 卷 13 
 </volume>
<author>
 武 之 望   (叔卿 ) 
</author>
<date>
 清雍正六年, 1728
 </date>
<currentpage>
 text 16a 
 </currentpage>
<first>
 jiyingkangmu v.7 text12 1a.xml
</first>
<last>
 jiyingkangmu v.7 text13 46b.xml
</last>
<prev>
 jiyingkangmu v.7 text13 15b.xml 
</prev>
<next>
 jiyingkangmu v.7 text13 16b.xml 
</next>
<image>
 jiyingkangmu v.7 text13 16a.jpg 
</image>
</header><text>
<formula> 
 柴 胡 四 物 湯     治 產 後 往 來 寒 熱 。 及 日 久 虛 勞 。 微 有 寒 熱 。 脈 沉 而 數 。 
                                                                                           
 當 歸     川 芎     白 芍     熟 地 黃 <sf> 各 一 錢 半 </sf>     柴 胡 <sf> 一 錢 </sf>     人 參     黃 芩     半 夏     甘 草 <sf> 各 三 錢 </sf> 
 右 剉 ﹐ 每 服 一 兩 ﹐ 水 煎 服 ﹐ </formula> 
 
 <marginalia> 
 <sf> 以 小 柴 胡 合 四 物 一 名 三 之 一 氣 湯 其 參 &lt;x> 甘 半 各 用 三 錢 為 重 在 補 氣 也 而 甘 草 芩 半 何 為 亦 倍 之 似 可 損 益 也 原 方 有 姜 棗 亦 不 可 少 </sf> 
 </marginalia>
<formula> 
 增 損 柴 胡 湯     治 產 後 虛 弱 。 寒 熱 如 瘧 。 飲 食 少 。 腹 脹 。 
 柴 胡     人 參     甘 草     半 夏 <sf> 炒 </sf>     陳 皮     川 芎     白 芍 <sf> 炒 各 等 分 </sf> 
 
 右 &lt;x> 咀 ﹐ 每 服 八 錢 ﹐ 加 生 薑 五 片 ﹐ 棗 二 枚 水 煎 服 ﹐  </formula> 
 
 <marginalia> 
 <sf> 此 亦 小 柴 變 法 而 去 黃 芩 加 陳 皮 者 所 以 益 胃 除 脹 也 加 芍 藥 川 芎 者 所 以 和 血 也 本 草 以 當 歸 治 洒 酒 寒 熱 不 巳 則 產 後 寒 熱 正 宜 加 之 何 為 不 用 宜 思 之 </sf> 
 </marginalia>
<formula> 
 增 損 四 物 湯     治 產 後 陰 陽 不 和 。 乍 寒 乍 熱 。 如 有 惡 露 未 盡 。 停 滯 胞 絡 。 亦 能 令 人 寒 熱 。 但 小 腹 急 痛 為 異 。 
 </formula></text></document>