<?xml version="1.0" encoding="UTF-8" standalone="yes" ?>
<document>
<header>
<doctitle>
 重訂濟陰綱目 
 </doctitle>
<volume>
 第五冊, 卷 9 
 </volume>
<author>
 武 之 望   (叔卿 ) 
</author>
<date>
 清雍正六年, 1728
 </date>
<currentpage>
 text 19b 
 </currentpage>
<first>
 jiyingkangmu v.5 text9 1a.xml
</first>
<last>
 jiyingkangmu v.5 text9 51b.xml
</last>
<prev>
 jiyingkangmu v.5 text9 19a.xml 
</prev>
<next>
 jiyingkangmu v.5 text9 20a.xml 
</next>
<image>
 jiyingkangmu v.5 text9 19b.jpg 
</image>
</header><text>
成 痰 。 七 情 鬱 結 氣 盛 為 火 。 停 畜 胃 中 。 乍 因 寒 熱 之 感 。 邪 正 交 爭 。 陰 陽 相 混 。 故 令 心 腹 絞 痛 。 吐 利 並 作 。 揮 霍 變 亂 。 故 名 霍 亂 。 如 邪 在 上 胃 脘 。 則 當 心 而 痛 。 其 吐 多 。 邪 在 胃 脘 則 當 臍 而 痛 。 其 利 多 。 邪 在 中 脘 。 其 腹 中 痛 。 吐 利 俱 多 。 吐 多 則 傷 氣 。 利 多 則 傷 血 。 血 氣 受 傷 。 不 能 護 養 其 胎 。 況 邪 氣 鼓 擊 胎 元 。 母 壽 未 有 不 殞 者 矣 。 此 危 惡 之 證 。 不 可 不 亟 治 也 。 宜 香 蘇 散 。 加 藿 香 葉 主 之 
 
 <formula> 
 香 附 <sf> 炒 </sf>         紫 蘇 <sf> 各 二 錢 </sf>         陳 皮 <sf> 一 錢   </sf>       甘 草 <sf> 炙   </sf>       藿 香 葉         縮 砂 <sf> 各 五 分 </sf> 
 </formula> 
 右 剉 水 煎 服 。 ○ 如 轉 筋 。 加 木 瓜 一 錢 。 ○ 胎 動 不 安 加 白 朮 一 錢 半 。 ○ 如 夏 月 得 之 。 加 黃 苓 一 錢 半 。 黃 連 一 錢 。 香 薷 二 錢 。 ○ 如 冬 月 得 之 。 加 人 參 白 朮 各 一 錢 。 乾 薑 炮 五 分 。 
 <marginalia> 
 <sf> 此 方 平 正 可 法 </sf> 
 </marginalia> 
 </text></document>