<?xml version="1.0" encoding="UTF-8" standalone="yes" ?>
<document>
<header>
<doctitle>
 重訂濟陰綱目 
 </doctitle>
<volume>
 第二冊, 卷 2 
 </volume>
<author>
 武 之 望   (叔卿 ) 
</author>
<date>
 清雍正六年, 1728
 </date>
<currentpage>
 text 39b 
 </currentpage>
<first>
 jiyingkangmu v.2 text2 1a.xml
</first>
<last>
 jiyingkangmu v.2 text3 26b.xml 
</last>
<prev>
 jiyingkangmu v.2 text2 39a.xml 
</prev>
<next>
 jiyingkangmu v.2 text3 1a.xml
</next>
<image>
 jiyingkangmu v.2 text2 39b.jpg 
</image>
</header><text>
濟 陰 綱 目 卷 之 二 終 
 </text></document>