<?xml version="1.0" encoding="UTF-8" standalone="yes" ?>
<document>
<header>
<doctitle>
 重訂濟陰綱目 
 </doctitle>
<volume>
 第四冊, 卷 8 
 </volume>
<author>
 武 之 望   (叔卿 ) 
</author>
<date>
 清雍正六年, 1728
 </date>
<currentpage>
 text 34b 
 </currentpage>
<first>
 jiyingkangmu v.4 text7 1a.xml
</first>
<last>
 jiyingkangmu v.4 text8 44b.xml 
</last>
<prev>
 jiyingkangmu v.4 text8 34a.xml 
</prev>
<next>
 jiyingkangmu v.4 text8 35a.xml 
</next>
<image>
 jiyingkangmu v.4 text8 34b.jpg 
</image>
</header><text>
<formula>橘 皮 <sf> 二 兩 </sf>         豆 豉 <sf> 五 兩 </sf> 
 </formula> 
 右 為 末 。 煉 蜜 為 丸 。 如 桐 子 大 。 溫 水 下 二 七 丸 。 無 時 。 
 
 <formula> 
 雜 方 
 青 竹 茹 一 升 。 酒 二 升 煮 取 一 升 半 。 去 滓 。 分 溫 頓 服 
 </formula> 
 
 <formula> 
 一 方         破 雞 子 一 枚 。 酒 調 服 之 。 
 </formula> 
 
 <formula> 
 一 方         大 麻 子 三 升 研 水 八 升 。 煮 取 五 升 。 分 五 服 。 
</formula>補 遺 
 
 沉 香 降 氣 湯 。 
 
 茯 苓 補 心 湯 。 
 
 四 七 湯 
 
 紫 蘇 飲 皆 可 用 。 炮 炙 論 云 。 心 痛 欲 死 。 急 覓 延 胡 
 <marginalia> 
 <sf> 此 治 瘀 血 痛 </sf> 
 </marginalia> 
 </text></document>