<?xml version="1.0" encoding="UTF-8" standalone="yes" ?>
<document>
<header>
<doctitle>
 重訂濟陰綱目 
 </doctitle>
<volume>
 第一冊, 卷 1 
 </volume>
<author>
 武 之 望   (叔卿 ) 
</author>
<date>
 清雍正六年, 1728
 </date>
<currentpage>
 text 8a 
 </currentpage>
<first>
 jiyingkangmu v.1 tp.xml
</first>
<last>
 jiyingkangmu v.1 text1 38b.xml 
</last>
<prev>
 jiyingkangmu v.1 text1 7b.xml 
</prev>
<next>
 jiyingkangmu v.1 text1 8b.xml 
</next>
<image>
 jiyingkangmu v.1 text1 8a.jpg 
</image>
</header><text>
○ 論 經 病 疼 痛 
 產 寶 云 。 經 水 者 。 行 血 氣 通 陰 陽 。 以 榮 於 身 者 也 。 氣 血 盛 陰 陽 和 則 形 體 通 。 或 外 虧 衛 氣 之 充 養 。 內 乏 榮 血 之 灌 溉 。 血 氣 不 足 。 經 候 欲 行 。 身 體 先 痛 也 。 <sf> 此 論 身 痛 </sf> 
 <marginalia> 
 <sf> 據 此 宜 用 十 全 大 補 八 珍 湯 人 參 養 榮 湯 之 病 </sf> 
 </marginalia> 
 
 良 方 云 。 婦 人 經 來 腹 痛 。 由 風 冷 客 於 胞 絡 衝 任 。 或 傷 於 太 陽 少 陰 經 。 用 溫 經 湯 。 桂 枝 桃 仁 湯 。 若 憂 思 氣 鬱 。 而 血 滯 。   用 桂 枝 桃 仁 生 地 黃 。 通 經 丸 。 <sf> 方 見 經 閉 </sf> 若 血 結 而 成 塊 。 用 萬 病 丸 。 
 
 丹 溪 云 。 經 水 將 來 作 痛 者 。 血 實 也 。 一 云 氣 滯 。 四 物 湯 加 桃 仁 香 附 黃 連 ○ 臨 行 時 腰 疼 腰 痛 。 乃 是 鬱 滯 有 瘀 血 。 四 物 湯 加 紅 花 。 桃 仁 莪 <cf> &#26415; </cf> 玄 胡 索 木 香 。 有 熱 加 黃 苓 柴 胡 。 ○ 經 行 後 作 痛 者 。 血 氣 俱 虛 也 。 以 八 珍 湯 加 減 服 。 ○ 戴 氏 云 。 經 事 來 而 腹 痛 者 。 經 事 不 來 而 腹 
 <marginalia> 
 <sf> 何 以 用 黃 連 須 識 其 故 
 有 加 香 附 青 皮 桃 仁 烏 藥 丹 皮 小 茴 五 </sf> 
 </marginalia> 
 </text></document>