<?xml version="1.0" encoding="UTF-8" standalone="yes" ?>
<document>
<header>
<doctitle>
 重訂濟陰綱目 
 </doctitle>
<volume>
 第一冊, 卷 1 
 </volume>
<author>
 武 之 望   (叔卿 ) 
</author>
<date>
 清雍正六年, 1728
 </date>
<currentpage>
 text 28a 
 </currentpage>
<first>
 jiyingkangmu v.1 tp.xml
</first>
<last>
 jiyingkangmu v.1 text1 38b.xml 
</last>
<prev>
 jiyingkangmu v.1 text1 27b.xml 
</prev>
<next>
 jiyingkangmu v.1 text1 28b.xml 
</next>
<image>
 jiyingkangmu v.1 text1 28a.jpg 
</image>
</header><text>
右 剉 水 煎 服 
 
 <formula> 
 四 物 湯 加 熟 地 黃 當 歸 湯         治 經 水 少 而 色 和 
 四 物 湯 <sf> 四 兩 </sf>         <sf> 再 加 </sf> 熟 地 黃         當 歸 <sf> 各 一 兩 </sf> 
 </formula> 
 右 每 服 一 兩 。 水 煎 服 
 <marginalia> 
 <sf> 妙 在 色 和 二 字 尤 妙 在 加 後 二 物 </sf> 
 </marginalia> 
 
 ○ 治 月 水 不 利 
 <formula> 
 牛 膝 散         治 月 水 不 利 。 臍 腹 作 痛 。 或 小 腹 引 腰 。 氣 攻 胸 膈 。 
 牛 膝 <sf> 酒 洗 一 兩 </sf>         桂 心         赤 芍 藥         桃 仁 <sf> 去 皮 尖 </sf>         玄 胡 索 <sf> 炒 </sf>         當 歸 <sf> 酒 浸 </sf>         木 香         牡 丹 皮 <sf> 各 七 錢 半 </sf> 
 </formula> 
 右 為 細 末 每 服 三 錢 空 心 溫 酒 調 下 或 五 六 錢 水 煎 亦 可 
 
 <formula> 
 牡 丹 散         治 月 候 不 利 腹 臍 疼 痛 不 欲 食 
 牡 丹 皮         大 黃 <sf> 炒 各 一 兩 </sf>         赤 茯 苓         桃 仁         當 歸 
 <marginalia> 
 <sf> 此 證 重 在 疼 痛 不 重 在 不 欲 食 如 白 朮 用 治 不 食 則 </sf> 
 </marginalia> 
 </formula></text></document>