<?xml version="1.0" encoding="UTF-8" standalone="yes" ?>
<document>
<header>
<doctitle>
 重訂濟陰綱目 
 </doctitle>
<volume>
 第二冊, 卷 3 
 </volume>
<author>
 武 之 望   (叔卿 ) 
</author>
<date>
 清雍正六年, 1728
 </date>
<currentpage>
 text 3b 
 </currentpage>
<first>
 jiyingkangmu v.2 text2 1a.xml
</first>
<last>
 jiyingkangmu v.2 text3 26b.xml 
</last>
<prev>
 jiyingkangmu v.2 text3 3a.xml 
</prev>
<next>
 jiyingkangmu v.2 text3 4a.xml 
</next>
<image>
 jiyingkangmu v.2 text3 3b.jpg 
</image>
</header><text>
矣 。 次 用 寒 涼 之 劑 服 及 半 載 。 產 一 男 
 
 丹 溪 云 帶 與 漏 俱 是 胃 中 痰 積 流 下 。 滲 入 膀 胱 。 無 人 知 此 。 只 宜 升 
 <marginalia> 
 <sf> 積 痰 恐 不 能 滲 入 膀 胱 若 言 溫 熱 則 可 </sf> 
 </marginalia> 
 提 。 甚 者 上 必 用 吐 。 以 提 其 氣 。 下 用 二 陳 湯 。 加 白 朮 蒼 朮 。 仍 用 丸 子 。 肥 人 有 帶 。 多 是 濕 痰 。 用 海 石 半 夏 南 星 。 炒 蘗 青 黛 蒼 朮 川 芎 。 ○ 瘦 人 帶 病 少 。 如 有 多 是 熱 。 用 炒 蘗 蛤 粉 滑 石 川 芎 青 黛 樗 皮 。 
 <marginalia> 
 <sf> 方 中 並 <cf> &#26080; </cf> 升 提 法 惟 川 芎 一 味 為 血 分 升 氣 之 藥 
 丹 溪 治 帶 與 白 濁 同 是 男 女 之 濕 熱 一 也 </sf> 
 </marginalia> 
 
 羅 先 生 法 。 或 十 棗 湯 。 或 神 佑 丸 。 或 玉 燭 散 。 皆 可 用 之 。 虛 者 不 可 峻 攻 。 實 者 可 行 。 
 
 潔 古 云 。 治 結 痰 白 帶 。 以 小 胃 丹 。 半 饑 半 飽 津 液 下 數 丸 。 候 鬱 積 行 。 <cf> &#21364; </cf> 服 補 藥 。 
 
 ○ 論 帶 下 虛 寒 宜 溫 補 
 李 氏 曰 。 帶 下 游 虛 寒 。 帶 腥 臭 者 。 因 小 水 淋 瀝 不 已 。 或 崩 中 暴 下 。 求 
 <marginalia> 
 <sf> 淋 漓 不 已 屬 虛 寒 然 亦 有 虛 熱 者 </sf> 
 </marginalia> 
 </text></document>