<?xml version="1.0" encoding="UTF-8" standalone="yes" ?>
<document>
<header>
<doctitle>
 重訂濟陰綱目 
 </doctitle>
<volume>
 第三冊, 卷 5 
 </volume>
<author>
 武 之 望   (叔卿 ) 
</author>
<date>
 清雍正六年, 1728
 </date>
<currentpage>
 text 18a 
 </currentpage>
<first>
 jiyingkangmu v.3 text4 1a.xml
</first>
<last>
 jiyingkangmu v.3 text6 26b.xml 
</last>
<prev>
 jiyingkangmu v.3 text5 17b.xml 
</prev>
<next>
 jiyingkangmu v.3 text5 18b.xml 
</next>
<image>
 jiyingkangmu v.3 text5 18a.jpg 
</image>
</header><text>
<formula> 
 礞 石 丸         治 婦 人 食 癥 塊 久 不 消 。 攻 刺 心 腹 疼 痛 。 
 青 礞 石         巴 豆 <sf> 去 皮 心 油 </sf>         朱 砂         粉 霜 <sf> 并 研 </sf>         木 香 <sf> 各 二 錢 半 </sf>         磠 砂 <sf> 半 兩 </sf> 
 </formula> 
 右 研 勻 。 以 糯 米 軟 飯 和 丸 。 如 菉 豆 大 。 每 服 二 丸 。 空 心 溫 酒 下 。 取 下 惡 物 為 度 。 ○ 右 二 方 。 犯 磠 砂 巴 豆 。 非 胃 氣 強 壯 而 積 氣 堅 頑 勢 不 兩 立 者 不 可 輕 用 也 。 
 
 ○ 治 血 癥 。 
 <formula> 
 增 味 四 物 湯         治 婦 人 血 積 
 當 歸         川 芎         芍 藥         熟 地 黃         三 稜         廣 茂         肉 桂         乾 漆 <sf> 炒 <cf> &#28895; </cf> 盡 各 等 分 </sf> 
 </formula> 
 右 為 麤 末 。 每 服 五 錢 。 水 煎 服 。 ○ 余 妻 曾 患 小 腹 積 塊 。 每 遇 塞 。 觸 劇 痛 不 可 忍 。 諸 醫 治 莫 效 。 余 用 此 一 服 立 止 。 
 <marginalia> 
 <sf> 治 血 積 甚 平 穩 </sf> 
 </marginalia> 
 </text></document>