<?xml version="1.0" encoding="UTF-8" standalone="yes" ?>
<document>
<header>
<doctitle>
 重訂濟陰綱目 
 </doctitle>
<volume>
 第二冊, 卷 3 
 </volume>
<author>
 武 之 望   (叔卿 ) 
</author>
<date>
 清雍正六年, 1728
 </date>
<currentpage>
 text 12a 
 </currentpage>
<first>
 jiyingkangmu v.2 text2 1a.xml
</first>
<last>
 jiyingkangmu v.2 text3 26b.xml 
</last>
<prev>
 jiyingkangmu v.2 text3 11b.xml 
</prev>
<next>
 jiyingkangmu v.2 text3 12b.xml 
</next>
<image>
 jiyingkangmu v.2 text3 12a.jpg 
</image>
</header><text>
<formula> 
 宣 明 導 水 丸         治 濕 熱 { 鬱 } 于 下 焦 之 分 。 赤 白 帶 下 不 止 。 燥 熱 煩 渴 。 
 大 黃         黃 苓 <sf> 各 二 兩 </sf>         牽 牛 <sf> 頭 末 </sf>         滑 石 <sf> 各 四 兩 </sf> 
 </formula> 
 右 為 末 。 水 丸 如 桐 子 大 。 每 服 四 五 十 丸 。 滾 水 下 隨 證 加 減 。 
 <marginalia> 
 <sf> 清 熱 滲 溫 導 滯 妙 在 氣 血 兩 分 </sf> 
 </marginalia> 
 已 上 諸 方 俱 重 劑 
 
 ○ 治 濕 痰 帶 下 
 <formula> 
 滲 濕 消 痰 飲         治 濕 熱 痰 積 滲 入 膀 胱 。 白 帶 不 止 。 
 <marginalia> 
 <sf> 曰 滲 入 下 焦 則 可 曰 入 膀 胱 則 不 可 </sf> 
 </marginalia> 
 白 朮         蒼 朮 <sf> 炒 </sf>         半 夏 <sf> 姜 湯 泡 七 次 </sf>         橘 紅         白 茯 苓         白 芷         香 附 <sf> 各 一 錢 </sf>         甘 草 <sf> 炙 五 分 </sf> 
 </formula> 
 右 剉 水 煎 服 ○ 有 熱 加 黃 苓 ○ 血 虛 加 芎 歸 ○ 氣 虛 加 參 &lt;x> ○ 久 不 愈 加 升 麻 柴 胡 升 提 之 
 <marginalia> 
 <sf> 總 治 中 州 之 濕 <cf> &#30422; </cf> 中 焦 清 則 無 <cf> 濕 </cf> 下 流 故 帶 自 止 豈 有 滲 入 之 理 </sf> 
 </marginalia> 
 
<formula> 
 蒼 柏 樗 皮 丸         治 肥 人 白 帶 是 濕 痰 。 
 </formula></text></document>