<?xml version="1.0" encoding="UTF-8" standalone="yes" ?>
<document>
<header>
<doctitle>
 重訂濟陰綱目 
 </doctitle>
<volume>
 第二冊, 卷 2 
 </volume>
<author>
 武 之 望   (叔卿 ) 
</author>
<date>
 清雍正六年, 1728
 </date>
<currentpage>
 text 1a 
 </currentpage>
<first>
 jiyingkangmu v.2 text2 1a.xml
</first>
<last>
 jiyingkangmu v.2 text3 26b.xml 
</last>
<prev>
 0 
</prev>
<next>
 jiyingkangmu v.2 text2 1b.xml 
</next>
<image>
 jiyingkangmu v.2 text2 1a.jpg 
</image>
</header><text>
濟 陰 綱 目 卷 之 二 
 
 吳 興 金 德 生 閬 風 父 輯 著         金 斗 張 孫 振 公 武 父 訂 正 
 西 陵 汪 淇 憺 漪 子 箋 釋                 天 都 查 望 于 周 父 參 閱 
 
         ○ 經 閉 
 ○ 論 經 閉 由 二 陽 之 病 。 治 宜 瀉 心 火 養 脾 血 
 潔 古 曰 。 女 子 月 事 不 來 者 。 先 瀉 心 火 。 血 自 下 也 。 內 經 曰 。 二 陽 之 病 。 發 心 脾 。 有 不 得 隱 曲 。 故 女 子 不 月 。 其 傳 為 風 消 。 王 啟 玄 註 曰 。 大 腸 胃 熱 也 。 心 脾 受 之 。 心 主 血 。 心 病 則 血 不 流 。 脾 主 味 。 脾 病 則 味 不 化 。 味 不 化 。 則 經 不 足 。 故 其 病 。 則 不 能 隱 曲 。 脾 土 已 虧 。 則 風 邪 勝 而 氣 愈 消 也 。 又 經 曰 。 月 事 不 來 者 。 胞 <cf> &#33033; </cf> 閉 也 。 胞 <cf> &#33033; </cf> 屬 於 心 。 絡 於 胞 中 。 今 氣 上 迫 肺 。 心 氣 不 得 下 通 。 故 月 事 不 來 。 先 服 降 心 火 之 劑 。 後 服 局 
 <marginalia> 
 <sf> 瀉 心 火 養 脾 血 是 從 本 文 之 義 愚 謂 當 原 隱 曲 推 解 蓋 人 有 隱 情 曲 意 難 以 舒 其 衷 者 則 氣 鬱 而 不 暢 則 心 氣 不 開 脾 氣 不 化 水 穀 日 少 不 能 變 見 氣 血 以 入 二 陽 之 血 海 矣 血 海 無 餘 所 以 不 月 也 傳 為 風 消 者 陽 明 主 肌 肉 </sf> 
 </marginalia> 
 </text></document>