<?xml version="1.0" encoding="UTF-8" standalone="yes" ?>
<document>
<header>
<doctitle>
 重訂濟陰綱目 
 </doctitle>
<volume>
 第一冊 
 </volume>
<author>
 武 之 望   (叔卿 ) 
</author>
<date>
 清雍正六年, 1728
 </date>
<currentpage>
 table of contents 22b 
 </currentpage>
<first>
 jiyingkangmu v.1 tp.xml
</first>
<last>
 jiyingkangmu v.1 text1 38b.xml 
</last>
<prev>
 jiyingkangmu v.1 table of contents 22a.xml 
</prev>
<next>
 jiyingkangmu v.1 table of contents 23a.xml 
</next>
<image>
 jiyingkangmu v.1 table of contents 22b.jpg 
</image>
</header><text>
傷 寒 
 白 朮 散 <sf> 治 傷 寒 熱 病 先 以 此 安 胎 但 覺 頭 疼 發 熱 者 可 服 四 肢 厥 冷 陰 症 也 不 可 服 </sf> 
 安 胎 阿 膠 散 <sf> 治 { 妊 } 娠 傷 寒 時 氣 先 以 此 安 胎 <cf> &#21364; </cf> 以 主 藥 間 服 </sf> 
 香 蘇 散 <sf> 凡 { 妊 } 婦 傷 寒 勿 論 日 數 但 見 惡 寒 頭 痛 以 此 主 之 </sf> 
 { 羌 } 活 湯 <sf> 解 利 傷 寒 不 問 何 經 所 受 娠 婦 尤 宜 </sf> 
 黃 龍 湯 <sf> 治 娠 婦 傷 寒 邪 在 半 表 半 裏 者 </sf> 
 三 黃 解 毒 湯 <sf> 治 娠 婦 傷 寒 表 邪 悉 罷 煩 躁 大 渴 六 <cf> &#33033; </cf> 沉 實 此 主 之 </sf> 
 黃 蓍 解 肌 湯 <sf> 治 妊 婦 傷 風 自 汗 </sf> 
 桂 枝 芍 藥 當 歸 湯 <sf> 治 孕 婦 傷 寒 <cf> &#33033; </cf> 浮 頭 重 腹 中 切 痛 </sf> 
 芍 藥 湯 <sf> 治 娠 婦 傷 寒 自 利 腹 中 痛 飲 食 不 下 </sf> 
 加 減 當 歸 六 黃 湯 <sf> 治 { 妊 } 娠 傷 寒 發 汗 汗 漏 不 止 胎 氣 損 者 </sf> 
 加 味 黃 苓 湯 <sf> 治 娠 婦 傷 寒 下 後 協 熱 而 利 胎 氣 損 </sf> 
 加 味 竹 葉 湯 <sf> 治 娠 婦 汗 下 後 虛 熱 不 除 </sf> 
 黃 龍 四 物 湯 <sf> 治 娠 婦 傷 寒 瘥 後 發 熱 </sf> 
 加 減 四 物 湯 <sf> 治 娠 婦 傷 熱 極 發 斑 狀 如 錦 文 </sf> 
 梔 子 大 青 湯 <sf> 治 娠 婦 傷 寒 斑 變 為 黑 色 </sf> 
 一 方 <sf> 治 娠 婦 傷 寒 發 斑 忽 黑 小 便 如 血 胎 欲 落 </sf> 
 護 胎 法 <sf> 治 傷 寒 熱 病 護 胎 </sf> 
   護 胎 法 <sf> 治 孕 婦 一 切 有 熱 諸 症 </sf> 
 </text></document>