<?xml version="1.0" encoding="UTF-8" standalone="yes" ?>
<document>
<header>
<doctitle>
 重訂濟陰綱目 
 </doctitle>
<volume>
 第七冊, 卷 13 
 </volume>
<author>
 武 之 望   (叔卿 ) 
</author>
<date>
 清雍正六年, 1728
 </date>
<currentpage>
 text 32b 
 </currentpage>
<first>
 jiyingkangmu v.7 text12 1a.xml
</first>
<last>
 jiyingkangmu v.7 text13 46b.xml
</last>
<prev>
 jiyingkangmu v.7 text13 32a.xml 
</prev>
<next>
 jiyingkangmu v.7 text13 33a.xml 
</next>
<image>
 jiyingkangmu v.7 text13 32b.jpg 
</image>
</header><text>
<formula> 
 奪 魂 散     治 產 後 虛 腫 滿 促 。 利 小 便 則 愈 。 
 生 薑 <sf> 三 兩 取 汁 </sf>     白 麵 <sf> 三 兩 </sf>     大 半 夏 <sf> 七 枚 </sf> 
 右 以 生 薑 汁 搜 麵 ﹐ { 裹 } 半 夏 為 七 餅 子 煨 焦 熟 ﹐ 為 末 ﹐ 水 調 一 盞 ﹐ 小 便 利 為 效 ﹐ </formula> 
 
 <marginalia> 
 <sf> 此 方 甚 奇 大 { 概 } ] 中 宮 有 濕 痰 留 積 致 小 便 不 利 者 宜 之 猶 服 二 陳 湯 能 使 大 便 潤 而 小 便 長 也 </sf> 
 </marginalia>
<formula> 
 張 氏 方     治 產 後 血 虛 風 腫 水 腫 
 澤 蘭 葉     防 已 <sf> 各 等 分 </sf> 
 右 為 末 ﹐ 每 服 二 錢 ﹐ 溫 酒 調 下 ﹐ 不 飲 酒 者 醋 湯 調 亦 可 ﹐ </formula> 
 
 <marginalia> 
 <sf> 澤 蘭 之 性 能 通 淤 血 利 水 道 同 防 已 則 又 為 利 水 絕 藥 矣 </sf> 
 </marginalia>
<formula> 
 漢 防 已 散     治 產 後 風 虛 氣 壅 。 上 攻 頭 面 浮 腫 <sf> 此 藥 虛 人 戒 服 </sf> 
 漢 防 已     <cf> &#64022; </cf> 苓     枳 殼     桑 白 皮 <sf> 各 一 兩 </sf>     商 陸     甘 草 <sf> 各 七 錢 半 </sf> 
 右 為 { 麤 } 末 ﹐ 每 服 四 錢 ﹐ 生 薑 三 片 ﹐ 水 煎 空 心 溫 服 ﹐ </formula> 
 
 <marginalia> 
 <sf> 瀉 肺 利 水 之 急 劑 也 </sf> 
 </marginalia>
<formula> 
 七 聖 丸     治 產 後 風 氣 壅 盛 。 面 目 四 肢 浮 腫 。 涕 唾 稠 粘 。 咽 乾 口 燥 
 </formula></text></document>