<?xml version="1.0" encoding="UTF-8" standalone="yes" ?>
<document>
<header>
<doctitle>
 重訂濟陰綱目 
 </doctitle>
<volume>
 第四冊, 卷 7 
 </volume>
<author>
 武 之 望   (叔卿 ) 
</author>
<date>
 清雍正六年, 1728
 </date>
<currentpage>
 text 19b 
 </currentpage>
<first>
 jiyingkangmu v.4 text7 1a.xml
</first>
<last>
 jiyingkangmu v.4 text8 44b.xml 
</last>
<prev>
 jiyingkangmu v.4 text7 19a.xml 
</prev>
<next>
 jiyingkangmu v.4 text8 1a.xml 
</next>
<image>
 jiyingkangmu v.4 text7 19b.jpg 
</image>
</header><text>
<formula> 
 桑 白 皮 湯         治 婦 人 傷 丈 夫 。 苦 頭 痛 。 欲 嘔 悶 。 
 桑 白 皮 <sf> 半 兩 </sf>         乾 薑 <sf> 一 緊 </sf>         桂 心 <sf> 五 寸 </sf>         大 棗 <sf> 二 十 枚 </sf> 
 </formula> 
 右 切 以 酒 一 斗 煮 。 三 四 升 。 去 滓 。 分 溫 服 。 衣 適 厚 薄 。 毋 令 汗 出 。 
 <marginalia> 
 <sf> 此 溫 中 藥 也 於 治 嘔 悶 固 宜 至 頭 痛 而 用 桑 皮 則 莫 為 之 解 </sf> 
 </marginalia> 
 
 附 治 <cf>&#33050;</cf> &lt;x> [癬]

 <formula> 
 金 蓮 穩 步 膏         治 婦 人 <cf> &#33050; </cf> 指 縫 壞 痛 。 
 黃 連         黃 柏         黃 丹         荊 芥 <sf> 微 炒 各 等 分 </sf> 
 </formula> 
 右 為 細 末 。 摻 <cf> &#33050; </cf> 指 縫 內 。 布 扎 縛 自 然 平 穩 不 痛 。 
 
 濟 陰 綱 目 卷 之 七 終 
 </text></document>