<?xml version="1.0" encoding="UTF-8" standalone="yes" ?>
<document>
<header>
<doctitle>
 重訂濟陰綱目 
 </doctitle>
<volume>
 第一冊, 卷 1 
 </volume>
<author>
 武 之 望   (叔卿 ) 
</author>
<date>
 清雍正六年, 1728
 </date>
<currentpage>
 text 27b 
 </currentpage>
<first>
 jiyingkangmu v.1 tp.xml
</first>
<last>
 jiyingkangmu v.1 text1 38b.xml 
</last>
<prev>
 jiyingkangmu v.1 text1 27a.xml 
</prev>
<next>
 jiyingkangmu v.1 text1 28a.xml 
</next>
<image>
 jiyingkangmu v.1 text1 27b.jpg 
</image>
</header><text>
<formula>白 朮 <sf> 一 錢 半 </sf>         黃 &lt;x> <sf> 生 </sf>       陳 皮 <sf> 各 一 錢 </sf>         人 參 <sf> 五 分 </sf>         甘 草 <sf> 炙 二 分 </sf> 
 </formula> 
 右 剉 水 煎 服 
 <marginalia> 
 <sf> 味 血 藥 學 者 要 知 此 意 </sf> 
 </marginalia> 
 
 ○ 治 經 水 澀 少 
 <formula> 
 七 沸 湯         治 榮 衛 虛 。 經 水 愆 期 。 或 多 或 少 。 腹 痛 。 一 云 陰 聲 陽 。 月 候 少 者 用 此 
 當 歸         川 芎         白 芍 藥         熟 地 黃         { 蓬 } <cf> &#26415; </cf>         川 薑         木 香 <sf> 各 等 分 </sf> 
 </formula> 
 右 每 服 四 錢 水 一 盞 半 煎 至 八 分 溫 服 
 <marginalia> 
 <sf> 本 方 以 血 藥 治 行 期 以 氣 藥 治 腸 痛 重 在 腹 痛 上 妙 在 等 分 不 然 後 三 味 何 以 用 也 </sf> 
 </marginalia>
<formula> 
 四 物 加 葵 花 湯         治 經 水 澀 少 
 當 歸         川 芎         白 芍 藥         熟 地 黃         葵 花 <sf> 各 二 錢 </sf> 
 一 方 又 加 紅 花 血 見 愁</formula>
<marginalia> 
 <sf> 此 方 全 在 血 分 葵 花 須 用 紅 者 乃 潤 燥 之 藥 </sf> 
 </marginalia> 
 </text></document>