<?xml version="1.0" encoding="UTF-8" standalone="yes" ?>
<document>
<header>
<doctitle>
 重訂濟陰綱目 
 </doctitle>
<volume>
 第一冊, 卷 1 
 </volume>
<author>
 武 之 望   (叔卿 ) 
</author>
<date>
 清雍正六年, 1728
 </date>
<currentpage>
 text 5b 
 </currentpage>
<first>
 jiyingkangmu v.1 tp.xml
</first>
<last>
 jiyingkangmu v.1 text1 38b.xml 
</last>
<prev>
 jiyingkangmu v.1 text1 5a.xml 
</prev>
<next>
 jiyingkangmu v.1 text1 6a.xml 
</next>
<image>
 jiyingkangmu v.1 text1 5b.jpg 
</image>
</header><text>
者 風 也 。 黑 者 熱 甚 也 。 淡 白 者 虛 也 。 或 挾 痰 停 水 以 混 之 也 。 如 米 泔 水 。 如 屋 漏 水 。 如 豆 汁 。 或 帶 黃 。 混 濁 模 糊 者 。 濕 痰 也 。 成 塊 作 片 。 血 不 變 者 。 氣 滯 也 。 或 風 冷 乘 之 也 。 色 變 紫 黑 者 。 血 熱 也 。 大 概 紫 者 。 四 物 湯 。 加 防 風 白 芷 荊 芥 黑 者 四 物 湯 加 苓 連 香 附 淡 白 者 。 芎 歸 湯 。 加 參   
 &lt;x> 白 芍 藥 香 附 有 痰 者 二 陳 湯 加 芎 歸 如 <cf> &#28895; </cf> 塵 者 二 陳 湯 加 泰 芃 防 風 蒼 朮 。 如 豆 汁 者 。 四 物 湯 加 芩 連 成 塊 者 。 四 物 湯 。 加 香 附 玄 胡 索 枳 殼 陳 皮 隨 症 選 用 。 
 
 ○ 論 經 候 愆 期 
 王 子 亨 曰 經 者 。 常 候 也 。 謂 候 其 一 身 之 陰 陽 愆 伏 。 知 其 安 危 。 故 每 月 一 至 。 太 過 不 及 。 皆 為 不 調 。 陽 太 過 則 先 期 而 至 。 陰 不 及 則 後 時 而 來 。 其 有 乍 多 乍 少 。 斷 絕 不 行 。 崩 漏 不 止 皆 由 陰 陽 衰 盛 所 致 。 
 </text></document>