<?xml version="1.0" encoding="UTF-8" standalone="yes" ?>
<document>
<header>
<doctitle>
 重訂濟陰綱目 
 </doctitle>
<volume>
 第一冊, 卷 1 
 </volume>
<author>
 武 之 望   (叔卿 ) 
</author>
<date>
 清雍正六年, 1728
 </date>
<currentpage>
 text 16b 
 </currentpage>
<first>
 jiyingkangmu v.1 tp.xml
</first>
<last>
 jiyingkangmu v.1 text1 38b.xml 
</last>
<prev>
 jiyingkangmu v.1 text1 16a.xml 
</prev>
<next>
 jiyingkangmu v.1 text1 17a.xml 
</next>
<image>
 jiyingkangmu v.1 text1 16b.jpg 
</image>
</header><text>
陰 陽 交 合 經 <cf> &#33033; </cf> 行 。 加 赤 石 脂 <sf> 有 溫 </sf> 黃 &lt;x> <sf> 有 溫 </sf> 肉 桂 <sf> 能 止 </sf> 百 草 <sf> 能 止 </sf> 霜 藕 節 敗 &lt;x> 灰 肉 豆 蔻 ﹑ 當 歸 ﹑ 木 香 ﹑ 龍 骨 白 茯 苓 白 朮 地 榆 
 <marginalia> 
 <sf> 交 合 經 行 治 法 </sf> 
 </marginalia> 
 
 若 經 水 適 來 適 斷 。 或 有 寒 熱 往 來 者 。 先 服 小 柴 胡 湯 。 以 去 其 寒 熱 後 以 四 物 湯 和 之 。 如 寒 熱 不 退 。 勿 服 四 物 。 是 謂 變 證 。 表 邪 猶 在 。 不 能 效 也 依 前 論 中 變 證 。 隨 證 用 藥 調 治 。 
 <marginalia> 
 <sf> 須 識 表 證 更 有 次 序 可 法 </sf> 
 </marginalia> 
 
 若 血 崩 者 加 生 地 黃 蒲 黃 。 
 
 補 血 住 崩 。 加 百 草 霜 &lt;x> 灰 首 { 綿 } 灰 蒲 黃 ﹑ 炒 過 龍 骨 ﹑ 白 薑 
 
 血 成 片 。 加 地 黃 藕 節 。 血 黑 片 。 加 人 參 白 朮 
 
 若 血 臟 虛 冷 。 崩 中 去 血 過 多 。 加 阿 膠 艾 
 <marginalia> 
 <sf> 以 虛 冷 而 崩 中 故 加 艾 今 人 不 問 冷 熱 而 皆 用 膠 艾 殊 可 笑 也 </sf> 
 </marginalia> 
 
 月 水 不 調 血 崩 。 或 多 少 。 或 前 後 。 嘔 逆 心 膨 。 加 陳 艾 黃 &lt;x> 。 <sf> 心 膨 宜 審 </sf> 
 
 若 赤 白 帶 下 。 宜 香 桂 六 合 。 四 物 湯 。 加 桂 枝 香 附 。 各 減 半 。 
 </text></document>