<?xml version="1.0" encoding="UTF-8" standalone="yes" ?>
<document>
<header>
<doctitle>
 重訂濟陰綱目 
 </doctitle>
<volume>
 第四冊, 卷 8 
 </volume>
<author>
 武 之 望   (叔卿 ) 
</author>
<date>
 清雍正六年, 1728
 </date>
<currentpage>
 text 26b 
 </currentpage>
<first>
 jiyingkangmu v.4 text7 1a.xml
</first>
<last>
 jiyingkangmu v.4 text8 44b.xml 
</last>
<prev>
 jiyingkangmu v.4 text8 26a.xml 
</prev>
<next>
 jiyingkangmu v.4 text8 27a.xml 
</next>
<image>
 jiyingkangmu v.4 text8 26b.jpg 
</image>
</header><text>
右 以 水 七 升 。 煎 取 二 升 。 分 為 四 服 。 
 
 <formula> 
 銀 苧 酒         治 { 妊 } 娠 下 黃 汁 。 或 如 赤 豆 。 
 苧 根 <sf> 去 黑 皮 切 二 兩 </sf>         銀 <sf> 五 兩 或 金 銀 首 飾 </sf> 
 </formula> 
 右 用 水 酒 各 一 大 盞 。 煎 服 。 
 <marginalia> 
 <sf> 黃 苓 為 熱 故 用 苧 根 以 涼 之 下 黃 赤 為 肝 氣 之 { 疏 } 泄 故 重 用 銀 以 鎮 之 </sf> 
 </marginalia> 
 ○ 右 二 方 。 治 漏 下 黃 豆 汁 之 症 。 
 
 ○ 煩 躁 <sf> 即 子 煩 附 口 乾 </sf> 
 大 全 方 { 妊 } 娠 苦 煩 悶 者 。 以 四 月 受 少 陰 君 火 氣 以 養 精 。 六 月 受 少 陽 相 火 氣 以 養 氣 。 若 母 心 驚 膽 寒 。 多 有 煩 悶 。 名 曰 子 煩 也 。 產 寶 云 夫 { 妊 } 娠 而 子 煩 者 。 是 肺 臟 虛 而 熱 乘 於 心 則 令 心 煩 也 。 停 痰 積 飲 在 心 胸 之 間 。 或 衝 於 心 。 亦 令 煩 也 。 若 熱 而 煩 者 。 但 熱 而 已 。 若 有 痰 飲 而 煩 者 。 嘔 吐 涎 沫 。 惡 聞 食 氣 。 煩 躁 不 安 也 。 大 凡 { 妊 } 娠 之 人 。 既 停 
 <marginalia> 
 <sf> 虛 乘 熱 於 心 於 理 似 背 當 在 虛 字 上 看 </sf> 
 </marginalia> 
 </text></document>