<?xml version="1.0" encoding="UTF-8" standalone="yes" ?>
<document>
<header>
<doctitle>
 重訂濟陰綱目 
 </doctitle>
<volume>
 第一冊, 卷 1 
 </volume>
<author>
 武 之 望   (叔卿 ) 
</author>
<date>
 清雍正六年, 1728
 </date>
<currentpage>
 text 21a 
 </currentpage>
<first>
 jiyingkangmu v.1 tp.xml
</first>
<last>
 jiyingkangmu v.1 text1 38b.xml 
</last>
<prev>
 jiyingkangmu v.1 text1 20b.xml 
</prev>
<next>
 jiyingkangmu v.1 text1 21b.xml 
</next>
<image>
 jiyingkangmu v.1 text1 21a.jpg 
</image>
</header><text>
若 { 妊 } 娠 傷 寒 。 身 熱 大 渴 。 蒸 蒸 而 煩 。 <cf> &#33033; </cf> 長 而 大 者 。 宜 石 膏 六 合 。 四 物 湯 。 <sf> 四 兩 </sf> 石 膏 知 母 <sf> 各 半 兩 </sf> 
 <marginalia> 
 <sf> 合 白 虎 湯 </sf> 
 </marginalia> 
 
 若 { 妊 } 娠 傷 寒 。 小 便 不 利 。 太 陽 本 病 。 宜 茯 苓 六 合 。 四 物 湯 。 <sf> 四 兩 </sf> 茯 苓 澤 瀉 。 <sf> 各 半 兩 </sf> 
 <marginalia> 
 <sf> 合 四 苓 </sf> 
 </marginalia> 
 
 若 { 妊 } 娠 傷 寒 。 太 陽 本 病 。 小 便 赤 如 血 狀 者 。 宜 琥 珀 六 合 。 四 物 湯 。 <sf> 四 兩 </sf> 琥 珀 茯 苓 。 <sf> 各 半 兩 </sf> 
 <marginalia> 
 <sf> 非 仲 景 法 </sf> 
 </marginalia> 
 
 若 { 妊 } 娠 傷 寒 。 汗 下 後 血 漏 不 止 。 胎 氣 損 者 。 宜 膠 艾 六 合 。 四 物 湯 。 <sf> 四 兩 </sf> 阿 膠 艾 <sf> 各 半 兩 一 方 加 甘 草 同 上 一 方 加 乾 姜 甘 草 黃 ● </sf> 
 <marginalia> 
 <sf> 仲 景 無 此 法 </sf> 
 </marginalia> 
 
 若 { 妊 } 娠 傷 寒 。 四 肢 拘 急 。 身 涼 微 汗 。 腹 中 痛 脈 沉 而 遲 。 少 陰 病 也 。 宜 附 子 六 合 。 四 物 湯 。 <sf> 四 兩 </sf> 附 子 <sf> 炮 去 臍 皮 </sf> 桂 <sf> 各 半 兩 </sf> 
 <marginalia> 
 <sf> 此 仲 景 法 </sf> 
 </marginalia> 
 
 若 { 妊 } 娠 傷 寒 畜 血 證 。 不 宜 墮 胎 。 藥 下 之 。 宜 四 物 大 黃 湯 。 四 物 湯 。 <sf> 四 分 </sf> 
 <marginalia> 
 <sf> 所 謂 有 故 無 損 也 </sf> 
 </marginalia> 
 </text></document>