<?xml version="1.0" encoding="UTF-8" standalone="yes" ?>
<document>
<header>
<doctitle>
 重訂濟陰綱目 
 </doctitle>
<volume>
 第六冊, 卷 11 
 </volume>
<author>
 武 之 望   (叔卿 ) 
</author>
<date>
 清雍正六年, 1728
 </date>
<currentpage>
 text 37b 
 </currentpage>
<first>
 jiyingkangmu v.6 text10 1a.xml
</first>
<last>
 jiyingkangmu v.6 text11 38b.xml
</last>
<prev>
 jiyingkangmu v.6 text11 37a.xml 
</prev>
<next>
 jiyingkangmu v.6 text11 38a.xml 
</next>
<image>
 jiyingkangmu v.6 text11 37b.jpg 
</image>
</header><text>
準 繩 云 陳 無 擇 雖 有 此 論 然 小 續 命 湯 加 減 與 之 。 用 無 不 效 。 故 百 問 云 寒 中 三 陽 所 患 必 冷 。 小 續 命 湯 主 之 <sf> 加 生 薑 汁 更 快 </sf> 暑 中 三 陰 所 患 必 熱 。 小 續 命 湯 。 <sf> 去 附 子 減 桂 一 半 </sf> 大 煩 躁 者 。 紫 雪 最 良 。 <sf> 予 取 百 問 中 加 減 法 庶 使 後 人 均 得 治 療 </sf> 如 無 紫 雪 。 用 真 薄 荷 煎 冷 水 嚼 下 。 <sf> 婁 云 諸 方 必 與 四 物 湯 各 半 服 之 </sf> 
 薛 氏 曰 前 證 當 補 氣 血 為 主 。 佐 以 小 續 命 湯 。 寄 生 湯 。 如 不 應 。 用 大 防 風 湯 。 
 一 產 婦 患 前 證 或 用 獨 活 寄 生 湯 而 痊 後 復 作 服 前 湯 其 汗 如 水 更 加 口 噤 吐 痰 余 用 十 全 大 補 湯 倍 養 血 氣 漸 愈 後 飲 食 日 少 肌 體 日 瘦 吐 痰 如 湧 此 命 門 火 衰 脾 土 虛 寒 用 八 味 丸 及 加 味 歸 脾 湯 諸 證 漸 退 。 肌 肉 漸 生 
 獨 活 寄 生 湯                   治 肝 腎 虛 弱 。 或 久 履 濕 冷 之 地 。 或 洗 足 當 風 。 濕 毒 
 </text></document>