<?xml version="1.0" encoding="UTF-8" standalone="yes" ?>
<document>
<header>
<doctitle>
 重訂濟陰綱目 
 </doctitle>
<volume>
 第八冊, 卷 14 
 </volume>
<author>
 武 之 望   (叔卿 ) 
</author>
<date>
 清雍正六年, 1728
 </date>
<currentpage>
 text 32a 
 </currentpage>
<first>
 jiyingkangmu v.8 text14 1a.xml
</first>
<last>
 bao sheng sui shi 9b.xml
</last>
<prev>
 jiyingkangmu v.8 text14 31b.xml 
</prev>
<next>
 jiyingkangmu v.8 text14 32b.xml 
</next>
<image>
 jiyingkangmu v.8 text14 32a.jpg 
</image>
</header><text>
乳 多 溢 滿 急 痛 者 。 溫 帛 熨 之 。 產 寶 有 是 論 。 <cf> &#21364; </cf> 無 方 以 治 之 。 若 有 此 證 。 但 以 漏 蘆 散 亦 可 。 
 
 <marginalia> 
 <sf> 以 論 虛 實 為 有 湧 溢 故 也 </sf> 
 </marginalia> 
 
 有 未 產 前 乳 汁 自 出 者 。 謂 之 乳 泣 。 生 子 多 不 育 。 經 書 未 嘗 論 及 。 薛 氏 曰 前 證 氣 血 俱 虛 。 用 十 全 大 補 湯 。 肝 經 血 熱 。 有 加 味 逍 遙 散 。 肝 經 怒 火 。 用 四 物 柴 梔 芩 連 。 肝 脾 鬱 怒 。 用 加 味 歸 脾 湯 。 
 
 <marginalia> 
 <sf> 予 會 診 一 內 氣 盛 脈 旺 患 乳 泣 其 生 子 長 而 遊 庠 其 不 育 之 說 亦 未 必 盡 然 也 </sf> 
 </marginalia> 
 
 一 產 婦 勞 役 。 忽 乳 汁 如 湧 。 昏 昧 吐 痰 。 此 陽 氣 虛 而 厥 也 。 灌 以 獨 參 
 湯 而 甦 。 更 以 十 全 大 補 湯 數 劑 而 安 。 若 婦 人 氣 血 方 盛 。 乳 房 作 脹 。 或 無 兒 飲 脹 痛 。 增 寒 發 熱 。 用 麥 芽 二 三 兩 炒 熱 。 水 煎 服 立 消 。 其 耗 散 血 氣 如 此 。 何 脾 胃 虛 弱 。 飲 食 不 消 方 中 多 用 之 。 
 
 <formula> 
 漏 蘆 散   <sf> 方 見 前 </sf> 
 
 免 懷 湯     欲 摘 乳 者 。 用 此 方 通 其 月 經 。 則 乳 汁 不 行 。 
 </formula></text></document>