<?xml version="1.0" encoding="UTF-8" standalone="yes" ?>
<document>
<header>
<doctitle>
 重訂濟陰綱目 
 </doctitle>
<volume>
 第七冊, 卷 13 
 </volume>
<author>
 武 之 望   (叔卿 ) 
</author>
<date>
 清雍正六年, 1728
 </date>
<currentpage>
 text 5a 
 </currentpage>
<first>
 jiyingkangmu v.7 text12 1a.xml
</first>
<last>
 jiyingkangmu v.7 text13 46b.xml
</last>
<prev>
 jiyingkangmu v.7 text13 4b.xml 
</prev>
<next>
 jiyingkangmu v.7 text13 5b.xml 
</next>
<image>
 jiyingkangmu v.7 text13 5a.jpg 
</image>
</header><text>
錢 半 ﹐ 熟 地 黃 七 分 ﹐ 天 花 粉 三 錢 ﹐ 甘 草 五 分 ﹐ 糯 米 薑 棗 煎 服 ﹐ 
 
 <formula> 
 千 金 竹 葉 湯     療 產 後 虛 渴 少 氣 力 
 竹 葉 <sf> 三 升 </sf>     人 參     茯 苓     甘 草 <sf> 各 一 兩 </sf>     小 麥 <sf> 五 合 </sf>       麥 門 冬 <sf> 五 兩 </sf>     半 夏     生 薑 <sf> 各 三 兩 </sf>     大 棗 <sf> 十 五 枚 </sf> 
 右 &lt;x> 咀 ﹐ 以 水 九 升 ﹐ 先 煮 竹 葉 小 麥 薑 棗 取 七 升 ﹐ 去 滓 渣 ﹐ 入 餘 藥 再 煎 取 二 升 每 服 五 合 ﹐ 日 三 夜 一 。  </formula>
<marginalia> 
 <sf> 此 方 分 兩 有 法 讀 者 不 可 輕 放 過 
 
 真 人 以 天 地 之 心 為 心 故 其 方 亦 以 雲 行 雨 施 之 道 渴 教 此 方 以 治 渴 補 虛 之 藥 十 分 為 君 而 又 以 淡 滲 燥 血 生 渴 之 藥 十 之 一 分 為 使 佐 此 何 為 也 蓋 以 茯 苓 能 降 天 之 陰 氣 半 夏 發 地 之 陽 氣 脾 者 土 也 天 氣 通 於 地 地 </sf> 
 </marginalia>
<formula> 
 竹 葉 歸 蓍 湯       治 胃 氣 虛 熱 口 乾 作 渴 惡 冷 飲 食 者 
 竹 葉 <sf> 一 錢 半 </sf>     黃 蓍 <sf> 二 錢 </sf>     人 參     白 術     當 歸 <sf> 各 一 錢 </sf>     麥 門 冬 去 <sf> 心 七 分 </sf>     甘 草 <sf> 炙 五 分 </sf> 
 右 剉 ﹐ 水 煎 服 ﹐ 
 </formula> 
 
 <formula> 
 熟 地 黃 湯     治 產 後 虛 渴 不 止 少 氣 。 <cf> &#33050; </cf> 弱 。 眼 眩 。 飲 食 無 味 。 
 </formula></text></document>