<?xml version="1.0" encoding="UTF-8" standalone="yes" ?>
<document>
<header>
<doctitle>
 重訂濟陰綱目 
 </doctitle>
<volume>
 第二冊, 卷 2 
 </volume>
<author>
 武 之 望   (叔卿 ) 
</author>
<date>
 清雍正六年, 1728
 </date>
<currentpage>
 text 26b 
 </currentpage>
<first>
 jiyingkangmu v.2 text2 1a.xml
</first>
<last>
 jiyingkangmu v.2 text3 26b.xml 
</last>
<prev>
 jiyingkangmu v.2 text2 26a.xml 
</prev>
<next>
 jiyingkangmu v.2 text2 27a.xml 
</next>
<image>
 jiyingkangmu v.2 text2 26b.jpg 
</image>
</header><text>
<formula> 
 歸 脾 湯         治 婦 人 思 慮 傷 脾 不 能 攝 血 。 以 致 妄 行 或 { 健 } 忘 怔 忡 驚 悸 不 寐 。 或 心 脾 傷 痛 。 怠 惰 嗜 臥 。 不 思 飲 食 
 人 參         黃 &lt;x> <sf> 炒 </sf>         白 朮         白 茯 苓         當 歸         龍 眼 肉         遠 志 <sf> 去 心 </sf>         酸 棗 仁 <sf> 炒 各 一 錢 </sf>         木 香         甘 草 <sf> 炙 各 五 分 </sf> 
 </formula> 
 右 剉 加 生 薑 三 片 。 棗 一 枚 。 水 煎 服 。 ○ 加 柴 胡 山 梔 名 加 味 歸 脾 湯 。 
 <marginalia> 
 <sf> 此 為 氣 猶 夫 也 血 猶 妻 也 血 隨 氣 升 夫 唱 婦 隨 之 道 耳 夫 營 出 中 焦 脾 胃 氣 虛 則 中 氣 下 陷 是 宮 血 失 其 夫 矣 此 方 益 營 助 脾 而 以 氣 藥 為 君 者 正 此 意 </sf> 
 </marginalia> 
 
<formula> 
 柏 子 仁 湯         治 婦 人 憂 思 過 度 。 勞 傷 心 經 。 不 能 藏 血 。 遂 致 崩 中 下 血 不 止 。 
 柏 子 仁 <sf> 炒 </sf>         香 附 子 <sf> 炒 </sf>         芎 藭         鹿 茸 <sf> 擦 去 毛 酒 蒸 焙 </sf>         茯 神 <sf> 去 水 </sf>         當 歸 <sf> 各 一 錢 半 </sf>         川 續 斷 <sf> 二 錢 </sf>         阿 膠 <sf> 炒 </sf>         遠 志 <sf> 去 心 各 一 錢 </sf>         甘 草 <sf> 炙 五 分 </sf> 
 </formula> 
 右 作 一 服 生 薑 五 片 水 煎 空 心 服 
 <marginalia> 
 <sf> 心 脾 氣 虛 氣 結 者 宜 之 
 此 濟 生 方 也 而 立 齋 加 柴 梔 以 清 厥 陰 之 火 以 升 肝 脾 之 氣 
 鹿 茸 乃 陰 中 </sf> 
 </marginalia> 
 </text></document>