<?xml version="1.0" encoding="UTF-8" standalone="yes" ?>
<document>
<header>
<doctitle>
 重訂濟陰綱目 
 </doctitle>
<volume>
 第四冊, 卷 8 
 </volume>
<author>
 武 之 望   (叔卿 ) 
</author>
<date>
 清雍正六年, 1728
 </date>
<currentpage>
 text 31b 
 </currentpage>
<first>
 jiyingkangmu v.4 text7 1a.xml
</first>
<last>
 jiyingkangmu v.4 text8 44b.xml 
</last>
<prev>
 jiyingkangmu v.4 text8 31a.xml 
</prev>
<next>
 jiyingkangmu v.4 text8 32a.xml 
</next>
<image>
 jiyingkangmu v.4 text8 31b.jpg 
</image>
</header><text>
<formula> 
 枳 殼 湯         治 婦 人 { 妊 } 胎 腹 脹 。 
 枳 殼 <sf> 三 兩 </sf>         黃 苓 <sf> 二 兩 一 方 只 用 一 兩 </sf> 
 </formula> 
 右 為 粗 末 。 每 服 五 錢 水 煎 服 ○ 如 腹 滿 。 身 體 沉 重 。 加 白 朮 二 兩 。 
 
 <formula> 
 <cf> &#33905; </cf> 白 湯         治 胎 上 逼 心 煩 悶 。 又 治 胎 動 困 篤 。 
 用 <cf> &#33905; </cf> 白 二 七 莖 。 濃 煮 汁 飲 之 。 若 胎 未 死 即 安 。 已 死 即 出 。 未 &lt;?> 再 服 ○ 婁 全 善 云 。 此 方 神 效 脈 浮 滑 者 宜 之 。 本 草 云 。 <cf> &#33905; </cf> 白 通 陽 氣 安 胎 。 </formula> <marginalia> 
 <sf> <cf> &#33905; </cf> 白 安 胎 人 所 未 知 </sf> 
 </marginalia> 
 
<formula> 
 一 方         治 胎 動 。 上 逼 心 痛 。 
 取 艾 葉 如 雞 子 大 一 團 。 以 頭 醋 四 升 。 煎 至 二 升 半 。 溫 服 。 </formula> <marginalia> 
 <sf> 妙 在 醋 煎 </sf> 
 </marginalia> 
 
<formula> 
 倉 公 下 氣 湯         治 心 腹 兩 { 脅 } 脹 悶 飲 食 少 思 。 四 肢 無 力 。 
 羌 活         檳 榔         青 皮         大 腹 皮         赤 芍 藥 <sf> 炒 </sf> 
 </formula></text></document>