<?xml version="1.0" encoding="UTF-8" standalone="yes" ?>
<document>
<header>
<doctitle>
 重訂濟陰綱目 
 </doctitle>
<volume>
 第四冊, 卷 7 
 </volume>
<author>
 武 之 望   (叔卿 ) 
</author>
<date>
 清雍正六年, 1728
 </date>
<currentpage>
 text 5b 
 </currentpage>
<first>
 jiyingkangmu v.4 text7 1a.xml
</first>
<last>
 jiyingkangmu v.4 text8 44b.xml 
</last>
<prev>
 jiyingkangmu v.4 text7 5a.xml 
</prev>
<next>
 jiyingkangmu v.4 text7 6a.xml 
</next>
<image>
 jiyingkangmu v.4 text7 5b.jpg 
</image>
</header><text>
梔 芍 藥 甘 草 主 之 而 安 。 ○ 一 婦 人 陰 內 痒 痛 。 內 熱 倦 怠 飲 食 少 思 。 此 肝 脾 鬱 怒 元 氣 虧 損 。 濕 熱 所 致 。 用 參 蓍 歸 朮 陳 皮 柴 胡 炒 梔 車 前 升 麻 芍 藥 丹 皮 茯 苓 而 瘥 。 若 陰 中 有 蟲 。 痒 痛 亦 屬 肝 木 。 以 桃 仁 雄 黃 研 納 陰 中 以 殺 之 。 仍 用 清 肝 解 鬱 之 藥 。 有 以 雞 肝 納 之 者 。 乃 取 蟲 之 法 也 。 一 方 搗 新 桃 葉 綿 裹 <sf> 納 陰 中 日 三 兩 易 </sf> 
 
 李 氏 曰 。 陰 中 生 蟲 &lt;x> 如 小 蛆 者 。 乃 濕 熱 甚 而 心 氣 又 鬱 。 氣 血 凝 滯 而 生 。 宜 藿 香 養 胃 湯 。 補 心 湯 。 硫 鯉 丸 。 外 用 生 艾 汁 調 雄 黃 末 燒 
<marginalia> 
<sf> 此 又 謂 脾 胃 濕 熱 下 流 而 生 虫 者 </sf></marginalia>
<cf> &#28895; </cf> 薰 之 更 用 雄 黃 銳 散 納 陰 中 。 ○ 陰 中 生 細 蟲 痒 不 可 忍 。 食 入 臟 腑 即 死 。 令 人 發 寒 熱 。   與 勞 證 相 似 。 先 以 蛇 床 子 煎 湯 。 洗 淨 拭 乾 。 後 用 梓 樹 皮 焙 乾 為 末 。 入 枯 礬 四 分 之 一 。 麝 香 少 許 敷 之 立 { 效 } 。 ○ 如 下 疽 生 蟲 所 下 如 柿 汁 臭 穢 。 及 心 中 &lt;x> 痛 。 悶 絕 虛 煩 。 甚 者 不 治 。 
 </text></document>