<?xml version="1.0" encoding="UTF-8" standalone="yes" ?>
<document>
<header>
<doctitle>
 重訂濟陰綱目 
 </doctitle>
<volume>
 第七冊, 卷 12 
 </volume>
<author>
 武 之 望   (叔卿 ) 
</author>
<date>
 清雍正六年, 1728
 </date>
<currentpage>
 text 22b 
 </currentpage>
<first>
 jiyingkangmu v.7 text12 1a.xml
</first>
<last>
 jiyingkangmu v.7 text13 46b.xml
</last>
<prev>
 jiyingkangmu v.7 text12 22a.xml 
</prev>
<next>
 jiyingkangmu v.7 text12 23a.xml 
</next>
<image>
 jiyingkangmu v.7 text12 22b.jpg 
</image>
</header><text>
右 &lt;x> 阻 ﹐ 水 煎 ﹐ 食 遠 服 ﹐ 
 
 <formula> 
 白 茯 苓 散     治 產 後 心 神 驚 悸 ﹐ 言 語 失 常 。 
 白 茯 苓     人 參     熟 地 黃   <sf>   各 一 兩 半 </sf>     黃 &lt;x>     當 歸     白 芍 藥     遠 志 <sf> 去 心 </sf>     麥 門 冬 <sf> 去 心 </sf>     桂 心     甘 草 <sf> 炙 各 一 兩 </sf>     石 菖 蒲     桑 寄 生 <sf> 各 七 錢 半 </sf> 
 右 &lt;x> 阻 ﹐ 每 服 八 錢 ﹐ 水 一 大 盞 半 生 薑 五 片 ﹐ 棗 三 枚 ﹐ 竹 葉 三 七 片 ﹐ 煎 至 一 大 盞 ﹐ 去 渣 ﹐ 溫 服 無 時 。 
 </formula> 
 
 <formula> 
 熟 乾 地 黃 散     治 產 後 心 神 驚 悸 。 神 思 不 安 。 
 
 熟 乾 地 黃 <sf> 二 兩 </sf>     黃 &lt;x>     白 薇     龍 齒 <sf> 另 研 各 一 兩 </sf>     茯 神 <sf> 去 木 </sf>     人 參     { 羌 } 活     遠 志 肉 <sf> 各 七 錢 </sf>     桂 心     防 風     甘 草 <sf> 炙 各 半 兩 </sf> 
 </formula> 
 
 <marginalia> 
 <sf> 熱 氣 血 藥 為 主 似 矣 而 以 { 羌 } 活 為 佐 者 豈 果 有 風 邪 乘 之 耶 </sf> 
 </marginalia> 
 </text></document>