<?xml version="1.0" encoding="UTF-8" standalone="yes" ?>
<document>
<header>
<doctitle>
 重訂濟陰綱目 
 </doctitle>
<volume>
 第四冊, 卷 8 
 </volume>
<author>
 武 之 望   (叔卿 ) 
</author>
<date>
 清雍正六年, 1728
 </date>
<currentpage>
 text 32a 
 </currentpage>
<first>
 jiyingkangmu v.4 text7 1a.xml
</first>
<last>
 jiyingkangmu v.4 text8 44b.xml 
</last>
<prev>
 jiyingkangmu v.4 text8 31b.xml 
</prev>
<next>
 jiyingkangmu v.4 text8 32b.xml 
</next>
<image>
 jiyingkangmu v.4 text8 32a.jpg 
</image>
</header><text>
<formula>甘 草 <sf> 炙 </sf>         陳 皮         赤 茯 苓         半 夏 <sf> 薑 製 </sf>         桑 白 皮 <sf> 炒 各 五 分 </sf>         桂 心 <sf> 二 分 </sf>         紫 蘇 莖 <sf> 二 錢 </sf> 
 </formula> 
 剉 。 加 生 薑 五 片 。 棗 一 枚 。 水 煎 服 
 
 <formula> 
 當 歸 湯         治 胎 動 衝 心 煩 悶 亂 欲 死 。 安 胎 止 痛 。 
 當 歸 <sf> 酒 洗 </sf>         川 芎         人 參         阿 膠         甘 草 <sf> 炙 各 兩 半 </sf>         連 根 <cf> &#33905; </cf> 白 <sf> 握 </sf> 
 </formula> 
 右 細 剉 以 水 二 升 煎 四 味 至 升 半 。 去 楂 下 <cf> &#33905; </cf> 再 煎 。 減 二 合 。 入 阿 膠 溫 服 。 一 劑 分 二 三 服 。 
 
 <formula> 
 大 聖 散         治 婦 人 怔 悸 。 睡 中 多 驚 。 腹 { 脅 } 膨 脹 。 坐 臥 不 寧 。 
 白 茯 苓         川 芎         黃 蓍 <sf> 蜜 浸 </sf>         麥 門 冬 <sf> 去 心 各 一 錢 </sf>         人 參         甘 草 <sf> 炙 </sf>         木 香 <sf> 不 見 火 各 五 分 </sf> 
 </formula> 
 </text></document>