<?xml version="1.0" encoding="UTF-8" standalone="yes" ?>
<document>
<header>
<doctitle>
 重訂濟陰綱目 
 </doctitle>
<volume>
 第二冊, 卷 3 
 </volume>
<author>
 武 之 望   (叔卿 ) 
</author>
<date>
 清雍正六年, 1728
 </date>
<currentpage>
 text 10b 
 </currentpage>
<first>
 jiyingkangmu v.2 text2 1a.xml
</first>
<last>
 jiyingkangmu v.2 text3 26b.xml 
</last>
<prev>
 jiyingkangmu v.2 text3 10a.xml 
</prev>
<next>
 jiyingkangmu v.2 text3 11a.xml 
</next>
<image>
 jiyingkangmu v.2 text3 10b.jpg 
</image>
</header><text>
<marginalia> 
 <sf> 上 滑 石 利 濕 于 下 乾 姜 從 而 燥 濕 也 用 二 兩 者 非 </sf> 
 </marginalia> 
 
<formula> 
 蒼 { 麴 } 樗 皮 丸         治 帶 下 
 椿 根 皮 <sf> 二 兩 </sf>         芍 藥 <sf> 一 兩 半 </sf>         蒼 朮         神 { 麴 } <sf> 炒 </sf>         麥 皮 { 麴 } <sf> 炒 </sf>         黃 檗 <sf> 炒 各 一 兩 </sf>         滑 石         枳 殼 <sf> 各 半 兩 </sf> 
 </formula> 
 右 為 末 粥 丸 桐 子 大 每 五 十 丸 。 空 心 米 飲 下 。 
 <marginalia> 
   <sf> 主 于 胃 中 濕 熱 故 立 方 如 此 </sf> 
 </marginalia> 
<formula> 
 側 佰 樗 皮 丸         治 白 帶 因 七 情 所 傷 而 <cf> &#33033; </cf> 數 者 
 椿 根 皮 <sf> 炒 二 兩 </sf>         香 附 子 <sf> 醋 炒 </sf>         白 芍 藥         白 朮 <sf> 炒 各 一 兩 </sf>         側 柏 葉 <sf> 酒 蒸 </sf>         黃 連 <sf> 炒 </sf>         黃 柏 <sf> 炒 各 半 兩 </sf>         白 芷 <sf> 燒 存 性 三 錢 </sf> 
 </formula> 
 右 粥 丸 。 桐 子 大 。 米 飲 下 七 十 丸 。 
 按 椿 根 皮 。 性 涼 而 燥 。 濕 熱 盛 者 宜 之 。 後 一 方 。 有 黃 連 香 附 木 香 故 可 治 七 情 所 傷 。 
 <marginalia> 
 <sf> 以 <cf> &#33033; </cf> 數 為 用 黃 連 側 柏 不 用 蒼 朮 為 其 燥 性 多 也 燒 白 芷 入 陽 明 而 有 濇 止 之 能 白 朮 補 中 氣 而 培 土 之 妙 其 他 不 言 喻 矣 </sf> 
 </marginalia> 
 
<formula> 
 苦 練 丸         治 赤 白 帶 下 甚 妙 
 </formula></text></document>