<?xml version="1.0" encoding="UTF-8" standalone="yes" ?>
<document>
<header>
<doctitle>
 重訂濟陰綱目 
 </doctitle>
<volume>
 第四冊, 卷 7 
 </volume>
<author>
 武 之 望   (叔卿 ) 
</author>
<date>
 清雍正六年, 1728
 </date>
<currentpage>
 text 5a 
 </currentpage>
<first>
 jiyingkangmu v.4 text7 1a.xml
</first>
<last>
 jiyingkangmu v.4 text8 44b.xml 
</last>
<prev>
 jiyingkangmu v.4 text7 4b.xml 
</prev>
<next>
 jiyingkangmu v.4 text7 5b.xml 
</next>
<image>
 jiyingkangmu v.4 text7 5a.jpg 
</image>
</header><text>
瀝 。 腹 中 一 物 攻 動 脹 痛 者 逍 遙 散 。 加 柴 胡 山 梔 車 前 子 。 
 
 論 陰 痒 生 蟲 
 大 全 云 婦 人 陰 痒 者 。 是 蟲 蝕 所 為 。 三 蟲 在 於 腸 胃 之 間 。 因 臟 虛 。 三 蟲 動 作 。 蝕 於 陰 內 。 其 蟲 作 熱 。 微 則 為 痒 。 重 者 乃 痛 也 。 ○ 薛 氏 曰 。 前 證 屬 肝 經 所 化 。 當 用 龍 膽 瀉 肝 湯 。 逍 遙 散 以 主 其 內 。 外 以 桃 仁 研 粉 。 和 雄 黃 末 。 或 雞 肝 。 納 陰 中 。 以 制 其 蟲 。 ○ 一 婦 人 。 胸 膈 不 利 。 內 熱 作 渴 。 飲 食 不 甘 。 肢 體 倦 怠 。 陰 中 悶 痒 。 小 便 赤 濇 。 此 鬱 怒 傷 肝 脾 所 致 。 用 歸 脾 湯 。 加 山 梔 而 愈 。 復 因 怒 。 患 處 并 小 便 脹 痛 。 用 小 柴 胡 。 加 山 梔 芎 歸 芍 藥 。 痛 止 。 用 逍 遙 散 。 加 山 梔 而 愈 。 又 因 勞 役 。 患 處 腫 脹 。 小 便 仍 濇 用 補 中 益 氣 。 加 山 梔 茯 苓 丹 皮 而 痊 。 ○ 一 婦 人 陰 內 痛 痒 。 不 時 出 水 。 食 少 體 倦 。 此 肝 脾 氣 虛 濕 熱 下 注 。 用 歸 脾 。 加 丹 皮 山 
 <marginalia> 
 <sf> 陰 痒 生 虫 當 與 腸 胃 求 食 之 虫 不 同 仲 景 曰 風 三 虫 此 當 從 風 木 所 化 故 治 法 悉 以 清 肝 為 主 </sf> 
 </marginalia> 
 </text></document>