<?xml version="1.0" encoding="UTF-8" standalone="yes" ?>
<document>
<header>
<doctitle>
 重訂濟陰綱目 
 </doctitle>
<volume>
 第三冊, 卷 5 
 </volume>
<author>
 武 之 望   (叔卿 ) 
</author>
<date>
 清雍正六年, 1728
 </date>
<currentpage>
 text 5b 
 </currentpage>
<first>
 jiyingkangmu v.3 text4 1a.xml
</first>
<last>
 jiyingkangmu v.3 text6 26b.xml 
</last>
<prev>
 jiyingkangmu v.3 text5 5a.xml 
</prev>
<next>
 jiyingkangmu v.3 text5 6a.xml 
</next>
<image>
 jiyingkangmu v.3 text5 5b.jpg 
</image>
</header><text>
也 。 
 
 薛 氏 曰 。 前 證 若 形 氣 弱 。 須 先 調 補 脾 胃 為 主 。 而 佐 以 消 導 。 若 形 氣 克 實 。 當 先 疏 導 為 主 。 而 佐 以 補 脾 胃 。 若 氣 壅 血 滯 而 不 行 者 。 宜 用 烏 藥 散 。 散 而 行 之 。 <sf> 散 用 烏 藥 莪 茂 醋 浸 炒 桂 心 當 歸 桃 仁 青 皮 木 香 各 等 分 為 末 每 二 錢 熱 酒 送 下 </sf> 
 
 脾 氣 虛 而 血 不 行 者 。 宜 用 四 君 芎 歸 。 補 而 行 之 。 若 脾 氣 鬱 血 不 行 者 。 宜 用 歸 脾 湯 解 而 行 之 。 若 肝 脾 血 燥 而 不 行 者 。 宜 用 加 味 逍 遙 散 清 而 行 之 。 大 抵 食 積 痞 塊 之 證 。 為 有 形 。 蓋 邪 氣 勝 則 實 。 真 氣 奪 則 虛 。 當 養 正 闢 邪 。 而 積 自 除 矣 。 雖 然 。 堅 者 削 之 。 客 者 除 之 。 胃 氣 未 虛 。 或 可 宜 用 。 若 病 久 虛 弱 者 。 不 可 輕 試 也 。 
 
 ○ 論 血 癥 
 大 全 云 。 婦 人 寒 熱 失 節 。 臟 腑 氣 虛 。 風 冷 在 內 。 飲 食 不 消 。 與 血 氣 相 
 </text></document>