<?xml version="1.0" encoding="UTF-8" standalone="yes" ?>
<document>
<header>
<doctitle>
 重訂濟陰綱目 
 </doctitle>
<volume> 
 第二冊, 卷 2 
 </volume>
<author>
 武 之 望   (叔卿 ) 
</author>
<date>
 清雍正六年, 1728
 </date>
<currentpage>
 text 9b 
 </currentpage>
<first>
 jiyingkangmu v.2 text2 1a.xml
</first>
<last>
 jiyingkangmu v.2 text3 26b.xml 
</last>
<prev>
 jiyingkangmu v.2 text2 9a.xml 
</prev>
<next>
 jiyingkangmu v.2 text2 10a.xml 
</next>
<image>
 jiyingkangmu v.2 text2 9b.jpg 
</image>
</header><text>
<formula> 
 養 真 湯         治 婦 人 經 閉 不 通 。 臍 下 有 塊 。 已 經 三 載 百 藥 無 效 服 此 數 劑 經 行 。 又 投 數 劑 而 塊 消 矣 。 
 當 歸 <sf> 酒 洗 </sf>         川 芎         白 芍 藥 <sf> 酒 炒 </sf>         熟 地 黃 <sf> 薑 汁 炒 </sf>         白 茯 苓         陳 皮         梔 子 <sf> 炒 </sf>         山 茱 萸 <sf> 去 核 </sf>         益 母 草         小 茴 香 <sf> 酒 炒 </sf>         香 附 子 <sf> 醋 浸 炒 各 等 分 </sf> 
 </formula> 
 右 剉 每 服 一 兩 水 煎 服 。 五 六 劑 後 。 經 通 作 丸 服 
 <marginalia> 
 <sf>已 上 十 一 方 重 在 血 枯 一 字 
 凡 通 經 消 塊 俱 用 破 氣 削 堅 大 熱 大 毒 之 類 而 此 方 俱 以 行 氣 謂 氣 血 肝 散 結 氣 煖 下 元 之 藥 等 分 而 又 以 山 梔 涼 藥 佐 之 何 也 { 但 } 聞 山 梔 能 治 塊 中 之 火 未 聞 能 治 三 年 之 塊 而 通 經 也 在 善 用 之 </sf> 
 </marginalia> 
 ○ 治 血 { 澀 } 經 閉 
 <formula> 
 溫 經 湯         治 經 道 不 行 繞 臍 寒 疝 痛 徹 。 其 <cf> &#33033; </cf> 沉 緊 。 此 由 寒 氣 客 於 血 室 。 血 凝 不 行 。 為 氣 所 衝 。 新 血 與 故 血 相 搏 。 所 以 作 痛 。 宜 此 湯 與 桂 枝 桃 仁 湯 
 當 歸         川 芎         官 桂         牡 丹 皮         { 蓬 } <cf> &#26415; </cf> <sf> 各 一 錢 </sf>         人 參         牛 膝 <sf> 各 一 錢 </sf>           甘 草 <sf> 炙 五 分 </sf> 
 </formula> 
 <marginalia> 
 <sf> 此 溫 行 之 劑 </sf> 
 </marginalia> 
 </text></document>