<?xml version="1.0" encoding="UTF-8" standalone="yes" ?>
<document>
<header>
<doctitle>
 重訂濟陰綱目 
 </doctitle>
<volume>
 第一冊 
 </volume>
<author>
 武 之 望   (叔卿 ) 
</author>
<date>
 清雍正六年, 1728
 </date>
<currentpage>
 table of contents 1a 
 </currentpage>
<first>
 jiyingkangmu v.1 tp.xml
</first>
<last>
 jiyingkangmu v.1 text1 38b.xml 
</last>
<prev>
 jiyingkangmu v.1 notes 2b.xml 
</prev>
<next>
 jiyingkangmu v.1 table of contents 1b.xml 
</next>
<image>
 jiyingkangmu v.1 table of contents 1a.jpg 
</image>
</header><text>
重 訂 濟 陰 綱 目 目 錄 
 卷 之 一 
 調 經 
 論 經 主 衝 任 二 <cf> &#33033; </cf>                   
 論 心 脾 為 經 血 主 統 
 論 脾 胃 生 血                                                             
 論 經 不 調 由 風 邪 客 於 胞 中 
 論 三 月 一 來 為 居 經                                       
 論 師 尼 寡 婦 異 乎 妻 妾 之 治 
 論 調 經 當 抑 氣                                                       
 論 調 經 先 去 病 
 論 調 經 大 法                                                               
 論 經 水 異 色 
 論 經 候 愆 期                                                               
 論 月 水 多 少 
 論 月 水 不 利                                                               
 論 月 水 不 斷 
 論 過 期 不 止                                                               
 論 經 病 疼 痛 
 論 經 病 發 熱                                                               
 論 { 往 } 來 寒 熱 
 </text></document>