<?xml version="1.0" encoding="UTF-8" standalone="yes" ?>
<document>
<header>
<doctitle>
 重訂濟陰綱目 
 </doctitle>
<volume>
 第五冊, 卷 9 
 </volume>
<author>
 武 之 望   (叔卿 ) 
</author>
<date>
 清雍正六年, 1728
 </date>
<currentpage>
 text 40b 
 </currentpage>
<first>
 jiyingkangmu v.5 text9 1a.xml
</first>
<last>
 jiyingkangmu v.5 text9 51b.xml
</last>
<prev>
 jiyingkangmu v.5 text9 40a.xml 
</prev>
<next>
 jiyingkangmu v.5 text9 41a.xml 
</next>
<image>
 jiyingkangmu v.5 text9 40b.jpg 
</image>
</header><text>
在 三 五 七 月 也 。 宜 大 補 陰 湯 。 去 桂 加 黃 檗 黃 苓 煎 服 。 仍 用 研 末 蜜 丸 服 之 。 庶 可 保 生 。 服 半 年 。 胎 固 而 生 二 子 。 
 
 錢 仲 陽 治 一 孕 婦 病 。 醫 言 胎 且 墮 。 錢 曰 。 妊 者 五 臟 傳 養 。 率 六 旬 乃 更 候 其 月 。 偏 補 之 。 何 必 墮 。 已 而 母 子 皆 全 。 
 
 陳 斗 &lt;x> [ 嵒 ] 治 一 婦 。 有 胎 。 四 月 墮 下 。 逾 旬 腹 腫 發 熱 。 氣 喘 。 脈 洪 盛 面 赤 。 口 鼻 舌 青 黑 。 陳 診 之 曰 。 脈 洪 盛 者 。 胎 未 墮 也 。 面 赤 。 心 火 盛 。 而 血 乾 也 。 舌 青 口 鼻 黑 。 肝 既 絕 而 胎 死 矣 。 內 外 皆 曰 。 胎 墮 久 矣 。 復 診 。 色 脈 如 前 。 以 蛇 脫 煎 湯 。 下 平 胃 散 。 加 芒 硝 歸 尾 一 倍 。 服 之 。 須 臾 腹 鳴 如 雷 。 腰 腹 陣 痛 。 復 一 死 胎 隨 下 。 病 亦 愈 。 
 
 程 仁 甫 治 一 婦 年 近 四 十 。 稟 氣 素 弱 。 自 去 其 胎 。 五 日 內 。 漸 漸 腹 脹 如 鼓 。 至 心 前 。 上 吐 不 能 食 。 用 補 藥 不 效 。 診 六 脈 微 弱 。 但 只 { 叫 } 脹 死 。 
 </text></document>