<?xml version="1.0" encoding="UTF-8" standalone="yes" ?>
<document>
<header>
<doctitle>
 重訂濟陰綱目 
 </doctitle>
<volume>
 第七冊, 卷 13 
 </volume>
<author>
 武 之 望   (叔卿 ) 
</author>
<date>
 清雍正六年, 1728
 </date>
<currentpage>
 text 15a 
 </currentpage>
<first>
 jiyingkangmu v.7 text12 1a.xml
</first>
<last>
 jiyingkangmu v.7 text13 46b.xml
</last>
<prev>
 jiyingkangmu v.7 text13 14b.xml 
</prev>
<next>
 jiyingkangmu v.7 text13 15b.xml 
</next>
<image>
 jiyingkangmu v.7 text13 15a.jpg 
</image>
</header><text>
飲 食 停 滯 而 作 。 用 六 君 加 木 香 一 劑 而 安 。 
 
 <marginalia> 
 <sf> 則 寒 熱 並 作 而 其 藥 又 均 不 可 廢 也 粗 淺 之 言 伏 惟 載 之 誤 矣 指 白 虎 湯 而 言 
 以 欲 按 腹 手 護 中 虛 也 以 犯 怒 抽 搐 面 青 肝 木 也 六 君 補 中 木 香 調 肝 以 治 肝 木 侮 土 是 矣 然 亦 有 不 受 補 者 又 以 疏 肝 為 急 所 謂 標 而 本 之 亦 有 之 焉 </sf> 
 </marginalia> 
 
 一 產 婦 惡 露 發 熱 。 余 欲 用 八 珍 加 炮 薑 治 之 。 其 家 知 醫 。 以 為 風 寒 。 用 小 柴 胡 湯 。 余 曰 。 寒 熱 不 時 乃 氣 血 虛 乏 不 信 。 仍 服 一 劑 。 汗 出 不 止 。 膽 語 不 絕 。 煩 熱 作 渴 。 肢 體 抽 搐 。 余 用 十 全 大 補 湯 。 二 劑 益 甚 。 脈 洪 大 重 按 如 無 仍 以 前 湯 加 附 子 四 劑 稍 緩 數 劑 而 安 。 
 
 吳 菱 山 治 一 婦 人 。 產 後 去 血 過 多 。 食 後 著 惱 。 頭 疼 身 痛 。 寒 熱 如 瘧 。 左 手 弦 大 微 有 寒 邪 右 手 弦 滑 不 勻 食 飲 痰 火 也 。 二 者 因 虛 而 得 。 宜 養 正 祛 邪 。 遂 以 茯 苓 補 心 湯 。 去 地 黃 。 加 { 羌 } 活 青 皮 <cf> &#33905; </cf> { <cf> 棗 </cf> } 三 服 。 汗 出 身 涼 。 其 患 漸 差 。 然 後 以 八 物 湯 調 理 。 半 月 後 全 愈 。 一 婦 產 後 惡 露 未 盡 。 瘀 血 入 絡 。 又 感 寒 邪 身 熱 如 瘧 。 即 以 生 料 五 積 散 。 五 帖 惡 露 自 下 。 而 寒 熱 除 。 
 
 <marginalia> 
 <sf> 此 翁 善 補 然 亦 認 症 的 確 故 可 用 設 不 的 即 敗 乃 事 矣 慎 之 此 正 治 常 法 此 法 宜 知 </sf> 
 </marginalia> 
 
 </text></document>