<?xml version="1.0" encoding="UTF-8" standalone="yes" ?>
<document>
<header>
<doctitle>
 重訂濟陰綱目 
 </doctitle>
<volume>
 第七冊, 卷 13 
 </volume>
<author>
 武 之 望   (叔卿 ) 
</author>
<date>
 清雍正六年, 1728
 </date>
<currentpage>
 text 37b 
 </currentpage>
<first>
 jiyingkangmu v.7 text12 1a.xml
</first>
<last>
 jiyingkangmu v.7 text13 46b.xml
</last>
<prev>
 jiyingkangmu v.7 text13 37a.xml 
</prev>
<next>
 jiyingkangmu v.7 text13 38a.xml 
</next>
<image>
 jiyingkangmu v.7 text13 37b.jpg 
</image>
</header><text>
<formula>人 參     白 術     當 歸     草 豆 蔻 仁     乾 姜 <sf> 各 一 兩 </sf>     厚 朴 <sf> 姜 製 一 兩 半 </sf> 
 右 為 { 麤 } 末 ﹐ 每 服 三 錢 ﹐ 水 煎 服 ﹐ </formula> 
 
 <formula> 
 附 子 散     治 產 後 霍 亂 不 止 。 手 足 逆 冷 。 
 附 子 <sf> 炮 </sf>     桂 心     吳 茱 萸 <sf> 炮 </sf>     丁 香     當 歸     白 術     人 參     橘 紅     甘 草 <sf> 炙 各 半 兩 </sf> 
 右 為 細 末 ﹐ 每 服 二 錢 ﹐ 粥 飲 調 服 ﹐ </formula> 
 
 <formula> 
 高 良 薑 散     治 產 後 霍 亂 吐 利 。 腹 中 &lt;x> 痛 。 
 良 薑     當 歸     草 豆 蔻 仁 <sf> 各 等 分 </sf> 
 右 為 細 末 ﹐ 每 服 二 錢 ﹐ 用 粥 飲 調 下 
 
 ○ 右 二 方 非 真 寒 不 可 用 </formula> 
 
 <marginalia> 
 <sf> 吐 瀉 用 當 歸 者 甚 少 而 前 三 方 皆 用 之 亦 非 理 之 所 宜 也 
 
 霍 亂 忌 粥 飲 此 又 以 粥 飲 調 所 宜 所 忌 有 虛 實 寒 暑 之 別 焉 
 
 主 症 的 確 誠 為 對 病 良 藥 </sf> 
 </marginalia> 
 </text></document>