<?xml version="1.0" encoding="UTF-8" standalone="yes" ?>
<document>
<header>
<doctitle>
 重訂濟陰綱目 
 </doctitle>
<volume>
 第七冊, 卷 12 
 </volume>
<author>
 武 之 望   (叔卿 ) 
</author>
<date>
 清雍正六年, 1728
 </date>
<currentpage>
 text 14a 
 </currentpage>
<first>
 jiyingkangmu v.7 text12 1a.xml
</first>
<last>
 jiyingkangmu v.7 text13 46b.xml
</last>
<prev>
 jiyingkangmu v.7 text12 13b.xml 
</prev>
<next>
 jiyingkangmu v.7 text12 14b.xml 
</next>
<image>
 jiyingkangmu v.7 text12 14a.jpg 
</image>
</header><text>
<formula><marginalia> 
 <sf> 風 通 十 二 經 利 腰 腳 也 </sf> 
 </marginalia> 
 </formula> 
 
 右 &lt;x> 咀 ﹐ 每 服 八 錢 ﹐ 水 煎 溫 服 ﹐ 不 拘 時 ﹐ 
 薛 氏 曰 ﹐ 前 方 如 不 應 。 當 用 八 珍 湯 。 更 不 應 。 用 十 全 大 補 湯 。 
 
 <marginalia> 
 <sf> 觀 薛 氏 所 言 亦 先 治 風 後 議 補 要 得 其 竅 </sf> 
 </marginalia>
<formula> 
 防 已 膏           治 產 後 中 風 。 四 肢 筋 脈 攣 急 。 身 { 體 } 痲 痺 。 
 
 漢 防 <sf> 去 皮 半 斤 </sf>           茵 芋 <sf> 五 兩 </sf> 
 右 &lt;x> 咀 ﹐ 用 酒 五 升 ﹐ 浸 藥 一 宿 ﹐ 取 豬 肪 脂 一 斤 ﹐ 文 武 火 熬 ﹐ 三 上 三 下 成 膏 ﹐ 攤 在 止 紙 花 上 ﹐ 貼 病 人 患 處 ﹐ 以 熱 手 不 住 摩 膏 上 千 遍 ﹐  </formula>
 ○ 不 語 
 
 大 全 云 ﹐ 人 心 有 七 孔 三 毛 。 產 後 虛 弱 。 多 致 停 積 。 敗 血 閉 于 心 竅 。 神 志 不 能 明 了 。 又 心 氣 痛 于 舌 。 心 氣 閉 塞 。 則 舌 亦 強 矣 。 故 令 不 語 。 但 服 七 診 散 
 
 <marginalia> 
 <sf> 本 論 所 重 在 敗 血 而 七 珍 散 不 用 破 血 之 味 為 其 本 于 虛 </sf> 
 </marginalia> 
 
 薛 氏 曰 ﹐ 經 云 。 大 腸 之 脈 散 舌 下 。 又 云 。 脾 之 脈 。 是 動 。 則 病 舌 。 木 強 。 不 
 </text></document>