<?xml version="1.0" encoding="UTF-8" standalone="yes" ?>
<document>
<header>
<doctitle>
 重訂濟陰綱目 
 </doctitle>
<volume>
 第五冊, 卷 9 
 </volume>
<author>
 武 之 望   (叔卿 ) 
</author>
<date>
 清雍正六年, 1728
 </date>
<currentpage>
 text 21b 
 </currentpage>
<first>
 jiyingkangmu v.5 text9 1a.xml
</first>
<last>
 jiyingkangmu v.5 text9 51b.xml
</last>
<prev>
 jiyingkangmu v.5 text9 21a.xml 
</prev>
<next>
 jiyingkangmu v.5 text9 22a.xml 
</next>
<image>
 jiyingkangmu v.5 text9 21b.jpg 
</image>
</header><text>
蘗 。 肉 食 所 傷 。 用 六 君 加 山 查 若 兼 寒 熱 作 嘔 。 乃 肝 木 侮 脾 土 。 用 六 君 加 柴 胡 生 薑 兼 嘔 吐 腹 痛 。 手 足 逆 冷 。 乃 寒 水 侮 土 。 六 君 加 薑 桂 不 應 。 用 錢 氏 益 黃 散 。 若 元 氣 下 陷 。 發 熱 作 渴 。 肢 體 倦 怠 。 用 補 中 益 氣 湯 。 若 泄 瀉 色 黃 。 乃 脾 土 之 真 色 。 用 六 君 加 木 香 肉 果 。 若 作 嘔 不 食 。 腹 痛 惡 寒 。 乃 脾 土 虛 寒 。 用 六 君 加 木 香 薑 桂 。 若 瀉 在 五 更 侵 晨 。 飲 食 少 思 。 乃 脾 胃 虛 弱 。 五 更 服 四 神 丸 。 日 間 服 白 朮 散 。 如 不 應 。 或 愈 而 復 作 。 或 飲 食 少 思 。 急 用 八 味 丸 。 補 命 門 火 。 以 生 脾 土 為 善 。 
 
 進 士 王 徵 之 內 。 懷 妊 泄 瀉 。 惡 食 作 嘔 。 余 曰 。 脾 氣 傷 也 。 其 夫 憂 之 。 強 進 米 飲 。 余 謂 飲 亦 能 傷 胃 。 且 不 必 強 。 俟 脾 胃 醒 。 宿 滯 自 化 。 飲 食 自 進 。 不 信 。 別 用 人 參 養 胃 湯 。 飲 之 。 吐 水 酸 苦 。 又 欲 投 降 火 寒 藥 。 余 曰 。 若 然 。 則 胃 氣 益 傷 也 。 經 云 。 損 其 脾 者 。 調 其 飲 食 。 適 其 寒 溫 。 後 不 藥 。 
 </text></document>