<?xml version="1.0" encoding="UTF-8" standalone="yes" ?>
<document>
<header>
<doctitle>
 重訂濟陰綱目 
 </doctitle>
<volume>
 第五冊, 卷 9 
 </volume>
<author>
 武 之 望   (叔卿 ) 
</author>
<date>
 清雍正六年, 1728
 </date>
<currentpage>
 text 34b 
 </currentpage>
<first>
 jiyingkangmu v.5 text9 1a.xml
</first>
<last>
 jiyingkangmu v.5 text9 51b.xml
</last>
<prev>
 jiyingkangmu v.5 text9 34a.xml 
</prev>
<next>
 jiyingkangmu v.5 text9 35a.xml 
</next>
<image>
 jiyingkangmu v.5 text9 34b.jpg 
</image>
</header><text>
一 { 妊 } 婦 遺 尿 內 熱 肝 <cf> &#33033; </cf> 洪 數 。 按 之 微 弱 。 或 兩 太 陽 作 痛 脅 肋 作 脹 。 余 以 為 肝 火 血 虛 。 用 加 味 逍 遙 散 。 六 味 地 黃 丸 。 尋 愈 。 後 又 寒 熱 。 或 發 熱 。 或 恚 怒 。 前 證 仍 作 。 用 八 珍 散 。 逍 遙 散 。 兼 以 清 肝 火 養 肝 血 而 痊 。 
 
 <formula> 
 白 薇 散         治 { 妊 } 娠 尿 出 不 知 。 
 白 薇         白 芍 藥 <sf> 各 等 分 </sf> 
 </formula> 
 右 為 末 。 每 服 三 錢 。 食 前 溫 酒 調 服 。 
 <marginalia> 
 <sf> 本 草 謂 芍 藥 白 補 赤 瀉 蓋 金 收 而 火 散 也 故 子 淋 方 中 多 用 赤 而 遺 尿 方 多 用 白 也 </sf> 
 </marginalia>
<formula> 
 桑 螵 蛸 散         治 { 妊 } 娠 小 便 不 禁 。         桑 螵 蛸 <sf> 炙 黃 二 十 枚 </sf> 
 </formula> 
 右 為 末 。 每 服 二 錢 。 空 心 米 飲 調 下 。 
 
 <formula> 
 一 方         白 &lt;x> [ 礬 ]         牡 蠣  </formula> 
右 為 末 。 每 服 二 錢 。 酒 調 下 。 
 </text></document>