<?xml version="1.0" encoding="UTF-8" standalone="yes" ?>
<document>
<header>
<doctitle>
 重訂濟陰綱目 
 </doctitle>
<volume>
 第三冊, 卷 6 
 </volume>
<author>
 武 之 望   (叔卿 ) 
</author>
<date>
 清雍正六年, 1728
 </date>
<currentpage>
 text 25b 
 </currentpage>
<first>
 jiyingkangmu v.3 text4 1a.xml
</first>
<last>
 jiyingkangmu v.3 text6 26b.xml 
</last>
<prev>
 jiyingkangmu v.3 text6 25a.xml 
</prev>
<next>
 jiyingkangmu v.3 text6 26a.xml 
</next>
<image>
 jiyingkangmu v.3 text6 25b.jpg 
</image>
</header><text>
<formula>車 前 子 <sf> 七 分 </sf> 
 </formula> 
 右 細 切 作 一 服 加 生 姜 五 片 。 水 煎 空 心 服 以 乾 物 壓 之 
 
 <formula> 
 一 方         治 肥 盛 婦 人 。 稟 受 甚 厚 恣 於 酒 食 。 經 水 不 調 不 能 成 胎 。 謂 之 軀 脂 滿 溢 。 閉 塞 子 宮 。 
 南 星         半 夏         羌 活         蒼 朮         台 芎         防 風         滑 石 
 </formula>右 剉 水 。 煎 服 。 或 導 痰 湯 亦 可 
 <marginalia> 
 <sf> 又 加 蒼 朮 </sf> 
 </marginalia> 
 
 ○ 治 婢 妾 不 孕 
 <formula> 
 煮 附 丸         治 婢 妾 。 多 鬱 情 不 宣 暢 。 經 多 不 調 故 難 孕 。 此 方 最 妙 。 不 須 便 服 他 藥 。 
 香 附 子 不 拘 多 少 。 去 毛 與 { 麤 } 皮 米 泔 水 浸 一 宿 。 晒 乾 。 用 。 上 好 
 <marginalia> 
 <sf> 可 與 神 仙 附 益 丸 並 駕 </sf> 
 </marginalia> 
 </formula></text></document>