<?xml version="1.0" encoding="UTF-8" standalone="yes" ?>
<document>
<header>
<doctitle>
 重訂濟陰綱目 
 </doctitle>
<volume>
 第三冊, 卷 6 
 </volume>
<author>
 武 之 望   (叔卿 ) 
</author>
<date>
 清雍正六年, 1728
 </date>
<currentpage>
 text 19b 
 </currentpage>
<first>
 jiyingkangmu v.3 text4 1a.xml
</first>
<last>
 jiyingkangmu v.3 text6 26b.xml 
</last>
<prev>
 jiyingkangmu v.3 text6 19a.xml 
</prev>
<next>
 jiyingkangmu v.3 text6 20a.xml 
</next>
<image>
 jiyingkangmu v.3 text6 19b.jpg 
</image>
</header><text>
<formula>陳 皮 蒼 朮 <sf> 米 泔 浸 一 宿 <cf> &#30416; </cf> 水 炒 </sf> 各 一 兩 。 白 朮 五 錢 。 減 去 熟 地 黃 一 兩 。 瘦 人 則 血 虛 少 。 而 水 混 之 加 桂 心 五 錢 。 經 行 或 來 或 斷 。 或 發 寒 熱 者 。 
 <marginalia> 
 <sf> 或 來 或 斷 或 寒 熱 者 肚 肝 經 及 心 包 絡 氣 血 不 調 </sf> 
 </marginalia> 
 加 柴 胡 八 錢 。 白 茯 苓 一 兩 。 ○ 凡 經 <cf> &#33033; </cf> 不 調 。 多 白 帶 者 。 肥 人 主 胃 中 濕 痰 流 注 。 加 製 過 蒼 朮 白 茯 苓 各 一 兩 五 錢 。 減 熟 地 黃 一 兩 ○ 凡 瘦 人 氣 多 血 少 脾 虛 加 木 香 五 錢 。 牡 蠣 <sf> 火 &lt;x> </sf> 赤 石 脂 <sf> 火 &lt;x> </sf> 白 茯 苓 各 一 兩 。 ○ 凡 多 崩 漏 者 。 減 香 附 艾 葉 各 一 兩 。 加 荊 芥 穗 <sf> 炒 黑 </sf> 一 兩 。 黃 苓 一 
 <marginalia> 
 <sf> 以 多 崩 漏 而 減 香 附 艾 葉 加 荊 穗 黃 苓 則 治 崩 漏 者 可 想 矣 而 阿 膠 乾 姜 黃 &lt;x> 之 治 崩 又 可 想 其 意 也 </sf> 
 </marginalia> 
 兩 五 錢 。 血 崩 或 多 。 加 阿 膠 珠 一 兩 。 <sf> 乾 姜 </sf> 五 錢 。 <sf> 炒 黑 </sf> 黃 &lt;x> 一 兩 。 <sf> 炙 </sf> ○ 元 氣 虛 弱 。 經 水 閉 者 。 加 牛 膝 二 兩 。 <sf> 酒 洗 </sf> 屬 寒 加 桂 心 五 錢 。 屬 熱 加 黃 苓 一 兩 。 <sf> 酒 炒 </sf> ○ 凡 婢 妾 素 見 忌 於 嫡 室 者 。 必 多 抑 鬱 。 以 致 經 水 不 調 。 加 味 製 香 附 二 兩 。 或 血 弱 心 虛 。 交 感 時 驚 恐 不 寧 。 則 精 氣 不 聚 。 加 琥 珀 <sf> 另 研 </sf> 酸 棗 仁 <sf> 隔 紗 { 略 } 炒 </sf> 茯 神 各 一 兩 。 辰 砂 <sf> 水 飛 </sf> 紫 </formula><marginalia><sf> 事 屬 揣 摩 至 此 亦 甚 苦 心 </sf> 
 </marginalia> 
 </text></document>