<?xml version="1.0" encoding="UTF-8" standalone="yes" ?>
<document>
<header>
<doctitle>
 重訂濟陰綱目 
 </doctitle>
<volume>
 第四冊, 卷 8 
 </volume>
<author>
 武 之 望   (叔卿 ) 
</author>
<date>
 清雍正六年, 1728
 </date>
<currentpage>
 text 37a 
 </currentpage>
<first>
 jiyingkangmu v.4 text7 1a.xml
</first>
<last>
 jiyingkangmu v.4 text8 44b.xml 
</last>
<prev>
 jiyingkangmu v.4 text8 36b.xml 
</prev>
<next>
 jiyingkangmu v.4 text8 37b.xml 
</next>
<image>
 jiyingkangmu v.4 text8 37a.jpg 
</image>
</header><text>
<formula> 
 一 方         治 { 妊 } 娠 痛 腹 
 用 生 地 黃 三 斤 。 搗 酒 一 升 。 合 煎 減 半 。 頓 服 愈 。  </formula> <marginalia> 
 <sf> 血 熱 血 虛 腹 痛 君 此 方 甚 妙 </sf> 
 </marginalia> 
 
<formula> 
 一 方         治 { 妊 } 娠 四 五 箇 月 。 忽 然 腹 &lt;x> 痛 。 
 大 棗 <sf> 十 四 枚 炒 令 黑 </sf>         鹽 <sf> 一 錢 炒 令 赤 </sf> 
 </formula> 
 右 為 末 。 取 一   撮 許 。 酒 調 服 即 愈 。 ○ 一 方 <cf> &#21333; </cf> 用 棗 十 四 枚 。 燒 存 性 為 末 。 童 子 小 便 調 下 。 ○ 一 方 <cf> &#21333; </cf> 用 鹽 一 斤 。 以 兩 指 取 一 撮 。 酒 調 服 。 
 
 ○ 腹 痛 <sf> 即 子 痛 </sf> 
 仲 景 云 。 婦 人 懷 胎 。 腹 中 諸 疾 痛 。 當 歸 芍 藥 散 主 之 。 脈 經 曰 。 婦 人 有 胎 腹 痛 。 其 人 不 安 。 若 胎 病 不 動 。 欲 知 生 死 。 令 人 摸 之 。 如 覆 杯 者 則 男 如 肘 頸 參 差 起 者 。 女 也 。 冷 者 。 何 。 面 冷 者 為 死 。 溫 者 為 生 
 <marginalia> 
 <sf> 所 謂 何 面 者 意 在 腹 之 左 右 也 </sf> 
 </marginalia> 
 </text></document>