<?xml version="1.0" encoding="UTF-8" standalone="yes" ?>
<document>
<header>
<doctitle>
 重訂濟陰綱目 
 </doctitle>
<volume>
 第八冊, 卷 14 
 </volume>
<author>
 武 之 望   (叔卿 ) 
</author>
<date>
 清雍正六年, 1728
 </date>
<currentpage>
 text 8a 
 </currentpage>
<first>
 jiyingkangmu v.8 text14 1a.xml
</first>
<last>
 bao sheng sui shi 9b.xml
</last>
<prev>
 jiyingkangmu v.8 text14 7b.xml 
</prev>
<next>
 jiyingkangmu v.8 text14 8b.xml 
</next>
<image>
 jiyingkangmu v.8 text14 8a.jpg 
</image>
</header><text>
<formula>方 見 前 渴 。 
 以 上 治 痢 疾 發 渴 。 </formula> 
 
 <marginalia> 
 <sf> 大 和 脾 胃 以 生 津 </sf> 
 </marginalia> 
 
 ○ 大 便 秘 { 澀 } 
 
 郭 稽 中 曰 ﹐ 產 後 大 便 秘 澀 者 何 。 答 曰 。 產 後 水 血 俱 下 。 腸 胃 虛 竭 。 津 液 不 足 。 是 以 大 便 秘 澀 不   通 也 。 若 過 五 六 日 。 腹 中 悶 脹 者 。 此 乃 燥 屎 在 臟 腑 。 以 其 乾 { 澀 } 。 未 能 出 耳 。 宜 服 麻 仁 丸 以 津 潤 之 若 誤 以 為 有 熱 投 之 寒 藥 。 則 陽 消 陰 長 。 變 證 百 出 。 性 命 危 矣 。 
 薛 氏 曰 ﹐ 前 證 因 去 血 過 多 。 大 腸 乾 涸 。 不 可 計 其 日 期 。 飲 食 數 多 。 而 用 藥 通 之 。 必 待 腹 滿 覺 脹 。 欲 去 不 能 者 。 乃 結 在 直 腸 。 宜 用 豬 膽 汁 潤 之 。 若 服 苦 寒 疏 通 之 劑 。 反 傷 中 氣 。 或 愈 加 難 通 。 或 通 而 不 止 。 或 成 痞 證 也 。 若 去 血 過 多 者 。 用 十 全 大 補 湯 。 若 血 虛 火 燥 者 。 用 加 味 
 </text></document>