<?xml version="1.0" encoding="UTF-8" standalone="yes" ?>
<document>
<header>
<doctitle>
 重訂濟陰綱目 
 </doctitle>
<volume>
 第六冊, 卷 11 
 </volume>
<author>
 武 之 望   (叔卿 ) 
</author>
<date>
 清雍正六年, 1728
 </date>
<currentpage>
 text 32a 
 </currentpage>
<first>
 jiyingkangmu v.6 text10 1a.xml
</first>
<last>
 jiyingkangmu v.6 text11 38b.xml
</last>
<prev>
 jiyingkangmu v.6 text11 31b.xml 
</prev>
<next>
 jiyingkangmu v.6 text11 32b.xml 
</next>
<image>
 jiyingkangmu v.6 text11 32a.jpg 
</image>
</header><text>
右 水 二 升 煎 取 八 合 後 入 蒲 黃 空 心 分 二 服 
 當 歸 散                     治 產 後 腹 痛 { 脅 } 肋 脹 滿 
 <formula> 
 當 歸                     乾 薑 <sf> 各 等 分       </sf> 
 </formula> 
 右 為 末 酒 服 三 錢 水 煎 入 鹽 醋 少 許 食 前 熱 服 一 方 酒 煎 
 廣 濟 方                   療 產 後 腹 痛 氣 脹 &lt;?> 下 悶 不 下 食 兼 微 利 
 <formula> 
 厚 朴 <sf> 八 分 </sf>                 人 參                   當 歸                   茯 苓                   甘 草 <sf> 各 六 分 </sf>                 
 陳 皮                                   生 薑 <sf> 各 四 分       </sf> 
 </formula> 
 <marginalia> 
 <sf> 此 方 治 氣 血 虛 滯 脾 胃 不 足 者 尤 宜 </sf> 
 </marginalia> 
 右 &lt;x> 咀 以 水 二 升 煎 取 八 合 去 滓 分 溫 服 
 抵 聖 湯                     治 產 後 腹 { 脅 } 悶 滿 或 嘔 吐 者 
 <formula></formula>
 </text></document>
 