<?xml version="1.0" encoding="UTF-8" standalone="yes" ?>
<document>
<header>
<doctitle>
 重訂濟陰綱目 
 </doctitle>
<volume>
 第一冊 
 </volume>
<author>
 武 之 望   (叔卿 ) 
</author>
<date>
 清雍正六年, 1728
 </date>
<currentpage>
 table of contents 19a 
 </currentpage>
<first>
 jiyingkangmu v.1 tp.xml
</first>
<last>
 jiyingkangmu v.1 text1 38b.xml 
</last>
<prev>
 jiyingkangmu v.1 table of contents 18b.xml 
</prev>
<next>
 jiyingkangmu v.1 table of contents 19b.xml 
</next>
<image>
 jiyingkangmu v.1 table of contents 19a.jpg 
</image>
</header><text>
胎 動 不 安 
 安 胎 散 <sf> { 妊 } 娠 常 服 安 胎 </sf> 
 苓 朮 湯 <sf> 常 服 健 脾 清 熱 安 胎 </sf> 
 金 匱 當 歸 散 <sf> 養 血 清 熱 孕 婦 常 宜 瘦 人 血 少 有 熱 不 安 素 曾 半 產 者 宜 服 </sf> 
 釣 藤 湯 <sf> 治 { 妊 } 娠 八 九 月 胎 動 腹 痛 面 青 冷 汗 氣 欲 絕 者 急 服 之 </sf> 
 十 聖 散 <sf> 治 因 母 疾 氣 衰 血 少 不 能 護 胎 者 宜 服 </sf> 黃 蓍 湯 <sf> 治 胎 動 腹 痛 下 黃 汁 </sf> 
 佛 手 散 <sf> 治 { 妊 } 娠 因 築 磕 胎 動 不 安 或 子 死 腹 中 惡 露 不 下 疼 痛 不 已 </sf> 
 小 膠 艾 湯 <sf> 治 傷 損 動 胎 下 血 腹 痛 </sf> 
 膠 艾 芎 歸 湯 <sf> 治 娠 二 三 月 至 八 九 月 頓 <cf> &#20166; </cf> 先 跌 胎 動 服 疼 欲 死 已 有 所 下</sf>
 阿 膠 散 <sf> 治 { 妊 } 或 因 傾 <cf> &#20166; </cf> 或 因 毒 藥 胎 不 安 腰 腹 痛 有 所 下 者 </sf> 
 當 歸 湯 <sf> 治 胎 動 盪 心 煩 躁 悶 絕 口 乾 橫 生 逆 產 上 衝 下 築 迷 悶 唇 青 肢 令 [ 冷 ] </sf> 
 一 方 <sf> 治 { 妊 } 娠 從 高 墜 下 腹 中 下 血 煩 悶 </sf> 
 三 物 解 毒 湯 <sf> 治 誤 服 毒 藥 動 胎 </sf> 
 白 扁 豆 散 <sf> 治 誤 服 諸 般 毒 藥 毒 物 </sf> 
 
 胎 漏 下 血 <sf> 附 { 妊 } 婦 經 來 </sf> 
 加 減 膠 艾 湯 <sf> 治 胎 動 漏 血 </sf> 
 安 胎 飲 <sf> 治 妊 娠 卒 然 腰 痛 下 血 不 已 </sf> 
 </text></document>