<?xml version="1.0" encoding="UTF-8" standalone="yes" ?>
<document>
<header>
<doctitle>
 重訂濟陰綱目 
 </doctitle>
<volume>
 第六冊, 卷 10 
 </volume>
<author>
 武 之 望   (叔卿 ) 
</author>
<date>
 清雍正六年, 1728
 </date>
<currentpage>
 text 1b 
 </currentpage>
<first>
 jiyingkangmu v.6 text10 1a.xml
</first>
<last>
 jiyingkangmu v.6 text11 38b.xml
</last>
<prev>
 jiyingkangmu v.6 text10 1a.xml 
</prev>
<next>
 jiyingkangmu v.6 text10 2a.xml 
</next>
<image>
 jiyingkangmu v.6 text10 1b.jpg 
</image>
</header><text>
之 
 <marginalia> 
 <sf> 氣 佐 之 </sf> 
 </marginalia> 
 薛 氏 曰 欲 產 之 時 。 覺 腹 內 轉 動 。 即 當 正 身 仰 臥 。 待 兒 轉 身 向 下 時 。 作 痛 。 試 捏 產 母 手 中 指 中 節 。 
 <marginalia> 
 <sf> 中 指 屬 心 胞 絡 也 </sf> 
 </marginalia> 
 或 本 節 跳 動 。 方 與 臨 盆 即 產 矣 若 初 覺 不 仰 臥 。 以 待 轉 胞 。 或 未 產 而 水 頻 下 。 此 胞 衣 已 破 。 血 水 先 乾 。 必 有 逆 生 難 產 之 患 。 若 胎 衣 破 。 而 不 得 分 娩 者 。 保 生 無 憂 散 以 固 其 血 自 然 生 息 。 
 <marginalia> 
 <sf> 固 血 之 說 宜 玩 </sf> 
 </marginalia> 
 如 血 已 耗 損 。 用 八 珍 湯 料 一 觔 。 益 母 草 半 觔 。 水 數 十 碗 。 煎 熟 不 時 飲 之 亦 有 得 生 者 。 
 <marginalia> 
 <sf> 八 珍 益 母 配 法 服 法 俱 佳 </sf> 
 </marginalia> 
 凡 孕 婦 。 只 腹 痛 未 產 也 。 若 連 腰 痛 甚 者 。 將 產 也 。 蓋 腎 候 于 腰 。 胞 繫 于 腎 故 也 。 凡 孕 家 宜 預 請 有 仁 心 知 事 穩 婆 。 當 以 恩 結 其 心 。 先 與 說 知 。 倘 有 生 息 不 順 。 只 說 未 產 。 或 遇 雙 胎 。 只 說 胎 衣 未 下 。 恐 驚 則 氣 散 愈 難 生 息 。 余 家 親 驗 之 大 抵 難 產 。 多 患 于 鬱 悶 安 佚 富 貴 之 家 。 治 法 雖 云 胎 前 清 氣 。 產 後 補 血 。 
 </text></document>