<?xml version="1.0" encoding="UTF-8" standalone="yes" ?>
<document>
<header>
<doctitle>
 重訂濟陰綱目 
 </doctitle>
<volume>
 第七冊, 卷 13 
 </volume>
<author>
 武 之 望   (叔卿 ) 
</author>
<date>
 清雍正六年, 1728
 </date>
<currentpage>
 text 34a 
 </currentpage>
<first>
 jiyingkangmu v.7 text12 1a.xml
</first>
<last>
 jiyingkangmu v.7 text13 46b.xml
</last>
<prev>
 jiyingkangmu v.7 text13 33b.xml 
</prev>
<next>
 jiyingkangmu v.7 text13 34b.xml 
</next>
<image>
 jiyingkangmu v.7 text13 34a.jpg 
</image>
</header><text>
<formula>弱 治 失 其 宜 元 氣 復 傷 而 變 證 者 非 此 藥 不 能 救 。 
 熟 地 黃 <sf> 四 兩 酒 拌 搗 膏 </sf>     白 茯 苓 <sf> 三 兩 </sf>     山 藥     山 茱 萸     澤 瀉     牡 丹 皮     牛 膝     車 前 子     官 桂 <sf> 各 一 兩 </sf>     附 子 <sf> 半 兩 </sf> 
 右 為 末 ﹐ 和 地 黃 煉 蜜 丸 ﹐ 如 桐 子 大 ﹐ 每 脹 [ 服 ] 七 八 十 丸 空 心 白 湯 下 </formula>
<marginalia><sf>而 命 門 之 氣 藏 於 腎 為 生 土 之 母 主 化 津 液 以 利 膀 胱 故 腎 氣 盛 則 土 旺 而 水 有 所 隄 自 無 泛 溢 之 患 若 火 衰 則 氣 不 化 而 水 溢 溢 則 濕 土 畀 濫 而 妄 行 矣 故 有 水 脹 之 病 此 方 既 能 益 火 以 生 土 又 能 化 氣 以 利 水 此 其 所 以 為 治 腫 之 聖 藥 也 若 於 熱 脹 又 非 所 宜 </sf> 
 </marginalia> 
 
 ○ 積 聚     血 瘕 即 兒 枕 宜 { 參 } 看 
 
 大 全 云 ﹐ 夫 積 者 。 陰 氣 也 。 五 臟 所 生 。 聚 者 。 陽 氣 也 。 六 腑 所 成 。 皆 由 飲 食 不 節 。 寒 熱 不 調 。 致 五 臟 之 氣 積 。 六 腑 之 氣 聚 。 積 者 。 痛 不 離 其 部 。 聚 者 。 其 痛 無 有 常 處 。 所 以 然 者 。 積 為 陰 氣 。 陰 性 沉 伏 。 故 痛 不 離 其 部 。 聚 兼 陽 氣 。 陽 性 浮 動 。 故 痛 無 常 處 。 產 後 血 氣 傷 于 臟 腑 。 臟 腑 虛 弱 。 為 風 冷 所 乘 。 搏 於 臟 腑 。 與 血 氣 相 結 。 故 成 積 聚 癥 塊 也 。 
 薛 氏 曰 ﹐ 前 證 乃 真 氣 虧 損 。 邪 氣 乘 之 。 況 產 後 得 之 。 尤 當 固 真 氣 為 
 </text></document>