<?xml version="1.0" encoding="UTF-8" standalone="yes" ?>
<document>
<header>
<doctitle>
 重訂濟陰綱目 
 </doctitle>
<volume>
 第二冊, 卷 3 
 </volume>
<author>
 武 之 望   (叔卿 ) 
</author>
<date>
 清雍正六年, 1728
 </date>
<currentpage>
 text 18b 
 </currentpage>
<first>
 jiyingkangmu v.2 text2 1a.xml
</first>
<last>
 jiyingkangmu v.2 text3 26b.xml 
</last>
<prev>
 jiyingkangmu v.2 text3 18a.xml 
</prev>
<next>
 jiyingkangmu v.2 text3 19a.xml 
</next>
<image>
 jiyingkangmu v.2 text3 18b.jpg 
</image>
</header><text>
<formula><marginalia> 
 <sf> 性 之 所 喜 
 多 悲 不 樂 者 陰 晦 之 象 也 故 宜 桂 附 以 助 陽 陽 和 則 不 悲 而 有 樂 矣 少 以 知 檗 為 從 治 者 恐 桂 附 上 也 亦 用 熱 
 遠 熱 之 意 少 食 似 腹 脹 何 以 加 白 芍 不 思 食 何 以 加 五 味 思 之 </sf> 
 </marginalia> 
 
 升 麻         <cf> &#34638; </cf> 稍 <sf> 各 五 分 </sf>         甘 草 <sf> 炙 六 分 </sf>         炒 黃 鹽 <sf> 三 分 </sf>         黃 柏 <sf> 少 許 </sf> 
 </formula> 
 右 為 粗 末 。 每 服 五 錢 。 水 煎 溫 服 。 為 丸 亦 得 ○ 東 垣 回 陽 丹 註 云 。 必 用 炒 黃 鹽 。 無 則 不 { 效 } 。 蓋 寒 疝 之 要 藥 也 。 
 <marginalia> 
 <sf> 良 薑 乾 薑 大 治 臍 下 冷 痛 <cf> &#30416; </cf> 柏 引 之 就 下 <cf> 蠍 </cf> 稍 直 主 痛 所 升 { 柴 } 引 </sf> 
 </marginalia> 
 
<formula> 
 酒 煮 當 歸 丸         治 &lt;x> 疝 白 帶 下 注 。 <cf> &#33050; </cf> 氣 。 腰 以 下 如 在 冰 雪 中 。 居 火 坑 以 厚 衣 重 蓋 猶 冷 。 小 便 不 止 。 與 白 帶 長 流 而 不 禁 固 。 肌 肉 消 瘦 。 面 白 目 青 。 目 慌 慌 無 所 見 。 身 重 如 山 。 行 步 欹 側 。 腿 膝 枯 細 大 便 閉 結 。 心 下 痞 悶 。 懊 &lt;x> 飲 食 不 下 。 面 垢 背 寒 。 小 便 遺 而 不 知 。 此 上 中 下 三 陽 真 氣 俱 竭 。 故 噦 嘔 不 止 。 胃 寒 之 極 也 。 其 <cf> 脈 </cf> 沉 緊 而 澀 。 按 之 空 虛 。 若 <cf> 脈 </cf> 洪 大 而 澀 。 按 之 無 力 。 猶 為 中 寒 之 証 。 況 按 之 空 虛 者 乎 。 按 之 不 鼓 是 為 陰 寒 之 極 也 。 其 空 虛 。 乃 氣 血 俱 虛 之 極 也 。 
 </formula></text></document>