<?xml version="1.0" encoding="UTF-8" standalone="yes" ?>
<document>
<header>
<doctitle>
 重訂濟陰綱目 
 </doctitle>
<volume>
 第一冊, 卷 1 
 </volume>
<author>
 武 之 望   (叔卿 ) 
</author>
<date>
 清雍正六年, 1728
 </date>
<currentpage>
 text 4a 
 </currentpage>
<first>
 jiyingkangmu v.1 tp.xml
</first>
<last>
 jiyingkangmu v.1 text1 38b.xml 
</last>
<prev>
 jiyingkangmu v.1 text1 3b.xml 
</prev>
<next>
 jiyingkangmu v.1 text1 4b.xml 
</next>
<image>
 jiyingkangmu v.1 text1 4a.jpg 
</image>
</header><text>
○ 論 調 經 大 法 
 方 氏 曰 。 婦 人 經 病 。 有 月 候 補 調 者 。 有 月 候 不 通 者 。 然 不 調 不 通 之 中 。 有 兼 疼 痛 者 。 有 兼 發 熱 者 。 此 分 而 為 四 也 。 然 四 者 若 細 推 之 。 不 調 之 中 。 有 趲 前 者 。 有 退 後 者 。 則 趲 前 為 熱 。 退 後 為 虛 也 。 不 通 之 中 。 有 血 滯 者 。 有 血 枯 者 。 則 血 滯 宜 破 。 血 枯 宜 補 也 。 疼 痛 之 中 。 有 常 時 作 痛 者 。 有 經 前 經 後 作 痛 者 。 則 常 時 與 經 前 為 血 積 。 經 後 為 血 虛 也 。 發 熱 之 中 。 有 常 時 發 熱 者 。 有 經 行 發 熱 者 。 則 常 時 為 血 虛 有 積 。 經 行 為 血 虛 有 熱 也 。 此 又 分 而 為 八 焉 。 大 抵 婦 人 經 病 。 內 因 憂 思 忿 怒 。 外 因 飲 冷 形 寒 。 蓋 人 之 氣 血 周 流 。 忽 因 憂 思 忿 怒 所 觸 。 則 鬱 結 不 行 。 人 之 經 前 產 後 。 忽 遇 飲 冷 形 寒 。 則 惡 露 不 盡 。 此 經 候 不 謂 不 通 。 作 痛 發 熱 之 所 由 也 。 大 抵 氣 行 血 行 。 氣 止 血 止 。 故 治 血 病 以 
 <marginalia> 
 <sf> 析 理 無 餘 論 症 極 確 毉 能 悉 此 何 患 不 良 </sf> 
 </marginalia> 
 </text></document>