<?xml version="1.0" encoding="UTF-8" standalone="yes" ?>
<document>
<header>
<doctitle>
 重訂濟陰綱目 
 </doctitle>
<volume>
 第三冊, 卷 5 
 </volume>
<author>
 武 之 望   (叔卿 ) 
</author>
<date>
 清雍正六年, 1728
 </date>
<currentpage>
 text 6a 
 </currentpage>
<first>
 jiyingkangmu v.3 text4 1a.xml
</first>
<last>
 jiyingkangmu v.3 text6 26b.xml 
</last>
<prev>
 jiyingkangmu v.3 text5 5b.xml 
</prev>
<next>
 jiyingkangmu v.3 text5 6b.xml 
</next>
<image>
 jiyingkangmu v.3 text5 6a.jpg 
</image>
</header><text>
結 。 漸 生 顆 塊 。 盤 牢 不 移 動 者 是 也 。 皆 因 血 氣 勞 傷 。 月 水 { 往 } 來 。 經 終 痞 塞 。 惡 血 不 除 。 結 聚 所 生 。 久 而 不 瘥 。 則 心 腹 兩 { 脅 } 苦 痛 。 寒 於 飲 食 。 肌 膚 羸 瘦 。 
 
 問 癥 一 也 。 何 以 知 是 血 癥 。 曰 血 外 之 証 。 瞀 悶 煩 燥 。 迷 忘 。 驚 狂 。 痰 嘔 。 汗 多 。 骨 熱 肢 冷 。 其 畜 在 下 焦 者 。 必 臍 下 結 急 。 外 熱 內 痛 。 尺 脈 洪 而 數 也 。 桃 仁 靈 脂 生 地 黃 牛 膝 大 黃 甘 草 祛 逐 之 。 
 <marginalia> 
 <sf> 有 以 左 畔 為 血 癥 者 凡 肝 之 部 皆 可 為 血 病 </sf> 
 </marginalia> 
 
 薛 氏 曰 。 前 証 多 兼 七 情 虧 損 五 臟 。 氣 血 乖 違 而 致 。 蓋 氣 主 噓 之 。 血 主 濡 之 。 脾 統 血 。 肝 藏 血 。 故 鬱 結 傷 脾 。 悛 恚 怒 傷 肝 者 。 多 患 之 。 腹 { 脅 } 作 痛 。 正 屬 肝 脾 二 經 証 也 。 潔 古 曰 。 養 正 積 自 除 。 東 垣 云 。 人 以 胃 氣 為 主 。 治 { 法 } 當 主 於 固 元 氣 。 而 佐 以 攻 伐 之 劑 。 必 需 之 歲 月 。 若 期 速 { 效 } 。 投 以 峻 劑 。 反 致 有 誤 。 
 <marginalia> 
 <sf> 此 說 甚 佳 </sf> 
 </marginalia> 
 </text></document>