<?xml version="1.0" encoding="UTF-8" standalone="yes" ?>
<document>
<header>
<doctitle>
 重訂濟陰綱目 
 </doctitle>
<volume>
 第四冊, 卷 8 
 </volume>
<author>
 武 之 望   (叔卿 ) 
</author>
<date>
 清雍正六年, 1728
 </date>
<currentpage>
 text 19a 
 </currentpage>
<first>
 jiyingkangmu v.4 text7 1a.xml
</first>
<last>
 jiyingkangmu v.4 text8 44b.xml 
</last>
<prev>
 jiyingkangmu v.4 text8 18b.xml 
</prev>
<next>
 jiyingkangmu v.4 text8 19b.xml 
</next>
<image>
 jiyingkangmu v.4 text8 19a.jpg 
</image>
</header><text>
<formula> 
 蒼 朮 湯         常 服 健 脾 清 熱 。 故 胎 不 動 。 
 子 苓 <sf> 一 兩 </sf>         白 朮 <sf> 五 錢 </sf> 
 </formula> 
 右 剉 水 煎 服 。 ○ 一 方 苓 朮 各 半 兩 。 加 當 歸 二 錢 ○ 一 方 用 苓 朮 等 分 為 末 。 粥 丸 桐 子 大 。 每 服 五 十 丸 。 白 湯 下 。 名 安 胎 丸 。 
 
 <formula> 
 金 匱 當 歸 散         此 方 養 血 清 熱 孕 婦 宜 常 服 之 。 如 瘦 人 血 少 有 熱 。 胎 動 不 安 。 素 曾 半 產 者 。 皆 宜 服 之 。 以 清 其 源 。 而 無 後 患 也 。 
 當 歸         川 芎         白 芍 藥         黃 苓 <sf> 各 一 兩 </sf>         白 朮 <sf> 二 兩 </sf> 
 </formula> 
 右 為 末 。 每 服 二 錢 。 酒 飲 調 服 。 日 再 服 。 或 用 酒 糊 為 丸 如 桐 子 大 。 每 服 五 十 丸 。 茶 湯 任 下 。 日 三 服 。 
 
 <formula> 
 釣 藤 湯         治 { 妊 } 娠 八 九 月 。 胎 動 腹 痛 。 面 青 冷 汗 。 氣 欲 絕 者 。 此 由 勞 動 用 力 以 傷 胎 宮 。 宜 急 治 之 。 
 </formula></text></document>