<?xml version="1.0" encoding="UTF-8" standalone="yes" ?>
<document>
<header>
<doctitle>
 重訂濟陰綱目 
 </doctitle>
<volume>
 第七冊, 卷 12 
 </volume>
<author>
 武 之 望   (叔卿 ) 
</author>
<date>
 清雍正六年, 1728
 </date>
<currentpage>
 text 12a 
 </currentpage>
<first>
 jiyingkangmu v.7 text12 1a.xml
</first>
<last>
 jiyingkangmu v.7 text13 46b.xml
</last>
<prev>
 jiyingkangmu v.7 text12 11b.xml 
</prev>
<next>
 jiyingkangmu v.7 text12 12b.xml 
</next>
<image>
 jiyingkangmu v.7 text12 12a.jpg 
</image>
</header><text>
血 。 清 肝 火 。 遂 用 加 味 逍 遙 散 。 不 數 劑 。 諸 證 悉 退 而 安 。 
 一 婦 人 產 後 血 風 患 此 。 以 小 續 命 湯 。 數 服 而 安 。 
 產 後 因 虛 傷 風 瘈 瘲 同 傷 寒 表 證 ﹐ 未 傳 入 裏 宜 服 防 風 湯 
 
 <marginalia> 
 <sf> 前 止 言 虛 而 施 補 此 又 因 風 而 治 風 具 見 圓 通 之 妙 </sf> 
 </marginalia>
<formula> 
 防 風 湯           治 風 虛 發 熱 項 背 拘 急 肢 體 不 遂 恍 惚 狂 言 。 來 去 無 時 。 不 自 覺 悟 。 亦 治 腳 氣 緩 弱 甚 { 效 } 。 此 藥 溫 和 。 不 虛 人 。 
 秦 { 艽 }           獨 活           麻 黃 <sf> 去 節 </sf>           半 夏 <sf> 湯 洗 七 次 </sf>           防 風 <sf> 去 蘆 各 二 兩 </sf>           升 麻           防 已             白 <cf> 術 </cf>           石 膏 <sf> 煆 </sf>           白 芍           黃 芩           當 歸 <sf> 去 蘆 </sf>           遠 志 <sf> 去 骨 </sf>           人 參 <sf> 去 蘆 </sf>           甘 草 <sf> 各 一 兩 </sf> 
 </formula> 
 
 右 為 { 麤 } 末 。 每 服 四 錢 。 水 二 中 盞 。 生 薑 七 八 分 ﹐ 煎 至 一 盞 。 去 滓 。 取 清 汁 六 分 。 入 麝 香 末 少 許 。 食 後 臨 臥 帶 熱 服 
 
 <formula> 
 華 陀 愈 風 散   <sf> 方 見 前 中 風 </sf> 
 </formula> 
 </text></document>