<?xml version="1.0" encoding="UTF-8" standalone="yes" ?>
<document>
<header>
<doctitle>
 重訂濟陰綱目 
 </doctitle>
<volume>
 第八冊, 卷 14 
 </volume>
<author>
 武 之 望   (叔卿 ) 
</author>
<date>
 清雍正六年, 1728
 </date>
<currentpage>
 text 3a 
 </currentpage>
<first>
 jiyingkangmu v.8 text14 1a.xml
</first>
<last>
 bao sheng sui shi 9b.xml
</last>
<prev>
 jiyingkangmu v.8 text14 2b.xml 
</prev>
<next>
 jiyingkangmu v.8 text14 3b.xml 
</next>
<image>
 jiyingkangmu v.8 text14 3a.jpg 
</image>
</header><text>
<marginalia> 
 <sf> 此 症 若 只 擬 前 法 而 用 六 君 補 中 不 用 升 陽 益 胃 便 非 活 法 故 知 立 言 之 中 有 不 言 之 妙 所 謂 言 不 盡 意 也 </sf> 
 </marginalia> 
 
 汪 石 山 治 一 婦 產 後 滑 泄 。 勺 水 粒 米 弗 容 。 時 即 泄 下 。 如 此 半 月 餘 。 眾 皆 危 之 。 或 用 五 苓 散 。 平 胃 散 。 病 益 甚 。 汪 診 之 。 脈 皆 濡 緩 而 弱 。 曰 此 產 中 勞 力 以 傷 其 胃 也 若 用 湯 藥 愈 滋 胃 濕 非 所 宜 也 今 以 參 苓 白 <cf> 術 </cf> 散 。 除 砂 仁 加 陳 皮 肉 豆 蔻 。 煎 薑 棗 調 服 。 旬 餘 而 安 。 
 
 <marginalia> 
 <sf> 丹 溪 云 泄 瀉 症 最 惡 一 切 湯 飲 石 山 亦 然 所 謂 理 無 二 致 也 </sf> 
 </marginalia>
<formula> 
 調 中 湯     治 產 後 腸 胃 虛 怯 。 冷 氣 乘 之 。 腹 { 脅 } 刺 痛 。 泄 瀉 不 止 。 
 良 薑     當 歸 <sf> 酒 浸 </sf>     肉 桂 <sf> 不 見 火 </sf>     白 芍 <sf> 炒 </sf>     川 芎     附 子 <sf> 炮 去 皮 尖 各 一 兩 </sf>     人 參     甘 草 <sf> 炙           各 半 兩 </sf> 
 右 &lt;x> 咀 ﹐ 每 服 三 錢 水 煎 服 ﹐ 
 </formula> 
 
 <formula> 
 荳 蔻 理 中 丸     治 產 後 元 氣 虛 弱 。 臍 腹 疼 痛 。 泄 瀉 不 止 。 又 治 男 子 脾 胃 虛 弱 。 久 泄 不 止 。 
 
 人 參 <sf> 一 兩 </sf>     白 <cf> 術 </cf> <sf> 二 兩 </sf>     乾 薑 <sf> 炮 </sf>     甘 草 <sf> 炙 各 五 錢 </sf>     肉 豆 蔻 { <sf> 麵 } 裹 煨 七 錢 </sf> 
 </formula></text></document>