<?xml version="1.0" encoding="UTF-8" standalone="yes" ?>
<document>
<header>
<doctitle>
 重訂濟陰綱目 
 </doctitle>
<volume>
 第三冊, 卷 6 
 </volume>
<author>
 武 之 望   (叔卿 ) 
</author>
<date>
 清雍正六年, 1728
 </date>
<currentpage>
 text 15b 
 </currentpage>
<first>
 jiyingkangmu v.3 text4 1a.xml
</first>
<last>
 jiyingkangmu v.3 text6 26b.xml 
</last>
<prev>
 jiyingkangmu v.3 text6 15a.xml 
</prev>
<next>
 jiyingkangmu v.3 text6 16a.xml 
</next>
<image>
 jiyingkangmu v.3 text6 15b.jpg 
</image>
</header><text>
入 藥 。 ○ 一 方 加 白 馬 莖 酥 炙 ○ 一 方 加 附 子 補 相 火 不 足 ○ 一 方 加 麥 門 冬 令 有 人 力 。 ○ 一 方 加 續 斷 以 續 筋 骨 。 ○ 一 方 加 沉 香 煖 下 焦 虛 冷 。 
 
 <formula> 
 神 { 效 } 墨 附 丸         治 婦 人 久 無 子 。 而 經 事 不 調 。 及 數 墮 胎 者 。 服 之 可 立 致 { 效 } 。 
 香 附 <sf> 一 斤 分 四 分 用 米 醋 童 便 <cf> &#30416; </cf> 水 酒 各 浸 一 日 夜 </sf>         綿 艾 <sf> 四 兩 用 米 醋 二 碗 同 香 附 煮 乾 搗 爛 成 餅 新 瓦 焙 乾 </sf>         白 茯 苓         人 參         當 歸         川 芎         熟 地 黃 <sf> 酒 浸 一 宿 </sf>         上 等 徽 墨 <sf> 火 &lt;x> 醋 淬 各 一 兩 </sf>         木 香 <sf> 五 錢 </sf> 
 </formula> 
 右 九 味 各 另 為 末 。 醋 糊 丸 。 如 桐 子 大 。 每 服 五 十 丸 。 空 心 好 酒 下 。 
 <marginalia> 
 <sf> 細 閱 此 方 不 用 芍 藥 而 用 木 香 其 意 在 行 肝 而 不 欲 歛 肝 也 殊 不 知 胎 之 墮 又 苦 於 血 之 行 故 凡 艾 附 之 類 俱 用 醋 製 以 醋 入 肝 有 微 陽 之 氣 又 可 以 調 血 也 其 加 松 <cf> &#28895; </cf> 亦 為 固 血 而 設 耳 其 如 阿 膠 </sf> 
 </marginalia> 
 
<formula> 
 青 蒿 烏 雞 丸         婦 人 服 。 能 令 多 子 。 
 青 蒿 <sf> 即 野 蒿 五 月 採 一 斤 </sf>         香 附 子 <sf> 童 便 <cf> &#30416; </cf> 水 酒 醋 各 浸 四 兩 炒 共 一 斤         </sf> 蘄 艾 <sf> 醋 煮 </sf> 
 </formula></text></document>