<?xml version="1.0" encoding="UTF-8" standalone="yes" ?>
<document>
<header>
<doctitle>
 重訂濟陰綱目 
 </doctitle>
<volume>
 第一冊, 卷 1 
 </volume>
<author>
 武 之 望   (叔卿 ) 
</author>
<date>
 清雍正六年, 1728
 </date>
<currentpage>
 text 16a 
 </currentpage>
<first>
 jiyingkangmu v.1 tp.xml
</first>
<last>
 jiyingkangmu v.1 text1 38b.xml 
</last>
<prev>
 jiyingkangmu v.1 text1 15b.xml 
</prev>
<next>
 jiyingkangmu v.1 text1 16b.xml 
</next>
<image>
 jiyingkangmu v.1 text1 16a.jpg 
</image>
</header><text>
氣 築 小 腹 痛 。 加 玄 索 。 
 
 若 腹 中 刺 痛 。 惡 物 不 下 。 倍 加 當 歸 芍 藥 。 <sf> 再 斟 酌 </sf> 
 
 若 腹 痛 作 聲 。 經 脈 不 快 。 加 熟 地 黃 一 倍 。 <sf> 以 血 虛 寒 故 </sf> 添 桂 心 半 倍 。 
 
 經 行 腹 痛 。 腰 背 痛 。 加 蕓 薹 ﹑ 牛 膝 ﹑ 紅 花 ﹑ 吳 茱 萸 ﹑ 菴 蕑 ﹑ 甘 草 ﹑ 銀 器 <sf> 查 </sf> 燈 心 熱 服 。 
 
 若 經 水 澀 少 。 加 葵 花 煎 。 又 加 紅 花 血 見 愁 。 
 
 若 經 水 少 而 色 和 者 。 倍 加 熟 地 黃 當 歸 。 
 
 若 經 水 暴 下 加 黃 苓 。 若 腹 痛 。 加 黃 連 <sf> 宜 審 慎 </sf> 如 夏 月 不 去 黃 苓 。 
 
 若 經 水 如 黑 豆 汁 者 。 加 黃 苓 黃 連 
 
 經 水 過 多 。 別 無 餘 證 。 宜 黃 苓 六 合 湯 四 物 湯 。 黃 苓 <sf> 亦 好 </sf> 白 朮 等 分 。 
 
 經 血 淋 漓 不 斷 。 加 乾 薑 蓮 房 炒 入 藥 。 <sf> 凡 造 藥 宜 焦 黑 </sf> 
 </text></document>