<?xml version="1.0" encoding="UTF-8" standalone="yes" ?>
<document>
<header>
<doctitle>
 重訂濟陰綱目 
 </doctitle>
<volume>
 第五冊, 卷 9 
 </volume>
<author>
 武 之 望   (叔卿 ) 
</author>
<date>
 清雍正六年, 1728
 </date>
<currentpage>
 text 3a 
 </currentpage>
<first>
 jiyingkangmu v.5 text9 1a.xml
</first>
<last>
 jiyingkangmu v.5 text9 51b.xml
</last>
<prev>
 jiyingkangmu v.5 text9 2b.xml 
</prev>
<next>
 jiyingkangmu v.5 text9 3b.xml 
</next>
<image>
 jiyingkangmu v.5 text9 3a.jpg 
</image>
</header><text>
不 和 。 則 精 神 衰 弱 。 故 邪 毒 之 氣 。 得 以 中 之 。 { 妊 } 娠 病 此 。 亦 致 損 胎 也 。 薛 氏 曰 。 前 證 當 調 補 正 氣 為 善 。 用 金 銀 藤 一 味 。 煎 湯 飲 之 。 
 
 <formula> 
 當 歸 散         治 { 妊 } 娠 中 惡 心 腹 病 痛 。 
 當 歸         丁 香         川 芎 <sf> 各 三 兩 </sf>         青 橘 皮         吳 茱 萸 <sf> 半 兩 去 梗 湯 泡 三 次 炒 黑 </sf> 
 </formula> 
 右 為 細 末 。 溫 酒 調 下 一 錢 。 無 時 。 
 <marginalia> 
 <sf> 溫 行 惡 氣 </sf> 
 </marginalia>
<formula> 
 又 方         生 薑 地 黃 <sf> 一 兩 </sf>         枳 殼         木 香 <sf> 各 七 錢 半 </sf> 
 </formula> 
 右 為 細 末 。 每 服 一 錢 酒 調 下 。 
 
 <formula> 
 又 方         苦 梗 <sf> 一 兩 細 剉 略 炒 </sf>         生 薑 <sf> 半 兩 </sf> 
 </formula> 
 水 煎 服 之 
 
 <formula> 
 散 滯 湯         治 觸 惡 冒 氣 。 傷 胎 。 肚 痛 。 手 不 可 近 。 不 思 飲 食 。 
 青 皮 <sf> 三 錢 </sf>         黃 苓         芍 藥 <sf> 各 二 錢 </sf>         歸 尾 <sf> 一 錢 半 </sf> 
 </formula></text></document>