<?xml version="1.0" encoding="UTF-8" standalone="yes" ?>
<document>
<header>
<doctitle>
 重訂濟陰綱目 
 </doctitle>
<volume>
 第二冊, 卷 3 
 </volume>
<author>
 武 之 望   (叔卿 ) 
</author>
<date>
 清雍正六年, 1728
 </date>
<currentpage>
 text 2a 
 </currentpage>
<first>
 jiyingkangmu v.2 text2 1a.xml
</first>
<last>
 jiyingkangmu v.2 text3 26b.xml 
</last>
<prev>
 jiyingkangmu v.2 text3 1b.xml 
</prev>
<next>
 jiyingkangmu v.2 text3 2b.xml 
</next>
<image>
 jiyingkangmu v.2 text3 2a.jpg 
</image>
</header><text>
月 水 閉 塞 不 通 。 其 餘 二 者 。 文 缺 不 載 。 而 仲 景 所 說 三 十 六 種 疾 。 皆 由 子 臟 冷 熱 勞 損 而 夾 下 起 於 陰 內 也 。 
 <marginalia> 
 <sf> 胞 門 子 戶 即 子 宮 俗 所 謂 兒 腸 也 其 傳 臟 有 徵 傳 腑 無 症 豈 二 而 一 與 又 曰 病 生 于 帶 則 臟 腑 之 說 似 &lt;x> 空 文 蓋 以 帶 <cf> &#33033; </cf> 管 束 諸 經 故 總 結 之 究 其 治 一 也 </sf> 
 </marginalia> 
 
 ○ 論 帶 下 五 色 。 因 風 邪 入 於 胞 門 。 
 良 方 云 。 婦 人 帶 下 。 其 名 有 五 。 因 經 行 產 後 。 風 邪 入 胞 門 。 傳 於 臟 腑 而 致 之 。 若 傷 足 厥 陰 肝 經 。 色 如 青 泥 。 傷 手 少 陰 心 經 。 色 如 紅 津 。 傷 手 太 陰 肺 經 。 形 如 白 涕 。 傷 足 太 陰 脾 經 。 黃 如 爛 瓜 。 傷 足 少 陰 腎 經 。 黑 如 衃 血 。 人 有 帶 <cf> &#33033; </cf> 橫 於 腰 間 。 如 束 帶 之 狀 。 病 生 於 此 。 故 名 為 帶 。 
 
 李 氏 曰 。 平 時 陰 陽 過 多 。 及 產 後 亡 血 下 虛 。 風 邪 乘 虛 入 於 胞 絡 。 宜 煖 宮 丸 。 
 <marginalia> 
 <sf> 心 包 絡 與 胞 門 不 同 其 曰 煖 宮 </sf> 
 </marginalia> 
 加 薑 附 吳 茱 萸 。 或 黃 蓍 建 中 湯 。 去 桂 加 當 歸 。 水 煎 吞 苦 練 丸 。 ○ 白 帶 兼 痛 風 者 。 二 陳 湯 加 蒼 柏 南 星 牛 膝 川 芎 。 兼 頭 風 鼻 涕 者 。 蒼 柏 辛 芎 散 。 
 <marginalia> 
 <sf> 即 非 包 絡 豈 胞 門 與 包 絡 同 也 白 帶 痛 風 以 下 兩 方 皆 丹 溪 所 定 </sf> 
 </marginalia> 
 </text></document>