<?xml version="1.0" encoding="UTF-8" standalone="yes" ?>
<document>
<header>
<doctitle>
 重訂濟陰綱目 
 </doctitle>
<volume>
 第四冊, 卷 8 
 </volume>
<author>
 武 之 望   (叔卿 ) 
</author>
<date>
 清雍正六年, 1728
 </date>
<currentpage>
 text 3a 
 </currentpage>
<first>
 jiyingkangmu v.4 text7 1a.xml
</first>
<last>
 jiyingkangmu v.4 text8 44b.xml 
</last>
<prev>
 jiyingkangmu v.4 text8 2b.xml 
</prev>
<next>
 jiyingkangmu v.4 text8 3b.xml 
</next>
<image>
 jiyingkangmu v.4 text8 3a.jpg 
</image>
</header><text>
物 。 乃 肝 臟 不 能 養 胎 而 虛 也 。 ○ 有 孕 八 九 個 月 必 用 順 氣 。 須 用 枳 殼 紫 蘇 梗 。 
     
 ○ 孕 婦 食 忌   
 雞 肉 合 糯 米 食 。 令 子 生 寸 白 蟲 ○ 食 犬 肉 。 令 子 無 聲 。 ○ 鯉 魚 同 雞 子 食 。 令 子 生 疳 。 多 瘡 。 ○ 食 兔 肉 。 令 子 缺 唇 。 ○ 食 羊 肝 令 子 多 厄 。 ○ 食 鱉 肉 。 令 子 項 短 。 縮 頭 。 ○ 雞 子 與 桑 椹 同 食 令 子 倒 生 。 心 寒 。 ○ 鮮 魚 同 田 雞 食 。 令 子 瘖 啞 ○ 雀 肉 。 同 豆 醬 食 。 令 子 面 生 &lt;x> [ 皯 ] 黯 黑 子 。 ○ 食 螃 蟹 。 令 子 橫 生 。 ○ 食 生 薑 。 令 子 多 指 ○ 食 水 漿 。 令 絕 產 。 ○ 食 雀 肉 飲 酒 。 令 子 多 淫 無 恥 。 ○ 食 茨 菰 。 消 胎 氣 。 ○ 食 驢 馬 肉 。 過 月 難 產 。 ○ 豆 醬 合 藿 香 食 之 。 墮 胎 。 ○ 食 山 羊 肉 。 令 子 多 病 。 ○ 食 鰍 鱔 無 鱗 魚 。 難 產 。 ○ 食 諸 般 菌 。 生 字 驚 風 而 夭 。 ○ 食 雀 腦 。 令 子 患 雀 目 。 
 </text></document>