<?xml version="1.0" encoding="UTF-8" standalone="yes" ?>
<document>
<header>
<doctitle>
 重訂濟陰綱目 
 </doctitle>
<volume>
 第四冊, 卷 8 
 </volume>
<author>
 武 之 望   (叔卿 ) 
</author>
<date>
 清雍正六年, 1728
 </date>
<currentpage>
 text 42a 
 </currentpage>
<first>
 jiyingkangmu v.4 text7 1a.xml
</first>
<last>
 jiyingkangmu v.4 text8 44b.xml 
</last>
<prev>
 jiyingkangmu v.4 text8 41b.xml 
</prev>
<next>
 jiyingkangmu v.4 text8 42b.xml 
</next>
<image>
 jiyingkangmu v.4 text8 42a.jpg 
</image>
</header><text>
天 仙 藤 散 。 脾 胃 虛 弱 。 兼 四 君 子 湯 。 如 未 應 。 用 補 中 益 氣 湯 。 若 脾 肺 氣 滯 。 用 加 味 歸 脾 湯 。 佐 以 加 味 逍 遙 散 。 
 
 <formula> 
 白 朮 散         治 { 妊 } 娠 面 目 虛 浮 。 四 肢 腫 如 水 氣 。 名 曰 水 腫 。 
 白 朮 <sf> 二 錢 半 </sf>         茯 苓 <sf> 一 錢 半 皮 </sf>         陳 皮         生 薑 皮         大 腹 皮         桑 白 皮 <sf> 一 錢 </sf> 
 </formula> 
 右 剉 水 煎 服 。 或 為 細 末 。 每 服 三 錢 。 米 飲 調 下 ○ 本 方 去 白 朮 名 五 皮 散 。 <sf> 或 加 木 香 </sf> 
 <marginalia> 
 <sf> 子 腫 與 子 氣 相 類 然 子 氣 任 下 体 子 腫 在 頭 面 須 識 之 </sf> 
 </marginalia> 
 
<formula> 
 木 通 散         治 { 妊 } 娠 身 體 浮 腫 。 四 肢 脹 急 。 小 便 不 利 。 
 木 通         香 薷         紫 蘇 莖 葉 <sf> 各 一 錢 </sf>         枳 殼 { <sf> 麵 } 炒 </sf>         檳 榔         條 苓 <sf> 各 五 分 </sf>         木 香         訶 子 皮 <sf> 各 三 分 </sf> 
 </formula> 
 右 剉 。 加 生 薑 三 片 。 水 煎 。 食 前 服 。 
 </text></document>