<?xml version="1.0" encoding="UTF-8" standalone="yes" ?>
<document>
<header>
<doctitle>
 重訂濟陰綱目 
 </doctitle>
<volume>
 第三冊, 卷 5 
 </volume>
<author>
 武 之 望   (叔卿 ) 
</author>
<date>
 清雍正六年, 1728
 </date>
<currentpage>
 text 3a 
 </currentpage>
<first>
 jiyingkangmu v.3 text4 1a.xml
</first>
<last>
 jiyingkangmu v.3 text6 26b.xml 
</last>
<prev>
 jiyingkangmu v.3 text5 2b.xml 
</prev>
<next>
 jiyingkangmu v.3 text5 3b.xml 
</next>
<image>
 jiyingkangmu v.3 text5 3a.jpg 
</image>
</header><text>
舉 重 移 輕 。 汗 出 交 流 。 氣 血 未 平 。 而 卒 以 恚 怒 致 腹 中 猥 咽 不 洩 。 經 脈 攣 急 。 內 結 不 舒 。 煩 懣 少 力 。 氣 上 達 。 胸 膈 背 膂 。 少 腹 壅 急 。 月 水 與 氣 俱 不 通 利 。 而 反 以 飲 清 快 心 。 月 水 橫 流 。 溢 入 他 臟 不 去 。 有 熱 則 生 燥 瘕 之 聚 。 大 如 半 杯 。 上 下 腹 中 。 苦 痛 連 兩 { 脅 } 。 下 上 引 心 而 煩 。 害 飲 食 欲 嘔 吐 。 胸 及 腹 中 不 得 太 息 。 腰 背 重 。 喜 臥 。 盜 汗 。 足 痠 削 。 久 立 而 痛 。 小 便 失 時 。 忽 然 自 出 。 若 失 精 。 月 水 閉 塞 。 大 便 澀 難 。 病 如 此 者 。 其 人 少 子 。 療 之 以 長 鍼 。 按 而 刺 之 。 法 度 。 行 以 毒 藥 。 瘕 當 下 即 愈 。 
 
 血 瘕 者 。 婦 人 月 水 新 下 。 未 滿 日 數 而 中 止 因 飲 食 過 度 。 五 穀 氣 盛 。 溢 入 他 臟 若 大 饑 寒 。 吸 吸 不 足 。 呼 吸 未 調 。 而 自 勞 動 。 血 下 未 定 。 左 右 走 。 腸 胃 之 間 。 留 絡 不 去 。 內 有 寒 熱 。 與 月 水 合 會 。 為 血 瘕 之 聚 。 令 腰 痛 不 可 俛 仰 。 橫 骨 下 有 積 氣 。 牢 如 石 。 小 腹 裏 急 。 苦 痛 。 背 膂 疼 。 &lt;x> 
 </text></document>