<?xml version="1.0" encoding="UTF-8" standalone="yes" ?>
<document>
<header>
<doctitle>
 重訂濟陰綱目 
 </doctitle>
<volume>
 第二冊, 卷 3 
 </volume>
<author>
 武 之 望   (叔卿 ) 
</author>
<date>
 清雍正六年, 1728
 </date>
<currentpage>
 text 14a 
 </currentpage>
<first>
 jiyingkangmu v.2 text2 1a.xml
</first>
<last>
 jiyingkangmu v.2 text3 26b.xml 
</last>
<prev>
 jiyingkangmu v.2 text3 13b.xml 
</prev>
<next>
 jiyingkangmu v.2 text3 14b.xml 
</next>
<image>
 jiyingkangmu v.2 text3 14a.jpg 
</image>
</header><text>
<formula>以 醋 水 各 半 升 。 煮 十 餘 沸 去 &lt;x> 。 食 前 稍 熱 服 一 合 。 ○ 本 草 注 云 地 榆 主 帶 下 十 二 病 。 一 曰 多 赤 。 二 曰 多 白 。 三 曰 月 水 不 通 。 四 曰 陰 蝕 五 曰 子 臟 堅 六 曰 子 門 澼 七 曰 合 陰 陽 患 痛 八 曰 小 腹 寒 痛 九 曰 子 門 閉 十 曰 子 宮 冷 。 十 一 曰 夢 與 鬼 交 。 十 二 曰 五 臟 五 定 。 </formula> 
 <marginalia> 
 <sf> 此 下 部 濇 劑 然 以 三 兩 醋 煎 自 得 <cf> &#21333; </cf> 方 用 法 果 能 治 十 二 症 亦 一 家 病 也 </sf> 
 </marginalia> 
 
 ○ 治 虛 損 帶 下 
 <formula> 
 衛 生 湯         治 帶 下 不 止 。 <cf> &#33033; </cf> 微 弱 腹 痛 。 
 黃 &lt;x> <sf> 三 兩 </sf>         當 歸         白 芍 藥 <sf> 炒 各 二 兩 </sf>         甘 草 <sf> 炙 一 兩 </sf> 
 </formula> 
 右 為 粗 末 。 每 服 半 兩 。 水 煎 空 心 服 。 ○ 一 方 下 苦 練 丸 三 十 粒 。 虛 者 加 人 參 一 兩 。 
 <marginalia> 
 <sf> 以 下 皆 以 正 氣 為 本 此 亦 建 中 法 
 以 腹 痛 故 兼 苦 練 丸 </sf> 
 </marginalia> 
 
<formula> 
 補 中 益 氣 湯         治 勞 役 過 度 。 飲 食 不 節 。 損 傷 脾 胃 。 以 致 陽 氣 下 陷 。 
 </formula></text></document>