<?xml version="1.0" encoding="UTF-8" standalone="yes" ?>
<document>
<header>
<doctitle>
 重訂濟陰綱目 
 </doctitle>
<volume>
 第四冊, 卷 7 
 </volume>
<author>
 武 之 望   (叔卿 ) 
</author>
<date>
 清雍正六年, 1728
 </date>
<currentpage>
 text 1b 
 </currentpage>
<first>
 jiyingkangmu v.4 text7 1a.xml
</first>
<last>
 jiyingkangmu v.4 text8 44b.xml 
</last>
<prev>
 jiyingkangmu v.4 text7 1a.xml 
</prev>
<next>
 jiyingkangmu v.4 text7 2a.xml 
</next>
<image>
 jiyingkangmu v.4 text7 1b.jpg 
</image>
</header><text>
<marginalia> 
 <sf> 觀 椒 仁 丸 可 想 矣 </sf> 
 </marginalia> 
 
 血 化 為 水 。 名 曰 血 分 。 宜 椒 仁 丸 治 之 。 若 先 浮 腫 。 後 經 水 不 通 。 此 水 化 為 血 。 名 曰 水 分 。 宜 用 葶 藶 丸 治 之 。 此 屬 形 氣 不 足 。 邪 淫 隧 道 必 用 此 藥 以 宣 導 其 邪 。 而 佐 以 補 轉 元 氣 之 劑 。 庶 使 藥 力 有 所 仗 而 行 。 則 邪 自 不 能 容 。 而 真 氣 亦 不 至 於 復 傷 矣 大 凡 月 水 不 通 。 凝 結 於 內 。 久 而 變 為 血 瘕 。 血 水 相 并 。 亦 為 水 腫 。 
 <marginalia> 
 <sf> 血 凝 成 瘕 因 而 致 腫 當 知 此 症 </sf> 
 </marginalia> 
 
 李 氏 曰 經 水 斷 而 後 腫 。 名 曰 血 分 。 乃 瘀 血 化 水 閉 塞 胞 門 。 比 水 腫 更 難 治 。 但 能 調 其 經 。 則 水 自 消 。 小 調 經 散 。 葶 歸 丸 。 先 浮 腫 而 後 經 水 不 通 。 名 曰 水 分 。 乃 脾 不 能 制 血 。 與 水 并 浮 。 飢 [ 肌 ] 肉 為 之 虛 腫 。 紅 礬 丸 。 通 用 腎 氣 丸 。 水 分 。 君 澤 瀉 加 防 己 葶 藶 。 水 通 血 分 。 君 牡 丹 皮 加 牛 膝 紅 花 。 有 經 閉 <cf> &#33050; </cf> 腫 者 。 桑 白 皮 散 。 
 <marginalia> 
 <sf> 腎 虛 則 水 不 利 而 散 溢 妄 行 故 用 腎 氣 丸 加 減 </sf> 
 </marginalia> 
 
 ○ 治 方 
 </text></document>