<?xml version="1.0" encoding="UTF-8" standalone="yes" ?>
<document>
<header>
<doctitle>
 重訂濟陰綱目 
 </doctitle>
<volume>
 第二冊, 卷 3 
 </volume>
<author>
 武 之 望   (叔卿 ) 
</author>
<date>
 清雍正六年, 1728
 </date>
<currentpage>
 text 23b 
 </currentpage>
<first>
 jiyingkangmu v.2 text2 1a.xml
</first>
<last>
 jiyingkangmu v.2 text3 26b.xml 
</last>
<prev>
 jiyingkangmu v.2 text3 23a.xml 
</prev>
<next>
 jiyingkangmu v.2 text3 24a.xml 
</next>
<image>
 jiyingkangmu v.2 text3 23b.jpg 
</image>
</header><text>
盡 。 煎 白 沸 湯 放 溫 送 下 。 無 令 胃 中 停 住 。 待 少 時 以 早 膳 壓 之 。 是 不 令 熱 藥 犯 胃 。 忌 生 冷 硬 物 。 與 酒 <cf> &#28287; </cf> 麵 。 
 <marginalia> 
 <sf> 得 一 種 涇 湋 </sf> 
 </marginalia> 
 
<formula> 
 一 方         治 赤 白 帶 下 。 不 問 遠 年 近 日 。 並 皆 治 之 。 
 龍 骨 <sf> 半 兩 </sf>         舶 上 硫 黃 <sf> 三 錢 </sf> 
 </formula> 
 右 為 細 末 。 每 服 半 錢 。 空 心 無 灰 酒 下 。 
 <marginalia> 
 <sf> 大 溫 下 元 之 寒 <cf> &#28287; </cf> 惟 久 痛 虛 寒 者 宜 之 若 為 丸 服 更 佳 恐 其 僭 上 也 </sf> 
 </marginalia> 
 
<formula> 
 茅 花 散         治 婦 人 血 崩 不 止 。 赤 白 帶 下 。 
 茅 花 <sf> 一 握 </sf>         { 棕 } 櫚 皮 <sf> 三 寸 </sf>         嫩 荷 葉 <sf> 三 張 </sf>         甘 草 節 <sf> 二 寸 </sf> 
 </formula> 
 右 為 細 末 。 空 心 酒 調 半 匙 服 。 
 <marginalia> 
 <sf> 此 方 自 是 血 崩 藥 當 入 血 崩 證 </sf> 
 </marginalia> 
 
<formula> 
 雙 白 丸         治 白 帶 如 神 
 石 灰 <sf> 一 兩 </sf>         白 茯 苓 <sf> 二 兩 </sf> 
 </formula> 
 右 為 末 。 水 丸 如 桐 子 大 。 每 服 三 十 丸 。 空 心 白 水 下 。 
 <marginalia> 
 <sf> 燥 <cf> &#28287; </cf> 滲 溫 </sf> 
 </marginalia> 
 </text></document>