<?xml version="1.0" encoding="UTF-8" standalone="yes" ?>
<document>
<header>
<doctitle>
 重訂濟陰綱目 
 </doctitle>
<volume>
 第六冊, 卷 10 
 </volume>
<author>
 武 之 望   (叔卿 ) 
</author>
<date>
 清雍正六年, 1728
 </date>
<currentpage>
 text 19a 
 </currentpage>
<first>
 jiyingkangmu v.6 text10 1a.xml
</first>
<last>
 jiyingkangmu v.6 text11 38b.xml
</last>
<prev>
 jiyingkangmu v.6 text10 18b.xml 
</prev>
<next>
 jiyingkangmu v.6 text10 19b.xml 
</next>
<image>
 jiyingkangmu v.6 text10 19a.jpg 
</image>
</header><text>
龜 殼 散                     治 交 骨 不 開 不 能 生 產 
 <formula> 
 當 歸             川 芎 <sf> 各 一 兩 </sf>             敗 龜 板 <sf> 一 個 酥 炙 </sf>             婦 人 頭 髮 <sf> 生 長 過 者 一 握 燒 有 性 </sf> 
 </formula> 
 右 為 散 。 每 服 五 錢 。 水 煎 服 。 約 人 行 五 里 。 即 生 。 如 胎 死 不 下 。 灼 過 龜 板 亦 可 。 
 
 ○ 治 胎 死 腹 中 
 烏 金 散                     治 難 產 或 熱 病 。 胎 死 腹 中 。 或 因 顛 仆 。 或 從 高 墜 下 。 或 房 室 驚 搐 。 或 臨 產 驚 動 太 早 。 觸 犯 禁 忌 。 或 產 時 未 到 。 經 行 先 下 。 惡 露 已 盡 。 致 胎 乾 子 死 。 身 冷 不 能 自 出 。 但 視 產 母 面 赤 舌 青 。 是 其 候 也 。 面 青 舌 赤 。 母 死 子 活 唇 青 吐 沫 。 子 母 俱 斃 。 又 有 雙 胎 。 或 一 死 一 活 。 其 候 難 知 。 臨 時 觀 變 可 也 。 
 <formula> </formula>
 </text></document>