<?xml version="1.0" encoding="UTF-8" standalone="yes" ?>
<document>
<header>
<doctitle>
 重訂濟陰綱目 
 </doctitle>
<volume>
 第六冊, 卷 11 
 </volume>
<author>
 武 之 望   (叔卿 ) 
</author>
<date>
 清雍正六年, 1728
 </date>
<currentpage>
 text 3a 
 </currentpage>
<first>
 jiyingkangmu v.6 text10 1a.xml
</first>
<last>
 jiyingkangmu v.6 text11 38b.xml
</last>
<prev>
 jiyingkangmu v.6 text11 2b.xml 
</prev>
<next>
 jiyingkangmu v.6 text11 3b.xml 
</next>
<image>
 jiyingkangmu v.6 text11 3a.jpg 
</image>
</header><text>
仲 景 云 問 新 產 婦 人 有 三 病 一 者 病 痙 二 者 病 鬱 胃 三 者 大 便 難 何 謂 也 斷 曰 新 產 血 虛 多 汗 出 喜 中 風 故 令 病 痙 亡 血 復 汗 寒 多 故 令 鬱 胃 亡 津 液 胃 燥 故 大 便 難 <sf> 產 婦 鬱 胃 即 今 世 所 謂 血 暈 也 </sf> 
 <marginalia> 
 <sf> 讀 此 則 知 痙 症 亦 有 外 來 不 可 專 主 氣 血 不 足 而 驟 用 補 劑 反 致 不 救 也 </sf> 
 </marginalia> 
 ○ 產 後 諸 忌 
 <marginalia> 
 <sf> 至 言 </sf> 
 </marginalia> 
 千 金 云 凡 產 後 滿 百 日 乃 可 會 合 不 爾 至 死 虛 嬴 百 疾 滋 長 慎 之 凡 婦 人 患 風 氣 臍 下 虛 冷 莫 不 由 此 早 行 房 故 也 ○ 產 後 七 日 內 惡 血 未 盡 不 可 服 湯 候 臍 下 塊 散 乃 進 羊 肉 湯 有 痛 甚 切 者 不 在 此 例 候 二 三 日 消 息 可 服 澤 蘭 丸 此 至 滿 月 丸 藥 盡 為 佳 不 爾 。 虛 損 不 可 平 復 也 至 極 消 瘦 不 可 救 者 服 五 石 澤 蘭 丸 補 之 服 法 必 七 日 之 外 不 得 早 服 也 ○ 凡 婦 人 因 暑 月 產 乳 取 涼 太 多 得 風 冷 腹 中 積 聚 百 疾 競 起 迄 至 於 死 百 方 病 不 能 差 桃 仁 煎 主 之 出 蓐 
 <marginalia> 
 <sf> 不 可 服 湯 謂 不 可 服 補 氣 之 劑 故 羊 肉 湯 亦 俟 塊 散 後 服 </sf> 
 </marginalia> 
 </text></document>