<?xml version="1.0" encoding="UTF-8" standalone="yes" ?>
<document>
<header>
<doctitle>
 重訂濟陰綱目 
 </doctitle>
<volume>
 第三冊, 卷 6 
 </volume>
<author>
 武 之 望   (叔卿 ) 
</author>
<date>
 清雍正六年, 1728
 </date>
<currentpage>
 text 14a 
 </currentpage>
<first>
 jiyingkangmu v.3 text4 1a.xml
</first>
<last>
 jiyingkangmu v.3 text6 26b.xml 
</last>
<prev>
 jiyingkangmu v.3 text6 13b.xml 
</prev>
<next>
 jiyingkangmu v.3 text6 14b.xml 
</next>
<image>
 jiyingkangmu v.3 text6 14a.jpg 
</image>
</header><text>
用 醋 煮 米 糊 。 同 雞 肉 大 杓 內 搗 極 細 為 丸 。 如 桐 子 大 。 每 服 四 五 十 丸 漸 至 八 九 十 丸 。 空 心 清 水 飲 下 。 ○ 如 月 信 先 期 而 至 者 。 加 黃 苓 地 骨 皮 黃 連 各 一 兩 半 。 清 水 飲 下 。 ○ 如 月 信 後 期 而 至 者 。 加 黃 蓍 一 兩 人 參 白 朮 各 一 兩 半 。 溫 酒 或 淡 鹽 湯 下 。 ○ 如 白 帶 者 加 蒼 朮 白 朮 升 麻 白 芷 各 一 兩 半 淡 薑 下 。 
 <marginalia> 
 <sf> 此 方 加 法 服 法 尤 為 精 當 可 觀 諸 方 而 <cf> &#21464; </cf> 通 之 理 又 頭 頭 是 道 矣 翫 之 玩 之 </sf> 
 </marginalia> 
 
<formula> 
 百 子 建 中 湯         女 人 服 此 藥 。 調 經 養 血 。 安 胎 順 氣 。 不 問 胎 前 產 後 。 月 事 參 差 。 有 餘 不 足 。 諸 證 悉 皆 治 之 。 
 當 歸 <sf> 酒 洗 </sf>         南 川 芎         白 芍 藥 <sf> 酒 炒 </sf>         熟 地 黃 <sf> 姜 汁 浸 焙 </sf>         真 阿 膠 <sf> 蛤 粉 炒 成 珠 </sf>         鄿 艾 葉 <sf> 醋 煮 各 一 兩 </sf> 
 </formula> 
 右 為 細 末 。 煉 蜜 丸 如 桐 子 大 。 每 服 八 十 丸 。 空 心 百 沸 湯 點 醋 少 許 下 。 內 寒 者 溫 酒 下 。 
 <marginalia> 
 <sf> 以 姜 汁 浸 地 黃 以 醋 煮 艾 者 有 竅 妙 等 分 亦 是 一 法 
 服 法 須 知 </sf> 
 </marginalia> 
 </text></document>