<?xml version="1.0" encoding="UTF-8" standalone="yes" ?>
<document>
<header>
<doctitle>
 重訂濟陰綱目 
 </doctitle>
<volume>
 第三冊, 卷 6 
 </volume>
<author>
 武 之 望   (叔卿 ) 
</author>
<date>
 清雍正六年, 1728
 </date>
<currentpage>
 text 12b 
 </currentpage>
<first>
 jiyingkangmu v.3 text4 1a.xml
</first>
<last>
 jiyingkangmu v.3 text6 26b.xml 
</last>
<prev>
 jiyingkangmu v.3 text6 12a.xml 
</prev>
<next>
 jiyingkangmu v.3 text6 13a.xml 
</next>
<image>
 jiyingkangmu v.3 text6 12b.jpg 
</image>
</header><text>
○ 若 過 期 而 經 水 色 淡 者 加 官 桂 炒 乾 薑 熟 艾 各 二 錢 ○ 若 先 期 。 三 四 日 。 色 紫 者 。 加 條 苓 三 錢 。 
 
 <formula> 
 經 驗 育 胎 丸         治 婦 人 久 無 子 嗣 。 服 此 經 調 血 盛 。 子 宮 溫 煖 成 孕 。 孕 後 服 之 。 可 保 胎 氣 堅 固 。 
 當 歸 <sf> 酒 浸 </sf>         熟 地 黃 <sf> 酒 蒸 </sf>         白 朮         香 附 <sf> 各 四 兩 </sf>         砂 仁 <sf> 三 兩 </sf>         芍 藥 <sf> 酒 炒 </sf>         川 芎         川 續 斷 <sf> 酒 洗 </sf>         陳 皮         黃 苓 <sf> 酒 炒 各 二 兩 </sf> 
 </formula> 
 右 為 細 末 。 糯 米 糊 丸 。 如 桐 子 大 。 每 服 七 八 十 丸 。 空 心 淡 醋 湯 下 。 酒 亦 可 。 以 乾 物 壓 之 。 
 <marginalia> 
 <sf> 妙 在 調 氣 </sf> 
 </marginalia> 
 
<formula> 
 婦 人 歸 附 丸         不 但 種 子 。 且 無 小 產 。 產 後 諸 證 。 
 香 附 子 <sf> 大 者 砂 確 內 醋 煮 極 熟 水 洗 焙 乾 為 末 一 觔 </sf> 
 當 歸 <sf> 大 者 去 <cf> 蘆 </cf> 稍 用 身 酒 洗 切 片 焙 乾 為 末 十 兩 </sf> 
 <marginalia> 
 <sf> 二 味 簡 切 尤 妙 在 鹿 角 屑 </sf> 
 </marginalia> 
 </formula></text></document>