<?xml version="1.0" encoding="UTF-8" standalone="yes" ?>
<document>
<header>
<doctitle>
 重訂濟陰綱目 
 </doctitle>
<volume>
 第五冊, 卷 9 
 </volume>
<author>
 武 之 望   (叔卿 ) 
</author>
<date>
 清雍正六年, 1728
 </date>
<currentpage>
 text 23b 
 </currentpage>
<first>
 jiyingkangmu v.5 text9 1a.xml
</first>
<last>
 jiyingkangmu v.5 text9 51b.xml
</last>
<prev>
 jiyingkangmu v.5 text9 23a.xml 
</prev>
<next>
 jiyingkangmu v.5 text9 24a.xml 
</next>
<image>
 jiyingkangmu v.5 text9 23b.jpg 
</image>
</header><text>
白 。 乃 子 令 母 虛 。 須 補 脾 胃 。 若 黃 而 兼 黑 。 是 水 反 侮 土 矣 。 必 溫 補 脾 胃 。 若 黃 而 煎 赤 。 乃 心 母 益 子 。 但 用 補 中 益 氣 。 若 腸 胃 虛 弱 。 風 邪 客 之 。 用 胃 風 湯 。 或 胎 氣 不 安 。 急 補 脾 胃 。 而 自 安 矣 。 凡 安 胎 之 藥 。 當 臨 病 制 宜 。 不 必 拘 用 阿 膠 艾 葉 之 類 。 
 
 地 官 胡 成 甫 之 內 。 { 妊 } 娠 久 痢 。 自 用 消 導 理 氣 之 劑 。 腹 內 重 墜 。 胎 氣 不 安 。 又 用 阿 膠 艾 葉 之 類 。 不 應 。 余 曰 。 腹 重 墜 下 。 元 氣 虛 也 。 胎 動 不 安 。 內 熱 盛 也 。 遂 用 補 中 益 氣 湯 而 安 。 又 用 六 君 子 湯 全 愈 。 
 <marginalia> 
 <sf> 重 墜 起 於 久 病 故 為 下 元 氣 虛 而 以 補 中 六 君 治 之 若 非 久 病 者 猶 可 以 安 胎 為 主 也 </sf> 
 </marginalia> 
 
 壺 仙 翁 治 湯 總 兵 夫 人 。 { 妊 } 娠 病 痢 不 止 。 翁 診 其 脈 。 虛 而 滑 。 兩 關 若 濇 。 此 由 胎 氣 不 和 。 相 火 炎 上 而 有 熱 。 似 痢 寔 非 痢 也 。 乃 用 黃 苓 白 朮 以 安 胎 。 四 物 生 地 黃 以 調 血 。 數 劑 而 安 。 
 
 <formula> 
 白 朮 湯 <sf> 一 名 三 物 湯 </sf>         治 孕 婦 下 痢 膿 血 
 </formula></text></document>