<?xml version="1.0" encoding="UTF-8" standalone="yes" ?>
<document>
<header>
<doctitle>
 重訂濟陰綱目 
 </doctitle>
<volume>
 第三冊, 卷 5 
 </volume>
<author>
 武 之 望   (叔卿 ) 
</author>
<date>
 清雍正六年, 1728
 </date>
<currentpage>
 text 1a 
 </currentpage>
<first>
 jiyingkangmu v.3 text4 1a.xml
</first>
<last>
 jiyingkangmu v.3 text6 26b.xml 
</last>
<prev>
 jiyingkangmu v.3 text4 23b.xml 
</prev>
<next>
 jiyingkangmu v.3 text5 1b.xml 
</next>
<image>
 jiyingkangmu v.3 text5 1a.jpg 
</image>
</header><text>
濟 陰 綱 目 卷 之 五 
 
 吳 興 金 德 生 閬 風 父 輯 著         錢 塘 查 學 淳 用 拙 父 訂 正 
 西 陵 汪 淇 憺 漪 子 箋 釋                 天 都 查 望 于 周 父 參 閱 
 
 
 積 聚 癥 瘕 
 
 ○ 論 婦 人 諸 積 形 狀 
 準 繩 云 。 大 全 。 良 方 分 &lt;x> 癖 諸 氣 。 疝 瘕 。 八 瘕 。 腹 中 瘀 血 癥 。 痞 
 食 癥 。 血 癥 。 凡 七 門 。 &lt;x> 者 在 腹 內 。 近 臍 左 右 。 各 有 一 條 筋 脈 急 
 <marginalia> 
 <sf> 外 有 腸 覃 石 瘕 疝 瘕 三 症 亦 當 與 此 條 { 參 } 看 
 按 七 門 之 中 而 瘕 有 八 其 疝 氣 或 聚 或 散 &lt;x> 癖 之 與 痛 俱 見 不 痛 則 隱 亦 可 與 癖 並 稱 則 八 瘕 之 外 又 有 三 積 矣 又 男 </sf> 
 </marginalia> 
 痛 。 大 者 如 臂 。 次 者 如 指 。 因 氣 而 成 。 如 弦 之 狀 。 故 名 曰 &lt;x> 。 癖 者 。 僻 在 兩 肋 之 間 。 有 時 而 痛 。 故 名 曰 癖 。 疝 者 。 痛 也 。 瘕 者 。 假 也 。 其 結 聚 浮 假 而 痛 。 推 移 乃 動 也 。 八 瘕 者 。 黃 瘕 。 青 瘕 。 燥 瘕 。 血 瘕 。 脂 瘕 。 狐 瘕 。 蛇 瘕 。 鱉 瘕 。 積 在 腹 內 。 或 腸 胃 之 間 。 與 臟 氣 結 搏 堅 牢 。 雖 推 之 不 移 。 名 曰 癥 。 言 其 病 形 。 可 
 </text></document>