<?xml version="1.0" encoding="UTF-8" standalone="yes" ?>
<document>
<header>
<doctitle>
 重訂濟陰綱目 
 </doctitle>
<volume>
 第一冊, 卷 1 
 </volume>
<author>
 武 之 望   (叔卿 ) 
</author>
<date>
 清雍正六年, 1728
 </date>
<currentpage>
 text 14a 
 </currentpage>
<first>
 jiyingkangmu v.1 tp.xml
</first>
<last>
 jiyingkangmu v.1 text1 38b.xml 
</last>
<prev>
 jiyingkangmu v.1 text1 13b.xml 
</prev>
<next>
 jiyingkangmu v.1 text1 14b.xml 
</next>
<image>
 jiyingkangmu v.1 text1 14a.jpg 
</image>
</header><text>
<marginalia> 
 <sf> 苓 </sf> 
 </marginalia> 
 病 證 之 變 。 治 法 殊 常 。 故 記 之 。 
 
 ○ <cf> &#33033; </cf> 法 
 <cf> &#33033; </cf> 經 曰 。 尺 &#33033; 滑 。 血 氣 實 。 婦 人 經 <cf> &#33033; </cf> 不 利 。 ○ 少 陰 <cf> &#33033; </cf> 弱 而 微 。 微 則 少 血 。 ○ 寸 口 <cf> &#33033; </cf> 浮 而 弱 。 浮 則 為 虛 弱 則 無 血 。 ○ <cf> &#33033; </cf> 來 至 。 狀 如 琴 弦 。 若 少 腹 痛 。 主 月 水 不 利 。 孔 竅 生 瘡 。 ○ 肝 <cf> &#33033; </cf> 沉 。 主 月 水 不 利 。 腰 腹 痛 。 ○ 尺 <cf> &#33033; </cf> 來 而 斷 續 者 。 月 水 不 利 。 當 患 小 腹 引 腰 痛 。 氣 滯 上 攻 胸 臆 也 。 ○ 經 不 通 。 繞 臍 寒 疝 痛 。 其 <cf> &#33033; </cf> 沉 緊 。 此 由 寒 氣 客 與 血 室 。 血 凝 不 行 。 結 積 為 氣 所 衝 。 新 血 與 故 血 相 搏 故 痛 。 
 <marginalia> 
 <sf> 滑 為 氣 血 有 餘 故 曰 實 ○ 微 弱 為 血 不 足 浮 弱 亦 然 ○ 弦 也 沉 也 斷 還 也 皆 主 痛 而 不 利 而 孔 竅 生 瘡 上 攻 胸 臆 當 別 之 
 沉 緊 為 寒 在 血 分 </sf> 
 </marginalia> 
 
 ○ 調 經 通 用 諸 方 
 四 物 湯         治 婦 人 衝 任 虛 損 月 水 不 調 。 經 病 。 或 前 或 後 。 或 多 或 少 。 或 臍 腹 病 痛 。 或 腰 足 中 痛 。 或 崩 中 漏 下 。 及 胎 前 產 後 諸 證 。 常 服 
 <marginalia> 
 <sf> 此 部 加 法 便 是 四 時 妙 理 倍 當 歸 以 迎 春 氣 倍 川 芎 以 迎 夏 氣 倍 </sf> 
 </marginalia> 
 </text></document>