<?xml version="1.0" encoding="UTF-8" standalone="yes" ?>
<document>
<header>
<doctitle>
 重訂濟陰綱目 
 </doctitle>
<volume>
 第七冊, 卷 13 
 </volume>
<author>
 武 之 望   (叔卿 ) 
</author>
<date>
 清雍正六年, 1728
 </date>
<currentpage>
 text 29a 
 </currentpage>
<first>
 jiyingkangmu v.7 text12 1a.xml
</first>
<last>
 jiyingkangmu v.7 text13 46b.xml
</last>
<prev>
 jiyingkangmu v.7 text13 28b.xml 
</prev>
<next>
 jiyingkangmu v.7 text13 29b.xml 
</next>
<image>
 jiyingkangmu v.7 text13 29a.jpg 
</image>
</header><text>
<formula>右 剉 水 煎 服 </formula> 
 
 <marginalia> 
 <sf> 以 平 胃 加 人 參 摠 是 慮 產 後 氣 虛 之 故 卻 為 醫 家 作 一 法 眼 </sf> 
 </marginalia>
<formula> 
 紫 金 丹     治 產 後 衝 脹 胸 中 有 物 。 狀 如 噎 氣 。 
 代 赭 石     磋 &lt;x> 石 <sf> 各 等 分 </sf> 
 
 右 為 細 末 ﹐ 醋 糊 丸 ﹐ 如 桐 子 大 ﹐ 每 服 三 五 十 丸 ﹐ 酒 下 ﹐ 胸 中 痛 加 當 歸 湯 下 久 服 治 血 癖 ﹐ </formula> 
 
 <marginalia> 
 <sf> 丹 溪 云 上 升 之 氣 自 肝 出 產 後 肝 血 虛 而 肝 氣 盛 以 是 衝 上 作 脹 用 代 赭 石 鎮 于 氣 之 上 逆 也 醋 丸 更 妙 磋 &lt;x> 石 即 磨 刀 石 亦 為 肝 而 設 
 
 此 兼 血 脹 </sf> 
 </marginalia>
<formula> 
 又 方 
 代 赭 石 <sf> 一 兩 </sf>     桃 仁 <sf> 三 錢 炒 去 皮 尖 </sf>     大 黃 <sf> 半 兩 </sf> 
 右 為 末 ﹐ 薄 荷 水 打 糊 丸 ﹐ 如 桐 子 大 ﹐ 每 服 三 五 十 丸 溫 水 下 ﹐ 無 時 ﹐ </formula> 
 
 <formula> 
 白 聖 散     治 產 後 腹 大 堅 滿 。 喘 不 能 臥 。 
 樟 柳 根 <sf> 三 兩 </sf>     大 戟 <sf> 一 兩 半 </sf>     甘 遂 <sf> 一 兩 炒 </sf> 
 
 <marginalia> 
 <sf> 此 治 水 法 惟 有 餘 者 可 服 曰 治 喘 者 因 水 逆 行 而 上 喘 也 水 下 則 喘 自 止 矣 </sf> 
 </marginalia> 
 
 右 為 極 細 末 ﹐ 每 服 二 三 錢 ﹐ 熱 湯 調 下 ﹐ 取 大 便 宣 利 為 度 ﹐ 此 主 水 
 </formula></text></document>