<?xml version="1.0" encoding="UTF-8" standalone="yes" ?>
<document>
<header>
<doctitle>
 重訂濟陰綱目 
 </doctitle>
<volume>
 第七冊, 卷 12 
 </volume>
<author>
 武 之 望   (叔卿 ) 
</author>
<date>
 清雍正六年, 1728
 </date>
<currentpage>
 text 2a 
 </currentpage>
<first>
 jiyingkangmu v.7 text12 1a.xml
</first>
<last>
 jiyingkangmu v.7 text13 46b.xml
</last>
<prev>
 jiyingkangmu v.7 text12 1b.xml 
</prev>
<next>
 jiyingkangmu v.7 text12 2b.xml 
</next>
<image>
 jiyingkangmu v.7 text12 2a.jpg 
</image>
</header><text>
熱 治 熱 。 深 合 內 經 之 旨 。 予 嘗 用 之 。 取 {效} 如 神 。 故 錄 以 勸 。 如 有 惡 露 未 盡 者 。 益 母 丸 黑 神 散 必 兼 用 之 。 若 胃 虛 少 食 者 。 必 加 白 術 茯 苓 。 有 痰 嘔 逆 者 。 必 加 陳 皮 半 夏 。 其 餘 六 經 。 各 條 治 例 皆 同 但 藥 中 必 加 四 物 湯 為 主 。 乃 養 血 務 本 之 要 也 。 
 
 <marginalia> 
 <sf> 等 分 法 乃 善 守 法 </sf> 
 </marginalia> 
 
 大 全 云 ﹐ 凡 產 後 發 熱 頭 痛 身 疼 不 可 便 作 感 冒 治 之 此 等 多 是 血 虛 或 敗 血 作 梗   宜 以 平 和 之 劑 與 服 必 { 效 } 。 如 玉 露 散 或 四 物 湯 加 北 柴 胡 等 分 煎 服 。 若 便 以 小 柴 胡 湯 。 及 竹 葉 石 膏 湯 之 類 。 竟 不 救 者 多 矣 。 
 <marginalia> 
 <sf> 仲 景 所 謂 中 風 即 今 人 所 謂 傷 風 陽 旦 湯 者 從 仲 景 方 也 </sf> 
 </marginalia> 
 產 後 中 風 數 十 日 不 解 頭 微 痛 惡 寒 時 時 有 熱 心 下 悶 乾 嘔 汗 出 雖 多 。 陽 旦 證 耳 。 可 與 陽 旦 湯 。 <sf> 即 桂 枝 湯 方 見 傷 寒 </sf> 
 
 加 味 芎 歸 湯           治 產 後 血 氣 虛 。 外 感 風 寒 。 頭 疼 。 增 寒 壯 熱 。 
 </text></document>