<?xml version="1.0" encoding="UTF-8" standalone="yes" ?>
<document>
<header>
<doctitle>
 重訂濟陰綱目 
 </doctitle>
<volume>
 第一冊 
 </volume>
<author>
 武 之 望   (叔卿 ) 
</author>
<date>
 清雍正六年, 1728
 </date>
<currentpage>
 table of contents 27a 
 </currentpage>
<first>
 jiyingkangmu v.1 tp.xml
</first>
<last>
 jiyingkangmu v.1 text1 38b.xml 
</last>
<prev>
 jiyingkangmu v.1 table of contents 26b.xml 
</prev>
<next>
 jiyingkangmu v.1 table of contents 27b.xml 
</next>
<image>
 jiyingkangmu v.1 table of contents 27a.jpg 
</image>
</header><text>
先 期 欲 產 過 期 不 產 
 知 母 丸 <sf> 治 { 妊 } 娠 日 月 未 足 痛 欲 產 </sf> 
 槐 子 丸 <sf> 治 { 妊 } 娠 月 不 足 而 似 欲 產 </sf> 
 又 方 <sf> 計 三 首 </sf> 
 加 味 四 物 湯 <sf> 治 過 月 不 產 用 此 補 血 行 滯 </sf> 
 
 鬼 胎 
 斬 鬼 丹 <sf> 治 鬼 胎 如 抱 一 甕 </sf> 
 斑 玄 丸 <sf> 治 鬼 胎 惑 於 妖 魅 </sf> 
 雄 黃 丸 <sf> 治 鬼 胎 瘀 血 腹 痛 </sf> 
 枳 實 檳 榔 丸 <sf> 治 { 妊 } 娠 癥 瘕 癖 塊 </sf> 
 
 卷 之 十 
 臨 產 門 
 論 臨 產 調 理 法 
 臨 產 催 生 法 
 論 難 產 由 於 安 佚 氣 滯 
 論 難 產 由 於 氣 虛 不 運 
 論 難 產 由 於 血 滯 血 乾 
 論 十 產 楊 子 建 
 產 難 治 驗 
 論 交 骨 不 開 
 </text></document>