<?xml version="1.0" encoding="UTF-8" standalone="yes" ?>
<document>
<header>
<doctitle>
 重訂濟陰綱目 
 </doctitle>
<volume>
 第一冊 
 </volume>
<author>
 武 之 望   (叔卿 ) 
</author>
<date>
 清雍正六年, 1728
 </date>
<currentpage>
 table of contents 12a 
 </currentpage>
<first>
 jiyingkangmu v.1 tp.xml
</first>
<last>
 jiyingkangmu v.1 text1 38b.xml 
</last>
<prev>
 jiyingkangmu v.1 table of contents 11b.xml 
</prev>
<next>
 jiyingkangmu v.1 table of contents 12b.xml 
</next>
<image>
 jiyingkangmu v.1 table of contents 12a.jpg 
</image>
</header><text>
大 七 氣 湯 <sf> 治 積 聚 隨 氣 上 下 心 腹 &lt;x> 痛 上 氣 窒 塞 小 腹 &lt;x> [ 脹 ] 滿 大 小 便 不 利 </sf> 
 勝 紅 丸 <sf> 治 脾 積 氣 滯 滿 悶 氣 促 嘔 吐 清 水 酒 積 血 積 食 積 </sf> 
 三 稜 煎 <sf> 治 婦 人 血 瘕 癥 積 痰 滯 </sf> 
 香 稜 丸 <sf> 治 一 切 積 痰 癖 塊 </sf> 
 大 硝 石 丸 <sf> 治 七 癥 八 瘕 帶 下 絕 產 此 藥 去 癥 瘕 令 人 不 困 </sf> 
 阿 魏 膏 <sf> 治 一 切 痞 塊 </sf> 
 
 分 治 八 瘕 方 
 皁 莢 散 <sf> 治 黃 瘕 導 下 </sf> 
 療 青 瘕 <sf> 坐 導 法 </sf> 
 療 燥 瘕 
 療 血 瘕 攻 刺 腹 { 脅 } 時 痛 <sf> 導 藥 </sf> 
 療 血 瘕 痛 方 
 桃 仁 煎 <sf> 治 血 瘕 血 積 經 候 不 通 下 如 豆 汁 如 雞 肝 蝦 蟆 衣 狀 有 本 事 方 宜 </sf> 
 療 脂 瘕 方 <sf> 著 男 子 陰 頭 </sf> 
 導 散 方 <sf> 內 陰 中 </sf> 
 療 狐 瘕 方 <sf> 服 </sf> 
 療 蛇 瘕 方 <sf> 服 </sf> 
 療 鱉 瘕 方 <sf> 服 </sf> 
 
 治 癥 痞 方 
 </text></document>