<?xml version="1.0" encoding="UTF-8" standalone="yes" ?>
<document>
<header>
<doctitle>
 重訂濟陰綱目 
 </doctitle>
<volume>
 第四冊, 卷 8 
 </volume>
<author>
 武 之 望   (叔卿 ) 
</author>
<date>
 清雍正六年, 1728
 </date>
<currentpage>
 text 36b 
 </currentpage>
<first>
 jiyingkangmu v.4 text7 1a.xml
</first>
<last>
 jiyingkangmu v.4 text8 44b.xml 
</last>
<prev>
 jiyingkangmu v.4 text8 36a.xml 
</prev>
<next>
 jiyingkangmu v.4 text8 37a.xml 
</next>
<image>
 jiyingkangmu v.4 text8 36b.jpg 
</image>
</header><text>
<formula>嘔 逆 減 食 。 此 由 喜 怒 憂 慮 過 度 。 飲 食 失 節 之 所 致 也 。 蔡 元 度 寵 人 有 子 。 夫 人 怒 欲 逐 之 。 遂 病 。 醫 官 王 師 復 。 處 此 方 三 服 而 愈 。 
 廣 中 莪 茂 <sf> 炒 一 兩 </sf>         丁 香 <sf> 半 兩 </sf>         粉 草 <sf> 二 錢 半 </sf> 
 </formula> 
 右 為 細 末 空 心 鹽 湯 點 服 一 大 錢 。 覺 胸 中 如 物 按 下 之 狀 。 
 
 <formula> 
 古 今 錄 驗 方         療 { 妊 } 娠 腹 內 冷 痛 。 忽 胎 動 
 薤 白 <sf> 一 升 </sf>         當 歸 <sf> 切 四 兩 </sf> 
 </formula> 
 右 以 水 五 升 。 煮 取 四 升 。 作 三 服 。 
 
 <formula> 
 一 方         治 { 妊 } 娠 胎 動 欲 落 。 腹 中 痛 不 可 忍 。 
 上 等 銀 <sf> 一 斤 </sf>         茅 根 <sf> 二 斤 去 黑 皮 </sf> 
 </formula> 
 右 以 水 九 升 煮 銀 。 取 五 升 。 入 清 酒 一 升 。 同 煎 茅 根 取 三 升 。 分 服 。 立 安 。 
 <marginalia> 
 <sf> 鎮 墜 解 熱 護 胎 方 法 俱 妙 於 体 強 暴 病 者 可 用 </sf> 
 </marginalia> 
 </text></document>