<?xml version="1.0" encoding="UTF-8" standalone="yes" ?>
<document>
<header>
<doctitle>
 重訂濟陰綱目 
 </doctitle>
<volume>
 第五冊, 卷 9 
 </volume>
<author>
 武 之 望   (叔卿 ) 
</author>
<date>
 清雍正六年, 1728
 </date>
<currentpage>
 text 5a 
 </currentpage>
<first>
 jiyingkangmu v.5 text9 1a.xml
</first>
<last>
 jiyingkangmu v.5 text9 51b.xml
</last>
<prev>
 jiyingkangmu v.5 text9 4b.xml 
</prev>
<next>
 jiyingkangmu v.5 text9 5b.xml 
</next>
<image>
 jiyingkangmu v.5 text9 5a.jpg 
</image>
</header><text>
<formula>香 附 <sf> 炒 黑 </sf>         紫 蘇 <sf> 各 二 錢 </sf>         陳 皮 <sf> 一 錢   </sf>       甘 草 <sf> 五 分 </sf> 
 </formula> 
 右 剉 加 生 薑 三 片 。 <cf> &#33905; </cf> 五 根 。 煎 服 。 
 
 頭 痛 。 加 川 芎 。 白 芷 。 各 一 錢 。 名 芎 芷 香 蘇 散 。 
 
 假 令 得 肝 脈 。 其 外 證 善 潔 。 面 青 。 善 怒 。 其 三 部 脈 俱 浮 而 弦 。 惡 寒 裏 和 。 謂 清 便 自 調 也 。 本 方 加 羌 活 防 風 各 一 錢 。 謂 肝 主 風 。 是 膽 受 病 也 。 
 
 假 令 得 心 脈 。 其 外 證 面 赤 。 口 乾 。 善 笑 。 其 三 部 俱 浮 而 洪 惡 寒 裡 和 。 本 方 加 黃 苓 石 膏 各 一 錢 半 。 謂 心 主 熱 。 是 小 腸 受 病 也 。 
 
 假 令 得 脾 <cf> &#33033; </cf> 。 面 黃 。 善 臆 。 善 思 。 尺 寸 俱 浮 。 而 緩 。 惡 寒 裏 和 。 本 方 加 白 木 { 朮 } 防 己 各 一 錢 半 。 謂 脾 主 濕 。 是 陽 明 受 病 也 。 
 
 假 令 得 肺 <cf> &#33033; </cf> 。 其 外 證 面 白 。 善 &lt;x> 善 悲 。 不 樂 。 欲 哭 。 其 尺 寸 &#33033; 俱 浮 
 </text></document>