<?xml version="1.0" encoding="UTF-8" standalone="yes" ?>
<document>
<header>
<doctitle>
 重訂濟陰綱目 
 </doctitle>
<volume>
 第三冊, 卷 4 
 </volume>
<author>
 武 之 望   (叔卿 ) 
</author>
<date>
 清雍正六年, 1728
 </date>
<currentpage>
 text 4b 
 </currentpage>
<first>
 jiyingkangmu v.3 text4 1a.xml
</first>
<last>
 jiyingkangmu v.3 text6 26b.xml 
</last>
<prev>
 jiyingkangmu v.3 text4 4a.xml 
</prev>
<next>
 jiyingkangmu v.3 text4 5a.xml 
</next>
<image>
 jiyingkangmu v.3 text4 4b.jpg 
</image>
</header><text>
腎 虛 則 寒 動 於 中 。 心 虛 則 熱 收 於 內 。 竊 謂 前 證 。 若 肝 脾 血 虛 。 用 
 <marginalia> 
 <sf> 衰 之 
 竊 謂 以 下 諸 症 或 肝 或 脾 或 肺 或 心 腎 者 甚 少 總 以 分 氣 分 血 主 治 <cf> &#21364; </cf> 與 求 屬 之 意 不 同 
 此 下 十 二 節 分 經 症 虛 實 定 方 確 有 見 解 </sf> 
 </marginalia> 
 四 物 參 朮 。 肝 脾 鬱 怒 。 小 柴 胡 合 四 物 湯 。 脾 胃 氣 虛 。 補 中 益 氣 湯 。 肝 脾 血 虛 加 味 逍 遙 散 。 肝 經 風 熱 。 加 味 小 柴 胡 湯 。 心 經 血 虛 。 天 王 補 心   丹 。 肺 經 氣 虛 。 人 參 補 肺 湯 。 肝 經 血 虛 。 加 味 四 物 湯 。 大 抵 午 前 熱 屬 氣 分 。 用 清 心 蓮 子 飲 。 <sf> 方 見 雜 病 赤 白 濁 </sf> 午 後 熱 屬 血 分 。 用 四 物 湯 。 參 朮 牡 丹 皮 。 熱 從 左 邊 起 。 肝 火 也 。 實 則 四 物 湯 龍 膽 山 梔 。 虛 則 四 物 參 朮 黃 耆 熱 從 臍 下 起 陰 火 也 。 四 物 參 朮 黃 檗 知 母 酒 拌 炒 黑 。 五 味 子 麥 門 冬 肉 桂 。 如 不 應 。 急 用 加 減 八 味 丸 。 不 時 而 熱 。 或 無 定 處 。 或 從 <cf> &#33050; </cf> 心 起 。 此 無 根 虛 火 也 。 用 加 減 八 味 丸 及 十 全 大 補 湯 加 麥 門 五 味 主 之 。 
 
 一 婦 經 行 不 調 。 飲 食 少 思 。 日 脯 熱 甚 。 此 肝 脾 氣 血 俱 虛 。 用 十 全 大 
 </text></document>