<?xml version="1.0" encoding="UTF-8" standalone="yes" ?>
<document>
<header>
<doctitle>
 重訂濟陰綱目 
 </doctitle>
<volume>
 第五冊, 卷 9 
 </volume>
<author>
 武 之 望   (叔卿 ) 
</author>
<date>
 清雍正六年, 1728
 </date>
<currentpage>
 text 30b 
 </currentpage>
<first>
 jiyingkangmu v.5 text9 1a.xml
</first>
<last>
 jiyingkangmu v.5 text9 51b.xml
</last>
<prev>
 jiyingkangmu v.5 text9 30a.xml 
</prev>
<next>
 jiyingkangmu v.5 text9 31a.xml 
</next>
<image>
 jiyingkangmu v.5 text9 30b.jpg 
</image>
</header><text>
<formula>蔓 荊 子 為 末 。 每 服 二 錢 。 食 前 濃 煎 <cf> &#33905; </cf> 白 湯 調 下 。 </formula> 
<marginalia> 
 <sf> 蔓 荊 子 涼 諸 經 之 血 其 性 輕 揚 有 升 一 之 義 </sf> 
 </marginalia>
<formula> 
 歸 母 苦 參 丸         治 { 妊 } 娠 小 便 難 。 飲 食 如 故 。 
 當 歸         貝 母         苦 參 <sf> 各 四 兩 </sf> 
 </formula> 
 右 為 末 。 煉 蜜 為 丸 。 如 小 豆 大 。 每 服 三 丸 。 加 至 十 丸 。 ○ 男 子 加 滑 石 半 兩 
 
 <formula> 
 雜 方         治 { 妊 } 娠 卒 不 得 小 便 。 
 杏 仁 去 皮 尖 炒 黃 。 搗 丸 如 菉 豆 大 。 燈 心 湯 吞 七 粒 。 ○ 一 方 搗 杏 仁 入 滑 石 末 。 飯 丸 小 豆 大 。 每 服 二 十 丸 。 白 湯 下 。 ○ 一 方 滑 石 為 末 。 水 和 塗 臍 下 。 ○ 一 方 車 前 子 搗 汁 。 調 滑 石 末 塗 臍 。 周 圍 四 寸 。 熱 易 之 。 ○ 一 方 紫 苑 為 丸 。 井 華 水 調 下 二 錢 。 ○ 一 方 桑 螵 蛸 搗 末 。 米 飯 服 方 寸 七 。 日 三 
 </formula> 
 </text></document>