<?xml version="1.0" encoding="UTF-8" standalone="yes" ?>
<document>
<header>
<doctitle>
 重訂濟陰綱目 
 </doctitle>
<volume>
 第五冊, 卷 9 
 </volume>
<author>
 武 之 望   (叔卿 ) 
</author>
<date>
 清雍正六年, 1728
 </date>
<currentpage>
 text 47a 
 </currentpage>
<first>
 jiyingkangmu v.5 text9 1a.xml
</first>
<last>
 jiyingkangmu v.5 text9 51b.xml
</last>
<prev>
 jiyingkangmu v.5 text9 46b.xml 
</prev>
<next>
 jiyingkangmu v.5 text9 47b.xml 
</next>
<image>
 jiyingkangmu v.5 text9 47a.jpg 
</image>
</header><text>
<formula>澤 蘭 葉 <sf> 切 研 </sf>         滑 石 末 <sf> 各 半 兩 </sf>         生 麻 油 <sf> 少 許 </sf> 
 </formula> 
 右 以 水 三 盞 。 先 煎 澤 蘭 至 一 盞 半 。 去 滓 。 入 滑 石 末 並 油 。 更 煎 三 沸 。 頓 服 之 。 未 下 更 服 。 
 
 <formula> 
 蒲 黃 酒         治 胞 衣 不 下 
 蒲 黃 <sf> 炒 一 合 </sf>         槐 子 <sf> 十 四 枚 為 末 </sf> 
 </formula> 
 右 以 酒 三 盞 。 煎 至 二 盞 。 去 滓 。 分 溫 三 服 。 未 下 更 作 服 。 
 <marginalia> 
 <sf> 一 方 一 <cf> &#21464; </cf> 巧 似 化 工 </sf> 
 </marginalia> 
 ○ 已 上 治 胞 衣 不 下 之 劑 
 
 <formula> 
 當 歸 川 芎 湯         治 小 產 後 瘀 血 。 心 腹 痛 。 或 發 熱 惡 寒 。 
 當 歸         川 芎         熟 地 黃         白 芍 藥         玄 胡 索 <sf> 炒 </sf>         紅 花         香 附         陳 皮         澤 蘭         牡 丹 皮         桃 仁 <sf> 各 等 分 </sf> 
 </formula> 
 右 水 煎 。 入 童 便 。 酒 各 小 半 盞 服 。 
 <marginalia> 
 <sf> 平 正 之 方 可 法 可 法 
 尤 妙 </sf> 
 </marginalia> 
 </text></document>