<?xml version="1.0" encoding="UTF-8" standalone="yes" ?>
<document>
<header>
<doctitle>
 重訂濟陰綱目 
 </doctitle>
<volume>
 第八冊, 卷 14 
 </volume>
<author>
 武 之 望   (叔卿 ) 
</author>
<date>
 清雍正六年, 1728
 </date>
<currentpage>
 text 35a 
 </currentpage>
<first>
 jiyingkangmu v.8 text14 1a.xml
</first>
<last>
 bao sheng sui shi 9b.xml
</last>
<prev>
 jiyingkangmu v.8 text14 34b.xml 
</prev>
<next>
 jiyingkangmu v.8 text14 35b.xml 
</next>
<image>
 jiyingkangmu v.8 text14 35a.jpg 
</image>
</header><text>
血 生 血 為 臣 。 生 麻 葛 根 漏 蘆 為 足 陽 明 本 經 藥 。 及 連 翹 防 風 皆 散 結 疏 經 。 瓜 簍 仁 鼠 &lt;x> 子 解 青 去 腫 。 皂 角 刺 引 至 潰 處 。 白 芷 入 陽 明 。 排 濃 長 肌 。 又 用 川 芎 三 分 及 肉 桂 炒 櫱 為 引 用 。 每 劑 入 酒 一 盞 。 煎 送 白 玉 霜 丸 &lt;x> 膿 解 毒 。 時 膿 水 稠 粘 。 方 盛 未 己 。 不 可 遽 用 收 { 澀 } 之 藥 。 理 宜 追 之 。 以 翠 青 錠 子 外 摻 明 日 膿 水 頓 稀 。 痛 定 穢 解 。 始 有 向 安 之 勢 。 至 辛 未 新 正 。 患 處 皆 生 新 肉 。 有 紫 腫 處 。 俱 用 <cf> &#33905; </cf> 熨 法 隨 手 消 散 。 但 近 腋 足 少 陽 分 。 尚 未 斂 。 乃 加 柴 胡 一 錢 。 青 皮 三 分 。 及 倍 川 芎 膿 水 將 淨 者 。 即 用 搜 膿 散 摻 之 。 元 宵 後 遂 全 安 。 
 康 祖 ﹐ 為 廣 德 宰 。 事 張 王 甚 謹 。 後 授 溫 倅 。 左 乳 生 癰 。 繼 又 胸 臆 間 結 核 。 大 如 拳 。 堅 如 石 。 荏 苒 半 載 。 百 療 莫 效 。 已 而 牽 掣 臂 腋 。 徹 於 肩 。 痛 楚 特 甚 。 急 禱 王 祠 下 。 夢 聞 語 曰 。 若 要 安 。 但 用 生 姜 自 然 汁 ﹐ 製 香 附 
 </text></document>