<?xml version="1.0" encoding="UTF-8" standalone="yes" ?>
<document>
<header>
<doctitle>
 重訂濟陰綱目 
 </doctitle>
<volume>
 第二冊, 卷 3 
 </volume>
<author>
 武 之 望   (叔卿 ) 
</author>
<date>
 清雍正六年, 1728
 </date>
<currentpage>
 text 21b 
 </currentpage>
<first>
 jiyingkangmu v.2 text2 1a.xml
</first>
<last>
 jiyingkangmu v.2 text3 26b.xml 
</last>
<prev>
 jiyingkangmu v.2 text3 21a.xml 
</prev>
<next>
 jiyingkangmu v.2 text3 22a.xml 
</next>
<image>
 jiyingkangmu v.2 text3 21b.jpg 
</image>
</header><text>
<formula><marginalia> 
 <sf> 醫 者 無 以 應 徒 自 待 斃 而 已 
 此 東 垣 先 生 所 製 </sf> 
 </marginalia> 
 
 全 <cf> &#34638; </cf>         升 麻         甘 松 <sf> 各 二 分 </sf>         草 烏 頭         羌 活 <sf> 各 三 分 </sf>         大 椒         三 奈 子         蓽 撥         枯 礬 <sf> 各 五 分 </sf>         大 蒜         破 故 紙 <sf> 各 二 錢 </sf>         水 蛭 <sf> 三 條 炒 焦 二 錢 </sf>         川 烏 頭         柴 胡 <sf> 各 七 分 </sf>         虻 蟲 <sf> 三 個 去 翅 足 炒 </sf>         炒 黃 鹽 <sf> 一 錢 必 用 之 藥 去 之 則 不 { 效 } </sf> 
 </formula> 
 右 為 極 細 末 。 依 前 製 如 指 尖 大 用 綿 裹 納 陰 戶 中 覺 臍 下 煖 為 { 效 } 。 
 
 <formula> 
 如 聖 丹         治 婦 人 經 <cf> &#33033; </cf> 不 調 。 赤 白 帶 下 。 
 枯 礬 <sf> 四 兩 </sf>         蛇 床 子 <sf> 二 兩 </sf> 
 </formula> 
 右 為 末 。 醋 為 丸 。 如 <cf> &#24377; </cf> 子 大 。 用 臙 脂 為 衣 。 綿 裹 放 陰 戶 中 。 定 坐 半 日 。 熱 極 再 換 。 大 抵 月 水 不 通 。 赤 白 帶 下 。 多 因 子 宮 不 潔 。 服 藥 難 { 效 } 。 此 取 易 痊 。 且 速 { 效 } 而 不 傷 臟 氣 也 。 ○ 一 方 用 枯 礬 川 烏 各 等 
 
 <marginalia> 
 <sf> 至 閉 藏 者 腎 若 滑 脫 者 腎 氣 不 固 也 牡 蠣 鹹 寒 而 益 腎 蛇 床 辛 溫 而 壯 氣 其 清 而 燥 澀 者 則 柏 葉 地 榆 烏 賊 其 濕 而 補 </sf> 
 </marginalia> 
 </text></document>