<?xml version="1.0" encoding="UTF-8" standalone="yes" ?>
<document>
<header>
<doctitle>
 重訂濟陰綱目 
 </doctitle>
<volume>
 第七冊, 卷 13 
 </volume>
<author>
 武 之 望   (叔卿 ) 
</author>
<date>
 清雍正六年, 1728
 </date>
<currentpage>
 text 40b 
 </currentpage>
<first>
 jiyingkangmu v.7 text12 1a.xml
</first>
<last>
 jiyingkangmu v.7 text13 46b.xml
</last>
<prev>
 jiyingkangmu v.7 text13 40a.xml 
</prev>
<next>
 jiyingkangmu v.7 text13 41a.xml 
</next>
<image>
 jiyingkangmu v.7 text13 40b.jpg 
</image>
</header><text>
<formula>右 剉 每 服 四 錢 加 生 薑 三 片 ﹐ 棗 一 枚 ﹐ 水 煎 溫 服 ﹐ </formula> 
 
 <marginalia> 
 <sf> 比 矣 奈 何 今 之 所 貿 市 中 石 蓮 味 極 苦 而 內 無 心 形 似 蓮 實 而 實 非 蓮 實 攷 之 市 人 乃 云 皆 是 山 中 木 實 本 &lt;x> 既 殊 性 味 亦 異 又 豈 有 清 胃 和 中 之 理 求 治 者 宜 審 擇 之 毋 為 市 人 之 所 誤 
 
 治 脾 虛 有 痰 嘔 逆 之 正 方 也 
 
 以 上 八 方 各 有 見 解 宜 一 一 攷 証 施 治 勿 妄 投 有 也 </sf> 
 </marginalia> 
 
 ○ 吃 嘔 
 大 全 云 ﹐ 夫 五 臟 六 腑 。 俱 稟 氣 於 胃 。 而 肺 為 主 氣 之 總 司 。 若 產 後 致 傷 氣 血 。 則 臟 腑 氣 損 。 而 風 冷 博 之 。 肺 因 氣 逆 而 上 。 則 吃 逆 矣 。 又 脾 虛 氣 冷 。 胃 中 伏 寒 。 因 食 熱 物 。 冷 熱 相 擊 。 氣 厥 而 不 順 。 則 吃 逆 也 。 脾 者 主 中 焦 。 為 三 焦 之 關 。 五 臟 之 倉 廩 。 貯 積 水 穀 。 若 陰 陽 氣 虛 。 使 榮 衛 氣 厥 逆 。 則 致 生 斯 病 也 。 經 云 吃 噫 者 。 胃 寒 所 生 。 服 藥 無 效 者 。 炙 期 門 三 壯 必 愈 。 期 門 穴 乃 胃 之 大 絡 。 
 <marginalia> 
 <sf> 上 言 風 冷 外 因 也 下 言 聚 冷 內 </sf> 
 </marginalia> 
 
 薛 氏 曰 前 證 屬 胃 氣 虛 。 寒 之 惡 候 。 如 用 後 方 未 應 。 急 投 參 附 湯 。 亦 有 復 生 者 
 
 <formula> 
 丁 香 散     治 產 後 心 煩 咳 噫 不 止 
 </formula></text></document>