<?xml version="1.0" encoding="UTF-8" standalone="yes" ?>
<document>
<header>
<doctitle>
 重訂濟陰綱目 
 </doctitle>
<volume>
 第三冊, 卷 4 
 </volume>
<author>
 武 之 望   (叔卿 ) 
</author>
<date>
 清雍正六年, 1728
 </date>
<currentpage>
 text 6a 
 </currentpage>
<first>
 jiyingkangmu v.3 text4 1a.xml
</first>
<last>
 jiyingkangmu v.3 text6 26b.xml 
</last>
<prev>
 jiyingkangmu v.3 text4 5b.xml 
</prev>
<next>
 jiyingkangmu v.3 text4 6b.xml 
</next>
<image>
 jiyingkangmu v.3 text4 6a.jpg 
</image>
</header><text>
面 浮 或 經 水 不 通 。 或 謂 之 血 勞 氣 也 。 
 
 薛 氏 曰 。 東 垣 云 。 喜 怒 不 節 。 起 居 不 時 。 有 所 勞 傷 。 皆 損 其 氣 。 氣 衰 則 火 旺 。 火 旺 則 乘 其 脾 土 。 脾 主 四 肢 。 故 因 熱 懶 言 。 動 作 喘 乏 。 表 熱 自 汗 。 心 煩 不 安 。 當 病 之 時 。 宜 安 心 靜 坐 。 存 養 其 氣 。 以 甘 寒 瀉 其 熱 氣 。 以 酸 味 收 其 散 氣 。 以 甘 溫 補 其 中 氣 。 經 言 勞 者 溫 之 。 損 者 溫 之 。 要 略 云 。 平 人 <cf> &#33033; </cf> 大 為 勞 。 以 黃 蓍 建 中 湯 治 之 。 
 
 一 婦 人 勞 則 足 跟 熱 痛 。 此 足 三 陰 血 虛 。 用 聖 愈 湯 而 痊 。 後 遍 身 瘙 癢 。 誤 服 風 藥 。 發 熱 抽 搐 。 肝 <cf> &#33033; </cf> 洪 數 。 此 肝 家 血 虛 。 火 盛 而 生 風 。 以 天 竺 黃 膽 星 為 丸 用 四 物 。 麥 門 。 五 味 。 苓 連 。 炙 甘 草 山 梔 。 柴 胡 。 煎 送 而 瘉 。 
 <marginalia> 
 <sf> 此 所 謂 風 勞 也 當 從 損 <cf> &#33033; </cf> 治 </sf> 
 </marginalia> 
 
 一 婦 素 清 苦 。 勤 於 女 工 。 因 感 風 邪 。 自 用 表 散 之 劑 反 朝 寒 暮 熱 目 
 <marginalia> 
 <sf> 此 下 諸 方 於 虛 損 初 病 者 </sf> 
 </marginalia> 
 </text></document>