<?xml version="1.0" encoding="UTF-8" standalone="yes" ?>
<document>
<header>
<doctitle>
 重訂濟陰綱目 
 </doctitle>
<volume>
 第七冊, 卷 12 
 </volume>
<author>
 武 之 望   (叔卿 ) 
</author>
<date>
 清雍正六年, 1728
 </date>
<currentpage>
 text 8b 
 </currentpage>
<first>
 jiyingkangmu v.7 text12 1a.xml
</first>
<last>
 jiyingkangmu v.7 text13 46b.xml
</last>
<prev>
 jiyingkangmu v.7 text12 8a.xml 
</prev>
<next>
 jiyingkangmu v.7 text12 9a.xml 
</next>
<image>
 jiyingkangmu v.7 text12 8b.jpg 
</image>
</header><text>
緊 急 。 四 肢 痙 強 。 或 腰 背 反 張 。 肢 體 抽 搐 。 若 有 汗 而 不 惡 寒 者 。 曰 柔 痙 。 無 汗 而 惡 寒 者 。 曰 剛 痙 。 由 亡 血 過 多 。 筋 無 所 養 而 致 。 故 傷 寒 汗 下 過 多 。 潰 瘍 膿 血 大 泄 。 多 患 之 。 乃 敗 證 也 。     急 以 十 全 大 補 湯 。 大 補 血 氣 。 如 不 應 。 急 以 附 子 。 或 保 無 虞 。 若 攻 風 邪 死 無 疑 矣 。 
 
 夷 堅 志 云 杜 壬 治 郝 質 子 婦 。 產 四 日 。 瘈 瘲 。 戴 眼 。 弓 背 反 張 。 壬 以 為 痙 病 。 與 大 豆 紫 湯 。 獨 活 湯 而 愈 。 政 和 間 。 余 妻 方 分 娩 。 猶 在 蓐 中 。 忽 作 此 證 。 頭 足 反 接 。 相 去 幾 二 尺 。 家 人 驚 駭 。 以 數 婢 強 &lt;x> 之 不 直 。 適 記 所 云 。 而 藥 草 有 獨 活 。 乃 急 為 之 。 召 醫 未 至 。 連 進 三 劑 。 遂 能 直 。 醫 至 即 愈 矣 。 更 不 須 用 大 豆 紫 湯 。 古 人 處 方 神 驗 屢 矣 。   
 
 陳 臨 川 曰 凡 產 後 口 噤 。 腰 背 強 直 。 角 弓 反 張 。 皆 名 曰 痙 。 又 名 曰 &lt;x> 。 古 人 察 有 汗 無 汗 。 以 分 剛 柔 陰 陽 而 治 。 今 產 寶 諸 書 有 中 風 口 噤 
 </text></document>