<?xml version="1.0" encoding="UTF-8" standalone="yes" ?>
<document>
<header>
<doctitle>
 重訂濟陰綱目 
 </doctitle>
<volume>
 第七冊, 卷 13 
 </volume>
<author>
 武 之 望   (叔卿 ) 
</author>
<date>
 清雍正六年, 1728
 </date>
<currentpage>
 text 33b 
 </currentpage>
<first>
 jiyingkangmu v.7 text12 1a.xml
</first>
<last>
 jiyingkangmu v.7 text13 46b.xml
</last>
<prev>
 jiyingkangmu v.7 text13 33a.xml 
</prev>
<next>
 jiyingkangmu v.7 text13 34a.xml 
</next>
<image>
 jiyingkangmu v.7 text13 33b.jpg 
</image>
</header><text>
<formula>右 為 { 麤 } 末 ﹐ 每 服 四 錢 ﹐ 水 煎 ﹐ 食 前 熱 服 ﹐ 
 </formula> 
 
 <formula> 
 加 味 八 物 湯     治 產 後 遍 身 浮 腫 。 氣 急 潮 熱 。 
 人 參     白 茯 苓     熟 地 黃     小 懷 香 <sf> 各 三 錢 </sf>     白 <cf> 術 </cf>     川 芎 <sf> 各 四 錢 </sf>     當 歸     白 芍     香 附 子 <sf> 各 五 錢 </sf>     柴 胡     黃 芩     甘 草 <sf> 各 一 錢 </sf> 
 右 剉 散 ﹐ 分 作 六 七 服 ﹐ 每 服 加 生 薑 三 片 ﹐ 水 煎 空 心 熱 服 ﹐ 盡 此 藥 方 服 調 經 丸 ﹐ ○ 若 肚 痛 ﹐ 加 延 胡 索 乾 漆 枳 殼 各 三 錢 ﹐ ○ 若 嘔 吐 惡 心 ﹐ 加 良 薑 砂 仁 各 二 錢 ﹐ ○ 若 手 足 痲 痺 ﹐ 加 肉 桂 一 錢 半 ﹐ ○ 若 咳 嗽 ﹐ 加 五 味 子 { 款 } 冬 花 杏 仁 
 </formula> 
 
 <formula> 
 加 減 金 匱 腎 氣 丸     治 肺 腎 虛 。 腰 重 腳 腫 。 小 便 不 利 。 或 肚 腹 腫 脹 。 四 肢 浮 腫 。 或 喘 急 痰 盛 。 已 成 蠱 證 。 其 { 效 } 如 神 。 此 證 多 因 脾 胃 虛 
 <marginalia> 
 <sf> 夫 土 為 防 水 之 隄 腎 為 置 水 之 器 腎 為 胃 之 關 而 開 竅 於 二 陰 土 惡 濕 腎 惡 燥 </sf> 
 </marginalia> 
 </formula></text></document>