<?xml version="1.0" encoding="UTF-8" standalone="yes" ?>
<document>
<header>
<doctitle>
 重訂濟陰綱目 
 </doctitle>
<volume>
 第七冊, 卷 12 
 </volume>
<author>
 武 之 望   (叔卿 ) 
</author>
<date>
 清雍正六年, 1728
 </date>
<currentpage>
 text 20b 
 </currentpage>
<first>
 jiyingkangmu v.7 text12 1a.xml
</first>
<last>
 jiyingkangmu v.7 text13 46b.xml
</last>
<prev>
 jiyingkangmu v.7 text12 20a.xml 
</prev>
<next>
 jiyingkangmu v.7 text12 21a.xml 
</next>
<image>
 jiyingkangmu v.7 text12 20b.jpg 
</image>
</header><text>
臥 薑 湯 下 
 
 <marginalia> 
 <sf> 下 二 方 見 後 驚 悸 門 </sf> 
 </marginalia>
<formula> 
 加 味 八 珍 湯     產 後 顛 狂 乃 血 虛 神 不 守 舍 非 補 養 元 氣 不 可 用 此 或 茯 芩 散 歸 脾 湯 
 人 參     白 <cf> 術 </cf>     茯 苓     甘 草     當 歸     川 芎     芍 藥     熟 地 黃     遠 志     茯 神 <sf> 各 二 錢 </sf> 
 </formula> 
 
 右 剉 。 加 姜 棗 水 煎 服 。 
 
 ○ 乍 見 鬼 神   <sf> 與 前 顛 狂 膽 語 門 { 參 } 看 </sf> 
 
 大 全 云 。 心 主 身 之 血 脈 。 因 產 傷 以 耗 血 脈 。 致 心 氣 虛 其 敗 血 停 積 上 干 于 心 心 不 受 觸 遂 致 心 中 煩 躁 臥 起 不 安 乍 見 鬼 神 言 語 顛 錯 醫 人 不 識 。 呼 為 風 邪 。 如 此 為 治 。 必 不 得 愈 。 但 服 調 經 散 。 每 服 加 龍 腦 一 捻 。 得 睡 即 安 。 
 
 <marginalia> 
 <sf> 妙 在 加 龍 腦 一 捻 </sf> 
 </marginalia> 
 
 </text></document>