<?xml version="1.0" encoding="UTF-8" standalone="yes" ?>
<document>
<header>
<doctitle>
 重訂濟陰綱目 
 </doctitle>
<volume>
 第七冊, 卷 12 
 </volume>
<author>
 武 之 望   (叔卿 ) 
</author>
<date>
 清雍正六年, 1728
 </date>
<currentpage>
 text 7b 
 </currentpage>
<first>
 jiyingkangmu v.7 text12 1a.xml
</first>
<last>
 jiyingkangmu v.7 text13 46b.xml
</last>
<prev>
 jiyingkangmu v.7 text12 7a.xml 
</prev>
<next>
 jiyingkangmu v.7 text12 8a.xml 
</next>
<image>
 jiyingkangmu v.7 text12 7b.jpg 
</image>
</header><text>
<formula><marginalia> 
 <sf> 酒 去 風 通 週 身 之 氣 蓋 肝 主 筋 風 主 氣 行 血 流 筋 榮 風 散 故 治 一 切 百 病 </sf> 
 </marginalia> 
 
 烏 雞 糞 <sf> 一 升 炒 黃 </sf>           大 豆 <sf> 一 升 炒 令 聲 絕 勿 焦 </sf> 
 右 二 味 ﹐ 以 清 酒 三 升 ﹐ 乘 熱 先 淋 雞 糞 ﹐ 次 淋 大 豆 ﹐ 取 汁 ﹐ 每 服 一 升 ﹐ 溫 服 取 汗 ﹐ 病 重 者 ﹐ 凡 四 五 服 ﹐ 無 不 愈 ﹐ 
 </formula> 
 
 <formula> 
 交 加 散           治 產 先 後 百 病 。 兼 治 婦 人 榮 衛 不 通 。 經 脈 不 調 。 腹 中 撮 痛 。 氣 多 血 少 。 結 聚 為 瘕 。 產 後 中 風 。 並 宜 服 之 。 
 
 生 地 黃   <sf> 一 升 研 取 自 然 汁 </sf>         生 薑 <sf> 十 二 兩 研 取 自 然 汁 </sf> 
 </formula> 
 
 右 將 地 黃 汁 ﹐ 炒 生 薑 滓 ﹐ 生 薑 汁 ﹐ 炒 地 黃 滓 ﹐ 各 稍 乾 ﹐ 焙 為 細 末 ﹐ 每 服 三 錢 ﹐ 溫 酒 調 下 ﹐ 尋 常 腹 痛 ﹐ 亦 宜 服 ﹐ 產 後 尤 不 可 離 。 
 
 <marginalia> 
 <sf> 交 加 炒 法 絕 妙 絕 神 </sf></marginalia>
<formula> 
 一   物 獨 活 湯           治 產 後 中 風 。 虛 人 不 可 服 他 藥 者 。 此 藥 及 一 物 。 白 鮮 湯 主 之 。 亦 可 與 獨 活 合 煮 服 。 
 
 川 獨 活 三 兩 細 切 ﹐ 以 水 三 升 ﹐ 煮 取 一 升 分 服 飲 酒 者 亦 可 酒 
 </formula></text></document>