<?xml version="1.0" encoding="UTF-8" standalone="yes" ?>
<document>
<header>
<doctitle>
 重訂濟陰綱目 
 </doctitle>
<volume>
 第七冊, 卷 13 
 </volume>
<author>
 武 之 望   (叔卿 ) 
</author>
<date>
 清雍正六年, 1728
 </date>
<currentpage>
 text 46a 
 </currentpage>
<first>
 jiyingkangmu v.7 text12 1a.xml
</first>
<last>
 jiyingkangmu v.7 text13 46b.xml
</last>
<prev>
 jiyingkangmu v.7 text13 45b.xml 
</prev>
<next>
 jiyingkangmu v.7 text13 46b.xml 
</next>
<image>
 jiyingkangmu v.7 text13 46a.jpg 
</image>
</header><text>
郭 稽 中 曰 產 後 口 鼻 黑 氣 起 。 及 鼻 { 衄 } 者 何 。 荅 曰 陽 明 者 經 脈 之 海 。 起 於 鼻 交 額 中 。 還 出 頰 口 交 人 中 。 左 之 右 。 右 之 左 。 產 後 氣 虛 血 散 。 榮 衛 不 理 。 散 亂 入 於 諸 經 。 { 卻 } 還 不 得 。 故 令 口 鼻 黑 氣 起 。 及 變 鼻 { 衄 } 此 緣 產 後 虛 熱 變 生 此 症 胃 絕 脈 敗 。 不 可 治 。 ○ 經 驗 方 云 。 急 取 緋 線 一 條 。 并 產 婦   頂 心 發 兩 條 。 緊 擊 中 指 節 上 。 即 止 。 無 藥 可 治 。 亦 禳 厭 之 一 端 也 。 
 薛 氏 曰 ﹐ 按 胃 脈 俠 口 繞 承 漿 蓋 鼻 準 屬 脾 土 。 鼻 孔 屬 肺 金 謂 胃 虛 肺 損 氣 脫 血 死 之 證 急 用 二 味 參 蘇 飲 加 附 子 五 錢 亦 有 得 生 者 。   汪 石 山 治 一 婦 人 ﹐ 產 後 血 逆 上 行 ﹐ 鼻 { 衄 } ﹐ 口 乾 ﹐ 心 燥 ﹐ 舌 黑 蓋 因 瘀 血 上 升 。 遂 用 益 母 丸 二 丸 。 童 便 化 下 。 鼻 { 衄 } 漸 止 。 血 漸 通 。 
 
 <marginalia> 
 <sf> 真 良 法 也 當 備 之 胸 中 以 待 不 時 之 用 
 
 益 母 童 便 妙 治 虛 熱 </sf> 
 </marginalia> 
 
 李 氏 曰 ﹐ 此 產 後 虛 熱 所 致 。 犀 角 地 黃 湯 救 之 。 
 </text></document>