<?xml version="1.0" encoding="UTF-8" standalone="yes" ?>
<document>
<header>
<doctitle>
 重訂濟陰綱目 
 </doctitle>
<volume>
 第七冊, 卷 13 
 </volume>
<author>
 武 之 望   (叔卿 ) 
</author>
<date>
 清雍正六年, 1728
 </date>
<currentpage>
 text 25b 
 </currentpage>
<first>
 jiyingkangmu v.7 text12 1a.xml
</first>
<last>
 jiyingkangmu v.7 text13 46b.xml
</last>
<prev>
 jiyingkangmu v.7 text13 25a.xml 
</prev>
<next>
 jiyingkangmu v.7 text13 26a.xml 
</next>
<image>
 jiyingkangmu v.7 text13 25b.jpg 
</image>
</header><text>
<formula>人 參     白 <cf> 術 </cf>     茯 苓     黃 蓍     當 歸     川 芎     白 芍 <sf> 炒 </sf>     熟 地 黃 <sf> 各 一 錢 </sf>     肉 桂     甘 草 <sf> 各 五 分 </sf> 
 右 剉 加 生 薑 五 片 ﹐ 棗 三 枚 ﹐ 水 煎 服 ﹐ </formula> 
 
 <marginalia> 
 <sf> 惡 寒 者 陽 虛 發 熱 者 陰 虛 此 八 物 之 用 也 肉 桂 能 通 榮 衛 而 和 陰 陽 猶 諸 侯 之 命 圭 使 通 兩 家 之 好 也 </sf> 
 </marginalia>
<formula> 
 當 歸 羊 肉 湯     治 產 後 雖 無 疾 但 覺 虛 弱 。 兼 心 腹 痛 。 即 宜 服 之 。 
 肥 羊 肉 <sf> 一 觔 去 脂 </sf>     當 歸 <sf> 五 兩 </sf>     黃 蓍 <sf> 四 兩 </sf>     生 薑 <sf> 六 兩 </sf> 
 右 先 以 水 一 斗 ﹐ 煮 羊 肉 取 汁 八 升 ﹐ 後 下 三 味 煮 取 二 升 五 合 分 為 四 服 ﹐ ○ 若 覺 惡 露 不 盡 。 加 桂 三 兩 ﹐ ○ 惡 露 下 多 ﹐ 加 川 芎 三 兩 ﹐ ○ 有 寒 加 茱 萸 一 兩 ○ 有 氣 加 細 辛 二 兩 ﹐ ○ 有 熱 加 生 地 黃 汁 二 合 ﹐ 
 
 釋 曰 ﹐ 所 加 五 法 分 兩 多 寡 。 皆 有 意 義 ﹐ 若 川 芎 之 治 惡 露 下 多 。 陰 中 升 陽 也 有 氣 之 加 細 辛 。 辛 以 散 肝 也 ﹐ 餘 可 類 推 。 </formula> 
 
 <marginalia> 
 <sf> 本 草 云 人 參 黃 &lt;x> 與 羊 肉 同 功 又 謂 羊 肉 補 形 蓋 有 形 之 物 者 血 而 參 &lt;x> 益 氣 羊 肉 補 形 似 有 懸 殊 烏 可 同 語 然 有 形 生 於 無 形 故 曰 形 不 足 者 溫 之 以 氣 則 羊 肉 參 &lt;x> 二 而 一 者 也 而 四 味 有 氣 有 血 能 補 </sf> 
 </marginalia> 
 </text></document>