<?xml version="1.0" encoding="UTF-8" standalone="yes" ?>
<document>
<header>
<doctitle>
 重訂濟陰綱目 
 </doctitle>
<volume>
 第一冊, 卷 1 
 </volume>
<author>
 武 之 望   (叔卿 ) 
</author>
<date>
 清雍正六年, 1728
 </date>
<currentpage>
 text 29a 
 </currentpage>
<first>
 jiyingkangmu v.1 tp.xml
</first>
<last>
 jiyingkangmu v.1 text1 38b.xml 
</last>
<prev>
 jiyingkangmu v.1 text1 28b.xml 
</prev>
<next>
 jiyingkangmu v.1 text1 29b.xml 
</next>
<image>
 jiyingkangmu v.1 text1 29a.jpg 
</image>
</header><text>
<formula>當 歸         玄 胡 索 <sf> 各 等 分 </sf> 
 </formula> 
 右 為 粗 末 每 服 三 錢 加 生 薑 三 片 。 水 煎 稍 熱 服 
 
 <formula> 
 歸 漆 丸         治 月 經 不 利 。 臍 下 憋 逆 氣 腹 滿 。 
 當 歸 <sf> 四 錢 </sf>         乾 漆 <sf> 三 錢 炒 令 煙 盡 </sf> 
 </formula> 
 右 為 細 末 煉 蜜 丸 如 桐 子 大 每 服 十 五 丸 溫 酒 下 
 <marginalia> 
 <sf> 簡 當 妙 在 等 分 </sf> 
 </marginalia> 
 
 ○ 治 月 水 不 斷 
 <formula> 
 止 經 湯         治 婦 人 困 倦 多 睡 少 食 。 經 水 時 時 淋 瀝 。 或 成 片 。 或 下 赤 白 黃 水 。 面 色 青 黃 。 頭 眩 目 花 。 四 肢 酸 疼 。 此 證 急 宜 調 理 。 免 致 崩 漏 
 當 歸         川 芎         白 芍 藥 <sf> 炒 </sf>         熟 地 黃 <sf> 各 一 錢 </sf>         白 朮         黃 苓         阿 膠 <sf> 炒 </sf>         蒲 黃 <sf> 炒 </sf>         柏 葉 <sf> <cf> &#30416; </cf> 水 炒 各 七 分 </sf>         香 附 <sf> 一 錢 </sf> 
 <marginalia> 
 <sf> 據 此 證 俱 屬 脾 胃 元 氣 不 足 當 用 人 參 養 榮 歸 脾 補 中 十 全 之 類 而 此 亦 穩 當 如 加 參 &lt;x> 更 佳 </sf> 
 </marginalia> 
 </formula></text></document>