<?xml version="1.0" encoding="UTF-8" standalone="yes" ?>
<document>
<header>
<doctitle>
 重訂濟陰綱目 
 </doctitle>
<volume>
 第一冊, 卷 1 
 </volume>
<author>
 武 之 望   (叔卿 ) 
</author>
<date>
 清雍正六年, 1728
 </date>
<currentpage>
 text 2b 
 </currentpage>
<first>
 jiyingkangmu v.1 tp.xml
</first>
<last>
 jiyingkangmu v.1 text1 38b.xml 
</last>
<prev>
 jiyingkangmu v.1 text1 2a.xml 
</prev>
<next>
 jiyingkangmu v.1 text1 3a.xml 
</next>
<image>
 jiyingkangmu v.1 text1 2b.jpg 
</image>
</header><text>
無 餘 。 衛 不 足 。 其 息 短 。 其 形 躁 。 血 不 足 。 其 形 逆 。 榮 衛 俱 虛 。 言 語 謬 誤 。 跌 陽 <cf> &#33033; </cf> 浮 而 濇 。 濇 則 衛 氣 虛 。 虛 則 短 氣 。 咽 燥 而 口 苦 胃 氣 澀 則 失 液 。 少 陰 <cf> &#33033; </cf> 微 而 遲 。 微 則 無 精 。 遲 則 陰 中 寒 。 濇 則 血 不 來 。 此 為 居 經 。 三 月 一 來 。 ○ 問 曰 。 &lt;x> 人 妊 娠 三 月 。 師 <cf> &#33033; </cf> 之 。 
 <marginalia> 
 <sf> 不 月 此 則 又 兼 小 腸 不 過 與 心 為 合 豈 可 混 &lt;x> 當 以 素 問 為 是 此 言 <cf> &#33033; </cf> 微 氣 血 兩 虛 之 居 經   </sf> 
 </marginalia> 
 言 此 &lt;x> 人 非 軀 。 今 月 經 當 下 其 <cf> &#33033; </cf> 何 類 。 何 以 別 之 。 師 曰 。 寸 口 <cf> &#33033; </cf> 衛 浮 而 大 。 榮 反 而 弱 。 浮 大 則 氣 強 。 反 弱 則 少 血 。 孤 陽 獨 呼 。 陰 不 能 吸 。 二 氣 不 停 。 衛 降 榮 竭 。 陰 為 積 寒 。 陽 為 聚 熱 。 陽 盛 不 潤 。 經 <cf> &#33033; </cf> 不 足 。 陰 虛 陽 往 。 <sf> 一 作 實 </sf> 故 令 少 血 時 發 洒 淅 。 咽 燥 汗 出 。 或 溲 稠 數 。 多 唾 涎 沫 。 此 令 重 虛 。 津 液 漏 泄 。 故 知 非 軀 。 畜 煩 滿 血 。 月 稟 一 經 。 三 月 一 來 。 陰 盛 則 瀉 。 名 曰 居 經 <sf> 謂 右 <cf> &#33033; </cf> 浮 大 左 <cf> &#33033; </cf> 反 弱 也 </sf> 
 <marginalia> 
 <sf> 此 言 寸 脈 微 濇 反 胃 脈 浮 濇 陽 不 生 陰 之 居 經 
 蓋 女 子 尺 <cf> &#33033; </cf> 宜 盛 今 反 見 弱 是 榮 不 足 于 下 也 寸 口 衛 <cf> &#33033; </cf> 浮 大 者 衛 氣 盛 于 上 也 經 曰 至 陽 </sf> 
 </marginalia> 
 
 ○ 論 師 尼 寡 婦 異 乎 妻 妾 之 治 
 </text></document>