<?xml version="1.0" encoding="UTF-8" standalone="yes" ?>
<document>
<header>
<doctitle>
 重訂濟陰綱目 
 </doctitle>
<volume>
 第一冊, 卷 1 
 </volume>
<author>
 武 之 望   (叔卿 ) 
</author>
<date>
 清雍正六年, 1728
 </date>
<currentpage>
 text 31b 
 </currentpage>
<first>
 jiyingkangmu v.1 tp.xml
</first>
<last>
 jiyingkangmu v.1 text1 38b.xml 
</last>
<prev>
 jiyingkangmu v.1 text1 31a.xml 
</prev>
<next>
 jiyingkangmu v.1 text1 32a.xml 
</next>
<image>
 jiyingkangmu v.1 text1 31b.jpg 
</image>
</header><text>
<formula> 
 加 味 烏 藥 湯         治 婦 人 經 水 欲 來 。 臍 腹 病 痛 。 
 烏 藥         縮 砂         木 香         玄 胡 索 <sf> 各 一 兩 </sf>         香 附 <sf> 炒 去 毛 二 兩 </sf>         甘 草 <sf> 炙 一 兩 半 </sf> 
 </formula> 
 右 細 剉 。 每 服 七 錢 生 薑 三 片 水 煎 溫 服 
 <marginalia> 
 <sf> 此 全 是 氣 其 惟 血 實 者 宜 之 妙 在 不 用 血 藥 </sf> 
 </marginalia> 
 
<formula> 
 澹 寮 煮 附 丸         治 經 侯 [ 候 ] 不 調 。 血 氣 刺 痛 。 腹 { 脅 } 膨 脹 。 頭 暈 。 ○ 惡 心 並 宜 服 之 
 香 附 子 <sf> 擦 去 毛 不 拘 多 少 米 醋 浸 一 日 用 瓦 銚 煮 令 醋 盡 </sf> 
 </formula> 
 右 為 末 醋 糊 丸 如 桐 子 大 晒 乾 每 服 五 十 丸 淡 醋 湯 下 
 <marginalia> 
 <sf> 妙 在 用 醋 以 人 有 行 氣 也 </sf> 
 </marginalia> 
 已 上 三 方 形 滯 氣 之 劑 。 
 
 <formula> 
 薑 黃 散         治 血 臟 久 冷 。 月 水 不 調 。 及 瘀 血 凝 滯 。 臍 腹 刺 痛 。 
 薑 黃         白 芍 藥 <sf> 炒 三 兩 </sf>         當 歸         牡 丹 皮         玄 胡 索 <sf> 各 二 兩 </sf> 
 <marginalia> 
 <sf> 此 與 加 味 四 物 小 異 其 妙 </sf> 
 </marginalia> 
 </formula></text></document>