<?xml version="1.0" encoding="UTF-8" standalone="yes" ?>
<document>
<header>
<doctitle>
 重訂濟陰綱目 
 </doctitle>
<volume>
 第三冊, 卷 5 
 </volume>
<author>
 武 之 望   (叔卿 ) 
</author>
<date>
 清雍正六年, 1728
 </date>
<currentpage>
 text 1b 
 </currentpage>
<first>
 jiyingkangmu v.3 text4 1a.xml
</first>
<last>
 jiyingkangmu v.3 text6 26b.xml 
</last>
<prev>
 jiyingkangmu v.3 text5 1a.xml 
</prev>
<next>
 jiyingkangmu v.3 text5 2a.xml 
</next>
<image>
 jiyingkangmu v.3 text5 1b.jpg 
</image>
</header><text>
<marginalia> 
 <sf> 子 為 七 疝 女 為 瘕 則 疝 與 瘕 亦 可 同 經 男 與 女 亦 有 同 病 是 瘕 不 止 于 八 也 痞 一 癥 二 曰 血 曰 食 而 不 言 及 痰 飲 何 也 蓋 痞 氣 之 中 未 嘗 無 飲 而 血 癥 食 癥 之 內 未 嘗 無 痰 則 痰 食 血 又 未 有 不 先 因 氣 而 后 形 病 也 故 消 積 之 中 當 兼 行 氣 消 痰 消 瘀 之 藥 為 是 </sf> 
 </marginalia> 
 
 徵 驗 也 。 氣 壅 塞 為 痞 。 言 其 氣 痞 塞 不 宣 暢 也 。 傷 食 成 塊 。 堅 而 不 移 。 名 曰 食 瘕 瘀 血 成 塊 。 堅 而 不 移 。 名 曰 血 癥 。 若 夫 腹 中 瘀 血 。 則 積 而 未 堅 。 未 至 於 成 塊 者 也 。 大 抵 以 推 之 不 動 為 癥 。 推 之 動 為 瘕 也 。 至 夫 疝 與 &lt;x> 癖 。 則 與 痛 俱 。 痛 即 現 。 不 痛 即 隱 。 在 臍 左 右 為 &lt;x> 。 在 兩 肋 之 間 為 癖 。 在 小 腹 而 牽 引 腰 { 脅 } 為 疝 。 恐 學 者 一 時 難 了 。 未 免 淆 亂 。 故 總 敘 而 條 析 之 。 
 
 ○ 論 婦 人 八 瘕 所 因 。 
 病 源 曰 。 八 瘕 者 。 皆 胞 胎 生 產 。 月 水 往 來 。 血 脈 精 氣 不 調 之 所 生 也 。 腎 為 陰 。 主 開 閉 。 左 為 胞 門 。 右 為 子 戶 。 主 定 月 水 生 子 之 道 。 胞 門 子 戶 。 主 子 精 神 氣 所 出 入 。 合 於 中 黃 門 。 玉 門 四 邊 。 主 持 開 元 。 禁 閉 子 精 。 臍 下 三 寸 。 名 曰 { 關 } 元 。 主 臟 魂 魄 。 婦 人 之 胞 。 三 焦 之 府 。 常 所 從 止 。 
 </text></document>