<?xml version="1.0" encoding="UTF-8" standalone="yes" ?>
<document>
<header>
<doctitle>
 重訂濟陰綱目 
 </doctitle>
<volume>
 第四冊, 卷 7 
 </volume>
<author>
 武 之 望   (叔卿 ) 
</author>
<date>
 清雍正六年, 1728
 </date>
<currentpage>
 text 8a 
 </currentpage>
<first>
 jiyingkangmu v.4 text7 1a.xml
</first>
<last>
 jiyingkangmu v.4 text8 44b.xml 
</last>
<prev>
 jiyingkangmu v.4 text7 7b.xml 
</prev>
<next>
 jiyingkangmu v.4 text7 8b.xml 
</next>
<image>
 jiyingkangmu v.4 text7 8a.jpg 
</image>
</header><text>
昏 暈 。 米 飲 吞 下 五 十 丸 。 
 
 ○ <cf> &#33033; </cf> 法 
 <cf> &#33033; </cf> 經 曰 。 少 陰 <cf> &#33033; </cf> 滑 。 而 數 者 。 陰 中 生 瘡 。 ○ 少 陰 <cf> &#33033; </cf> 弦 者 。 白 腸 必 挺 核 。 
 
 治 陰 戶 腫 痛 
 <formula> 
 龍 膽 瀉 肝 湯         治 肝 經 濕 熱 。 下 部 兩 &lt;x> 。 腫 焮 作 痛 。 小 便 { 澀 } 滯 。 陰 挺 如 菌 。 或 出 物 如 蟲 等 證 。 
 龍 膽 草 <sf> 酒 炒 </sf>         澤 瀉 <sf> 各 一 錢 </sf>         車 前 子 <sf> 炒 </sf>         木 通         當 歸 <sf> 酒 拌 </sf>         生 地 黃 <sf> 酒 炒 </sf>         山 梔 子 <sf> 炒 </sf>         黃 苓 <sf> 炒 </sf>         生 甘 草 <sf> 各 五 分 </sf> 
 </formula> 
 右 剉 水 煎 服 。 ○ 玉 門 腫 脹 。 加 木 香 。 
 <marginalia> 
 <sf> 瀉 肝 而 兼 導 赤 瀉 其 子 也 瀉 肝 而 用 利 水 肝 主 { 疏 } 瀉 也 龍 <cf> &#32966; </cf> 山 梔 假 以 降 火 當 補 生 地 以 滋 肝 陰 生 甘 草 緩 肝 之 急 炒 黃 苓 助 肝 之 氣 </sf> 
 </marginalia> 
 
<formula> 
 加 味 四 物 湯 。         治 陰 戶 腫 痛 。 
 當 歸         川 芎         芍 藥         生 地 黃 
 </formula></text></document>