<?xml version="1.0" encoding="UTF-8" standalone="yes" ?>
<document>
<header>
<doctitle>
 重訂濟陰綱目 
 </doctitle>
<volume>
 第一冊, 卷 1 
 </volume>
<author>
 武 之 望   (叔卿 ) 
</author>
<date>
 清雍正六年, 1728
 </date>
<currentpage>
 text 36b 
 </currentpage>
<first>
 jiyingkangmu v.1 tp.xml
</first>
<last>
 jiyingkangmu v.1 text1 38b.xml 
</last>
<prev>
 jiyingkangmu v.1 text1 36a.xml 
</prev>
<next>
 jiyingkangmu v.1 text1 37a.xml 
</next>
<image>
 jiyingkangmu v.1 text1 36b.jpg 
</image>
</header><text>
<formula>地 骨 皮         柴 胡 <sf> 各 一 兩 </sf>         桑 白 皮 <sf> 炒 </sf>         枳 殼 <sf> 麩 炒 </sf>         前 胡         黃 &lt;x> <sf> 炒 各 七 錢 五 分 </sf>         人 參         白 茯 苓         白 芍 藥         甘 草         五 加 皮         桂 心 <sf> 各 半 兩 </sf> 
 </formula> 
 右 &lt;x> 咀 。 每 服 三 五 錢 水 一 盞 半 。 生 薑 三 片 煎 七 分 服 。 
 <marginalia> 
 <sf> 桂 心 是 補 肺 溫 氣 藥 桑 皮 枳 殼 地 骨 皮 是 補 肺 清 熱 藥 白 芍 茯 苓 是 降 收 之 味 五 加 前 胡 是 行 散 之 味 而 乃 並 用 之 重 在 氣 虛 有 火 當 以 分 兩 中 求 之 疾 苦 中 審 之 則 竅 妙 自 得 參 &lt;x> 白 木 蓋 肺 脾 三 焦 元 氣 而 治 不 欲 食 麥 冬 生 地 清 心 與 包 絡 中 火 而 生 血 並 治 口 </sf> 
 </marginalia> 
<formula>
柴 胡 散         治 婦 人 寒 熱 體 瘦 肢 節 疼 痛 口 乾 心 煩 不 欲 飲 食 
 北 柴 胡         赤 茯 苓         黃 &lt;x>         白 朮 <sf> 各 一 錢 </sf>         麥 門 冬 <sf> 去 心 三 錢 </sf>         鱉 甲 <sf> 醋 炙 二 錢 </sf>         人 參         地 骨 皮         枳 殼 <sf> 麩 炒 </sf>         生 地 黃         桑 白 皮         赤 芍 藥         桔 梗         甘 草 <sf> 各 五 分 </sf> 
 </formula>
 右 作 一 服 水 二 鐘 生 薑 三 片 。 煎 至 一 鐘 不 拘 時 服 
<formula>七 寶 湯         治 寒 熱 往 來 
 </formula></text></document>