<?xml version="1.0" encoding="UTF-8" standalone="yes" ?>
<document>
<header>
<doctitle>
 重訂濟陰綱目 
 </doctitle>
<volume>
 第四冊, 卷 8 
 </volume>
<author>
 武 之 望   (叔卿 ) 
</author>
<date>
 清雍正六年, 1728
 </date>
<currentpage>
 text 21a 
 </currentpage>
<first>
 jiyingkangmu v.4 text7 1a.xml
</first>
<last>
 jiyingkangmu v.4 text8 44b.xml 
</last>
<prev>
 jiyingkangmu v.4 text8 20b.xml 
</prev>
<next>
 jiyingkangmu v.4 text8 21b.xml 
</next>
<image>
 jiyingkangmu v.4 text8 21a.jpg 
</image>
</header><text>
<formula> 
 一 方         治 { 妊 } 娠 從 高 墜 下 。 腹 中 下 血 煩 悶 。 
 生 地 黃         益 母 草 <sf> 各 一 兩 </sf>         當 歸         黃 蓍 <sf> 各 半 兩 </sf> 
 </formula> 
 右 &lt;x> 咀 。 每 服 四 錢 。 水 一 盞 薑 四 片 。 煎 至 六 分 。 去 漬 。 服 無 時 。 
 
 <formula> 
 二 物 解 毒 湯         治 誤 服 毒 藥 動 胎 
 甘 草         黑 豆         淡 竹 葉 <sf> 各 等 分 </sf> 
 </formula>
右 用 水 煎 。 濃 服 。 
 <marginalia> 
 <sf> 解 毒 良 方 </sf> 
 </marginalia> 
 
<formula> 
 白 扁 豆 散         治 { 妊 } 娠 誤 服 諸 般 毒 藥 毒 物 
 白 扁 豆 生 去 皮 為 細 末 米 飲 調 服 。 方 寸 匕 神 效 。 或 濃 煎 亦 可 。 
 </formula>  ○ 治 漏 下 血 <sf> { 妊 } 娠 經 來 </sf> 
 脈 經 云 。 婦 人 經 月 下 。 但 為 微 少 。 師 脈 - 之 。 反 言 有 軀 。 其 後 審 然 。 其 脈 何 類 。 何 以 別 之 。 師 曰 寸 口 脈 。 陰 陽 俱 平 。 榮 衛 調 和 。 按 之 則 滑 。 浮 之 
 </text></document>