<?xml version="1.0" encoding="UTF-8" standalone="yes" ?>
<document>
<header>
<doctitle>
 重訂濟陰綱目 
 </doctitle>
<volume>
 第一冊, 卷 1 
 </volume>
<author>
 武 之 望   (叔卿 ) 
</author>
<date>
 清雍正六年, 1728
 </date>
<currentpage>
 text 23a 
 </currentpage>
<first>
 jiyingkangmu v.1 tp.xml
</first>
<last>
 jiyingkangmu v.1 text1 38b.xml 
</last>
<prev>
 jiyingkangmu v.1 text1 22b.xml 
</prev>
<next>
 jiyingkangmu v.1 text1 23b.xml 
</next>
<image>
 jiyingkangmu v.1 text1 23a.jpg 
</image>
</header><text>
若 產 後 虛 勞 日 久 。 而 <cf> &#33033; </cf> 浮 疾 者 。 宜 柴 胡 四 物 湯 。 乃 本 方 與 小 柴 胡 湯 合 用 也 。 
 
 若 產 後 諸 症 各 隨 六 經 。 以 四 物 。 與 仲 景 藥 各 半 。 服 之 甚 效 。 
 <marginalia> 
 <sf> 是 大 法 也 宜 熟 </sf> 
 </marginalia> 
 
 產 後 虛 憊 。 發 熱 。 煩 悶 加 生 地 黃 
 
 產 後 腹 脹 。 加 枳 殼 肉 桂 。 
 
 產 後 寒 熱 往 來 。 加 柴 胡 麥 門 冬 
 
 產 後 敗 血 築 心 。 加 地 骨 皮 芍 藥 。 <sf> 地 骨 皮 恐 未 善 </sf> 
 
 產 後 潮 熱 。 加 白 朮 北 柴 胡 甘 草 牡 丹 皮 地 骨 皮 
 <marginalia> 
 <sf> 如 有 風 熱 可 加 無 則 不 可 </sf> 
 </marginalia> 
 
 產 後 病 眼 。 加 北 細 辛 羌 活 荊 芥 菊 花 甘 草 木 賊 石 決 明 草 決 明 
 
 產 後 浮 腫 氣 急 。 腹 脹 { 喉 } 中 水 雞 聲 。 加 牡 丹 皮 荊 芥 白 朮 桑 白 皮 赤 小 豆 大 腹 皮 杏 仁 半 夏 馬 兜 鈴 生 薑 <cf> &#33905; </cf> 白 薄 荷 
 </text></document>