<?xml version="1.0" encoding="UTF-8" standalone="yes" ?>
<document>
<header>
<doctitle>
 重訂濟陰綱目 
 </doctitle>
<volume>
 第四冊, 卷 8 
 </volume>
<author>
 武 之 望   (叔卿 ) 
</author>
<date>
 清雍正六年, 1728
 </date>
<currentpage>
 text 30a 
 </currentpage>
<first>
 jiyingkangmu v.4 text7 1a.xml
</first>
<last>
 jiyingkangmu v.4 text8 44b.xml 
</last>
<prev>
 jiyingkangmu v.4 text8 29b.xml 
</prev>
<next>
 jiyingkangmu v.4 text8 30b.xml 
</next>
<image>
 jiyingkangmu v.4 text8 30a.jpg 
</image>
</header><text>
<formula> 
 紫 蘇 飲         治 胎 氣 不 和 湊 上 心 腹 脹 滿 疼 痛 謂 之 子 懸 兼 治 臨 產 驚 恐 氣 結 連 日 不 下 <sf> 一 方 無 川 芎 名 七 寶 散 </sf> 
 紫 蘇 葉 <sf> 二 錢 </sf>         大 腹 皮         川 芎         白 芍 藥         陳 皮 <sf> 去 白 </sf>         當 歸 <sf> 各 一 錢 </sf>         人 參         甘 草 <sf> 各 五 分 </sf> 
 </formula> 
 右 剉 作 一 服 。 加 生 薑 三 片 。 <cf> &#33905; </cf> 白 七 寸 。 水 煎 服 。 
 
 本 事 方 云 曾 有 一 婦 。 累 日 產 不 下 服 遍 催 生 藥 不 驗 予 曰 此 必 坐 草 太 早 。 心 懷 一 點 懼 氣 。 結 而 不 行 。 然 非 不 順 也 。 素 問 云 。 恐 則 氣 下 蓋 恐 則 精 神 怯 。 怯 則 上 焦 閉 。 閉 則 氣 還 。 還 則 下 焦 脹 氣 乃 不 行 矣 。 得 此 藥 。 一 服 便 產 。 及 婦 人 六 七 月 子 懸 者 。 予 用 此 數 數 有 驗 不 十 服 。 胎 便 近 下 。 
 
 陳 方 甫 治 一 婦 有 孕 七 箇 月 。 遠 歸 。 忽 然 胎 上 衝 心 而 痛 。 坐 臥 不 
 </text></document>