<?xml version="1.0" encoding="UTF-8" standalone="yes" ?>
<document>
<header>
<doctitle>
 重訂濟陰綱目 
 </doctitle>
<volume>
 第二冊, 卷 2 
 </volume>
<author>
 武 之 望   (叔卿 ) 
</author>
<date>
 清雍正六年, 1728
 </date>
<currentpage>
 text 23b 
 </currentpage>
<first>
 jiyingkangmu v.2 text2 1a.xml
</first>
<last>
 jiyingkangmu v.2 text3 26b.xml 
</last>
<prev>
 jiyingkangmu v.2 text2 23a.xml 
</prev>
<next>
 jiyingkangmu v.2 text2 24a.xml 
</next>
<image>
 jiyingkangmu v.2 text2 23b.jpg 
</image>
</header><text>
<cf> &#33033; </cf> 經 曰 問 無 崩 何 等 類 。 師 曰 白 崩 者 形 如 涕 。 赤 崩 者 。 形 如 絳 津 黃 崩 者 形 如 爛 瓜 。 青 崩 者 。 形 如 藍 色 。 黑 崩 者 。 形 如 { 衄 } 血 也 。 ○ 寸 口 弦 而 大 。 弦 則 為 減 。 大 則 為 芤 。 減 則 為 寒 。 芤 則 為 虛 。 寒 虛 相 
 <marginalia> 
 <sf> 減 即 小 也 </sf> 
 </marginalia> 
 搏 。 <cf> &#33033; </cf> 則 為 革 。 婦 人 則 半 產 漏 下 。 ○ 尺 <cf> &#33033; </cf> 急 而 弦 大 。 風 邪 入 少 陰 之 經 。 女 子 漏 白 下 赤 。 ○ 漏 血 下 。 赤 白 不 止 。 <cf> &#33033; </cf> 小 虛 滑 者 生 大 緊 實 數 者 死 。 ○ 漏 下 赤 白 。 日 下 血 數 升 急 疾 者 死 遲 者 生 。 
 
 ○ 治 血 熱 崩 漏 
 <formula> 
 荊 芥 四 物 湯         治 崩 漏 初 起 。 不 問 虛 實 。 服 之 立 止 。 
 當 歸         川 芎         白 芍 藥 炒         生 地 黃         荊 芥 穗         條 苓 <sf> 炒 </sf>         香 附 子 <sf> 炒 各 一 錢 </sf> 
 </formula> 
 右 剉 水 煎 服 ○ 如 不 止 。 加 防 風 升 麻 白 朮 蒲 黃 ○ 一 方 加 地 榆 
 <marginalia> 
 <sf> 血 藏 肝 肝 氣 不 升 則 熱 迫 于 下 故 血 不 能 藏 而 崩 也 況 厥 陰 之 經 環 陰 器 而 庭 孔 前 陰 皆 屬 之 荊 芥 升 肝 氣 香 附 理 肝 </sf> 
 </marginalia> 
 </text></document>