<?xml version="1.0" encoding="UTF-8" standalone="yes" ?>
<document>
<header>
<doctitle>
 重訂濟陰綱目 
 </doctitle>
<volume>
 第一冊 
 </volume>
<author>
 武 之 望   (叔卿 ) 
</author>
<date>
 清雍正六年, 1728
 </date>
<currentpage>
 table of contents 42b 
 </currentpage>
<first>
 jiyingkangmu v.1 tp.xml
</first>
<last>
 jiyingkangmu v.1 text1 38b.xml 
</last>
<prev>
 jiyingkangmu v.1 table of contents 42a.xml 
</prev>
<next>
 jiyingkangmu v.1 table of contents 43a.xml 
</next>
<image>
 jiyingkangmu v.1 table of contents 42b.jpg 
</image>
</header><text>
乳 汁 自 出 
 漏 蘆 散 <sf> 見 前 </sf> 
 免 懷 湯 <sf> 欲 摘 乳 者 通 其 月 經 則 乳 汁 不 行 </sf> 
 一 方 <sf> 治 婦 人 血 氣 方 盛 乳 房 作 脹 或 無 兒 食 乳 要 消 </sf> 
 
 吹 乳 癰 腫 
 消 毒 飲 <sf> 治 吹 乳 乳 癰 并 便 毒 如 憎 寒 壯 熱 不 痛 </sf> 
 連 翹 飲 子 <sf> 治 乳 癰 </sf> 
 一 方 <sf> 治 血 <cf> &#33033; </cf> 凝 注 不 散 結 成 吹 乳 乳 癰 痛 腫 不 可 忍 者 </sf> 
 又 方 <sf> 治 婦 人 乳 中 結 核 </sf> 
 內 托 升 麻 湯 <sf> 治 婦 人 兩 乳 間 出 黑 頭 瘡 頂 陷 下 作 黑 眼 並 乳 癰 初 起 亦 治 </sf> 
 清 肝 解 鬱 湯 <sf> 治 肝 經 虛 血 風 熱 鬱 火 傷 血 結 核 為 腫 為 潰 </sf> 
 一 方 <sf> 治 乳 栗 破 則 少 生 必 大 補 </sf> 
 一 方 <sf> 治 乳 硬 痛 </sf> 
 金 銀 花 散 <sf> 治 乳 <cf> &#33033; </cf> 不 行 結 成 癰 腫 疼 痛 不 可 忍 </sf> 
 丹 溪 方 <sf> 治 乳 腫 痛 </sf> 
 一 方 <sf> 治 乳 癰 妳 勞 焮 腫 </sf> 
 一 方 <sf> 治 乳 有 核 </sf> 
 復 元 通 氣 散 <sf> 治 婦 人 乳 癰 腫 毒 </sf> 
 治 乳 癰 方 
 神 效 瓜 蔞 散 <sf> 治 婦 人 乳 癰 乳 <cf> &#23721; </cf> 神 效 </sf> 
 </text></document>