<?xml version="1.0" encoding="UTF-8" standalone="yes" ?>
<document>
<header>
<doctitle>
 重訂濟陰綱目 
 </doctitle>
<volume>
 第七冊, 卷 13 
 </volume>
<author>
 武 之 望   (叔卿 ) 
</author>
<date>
 清雍正六年, 1728
 </date>
<currentpage>
 text 11a 
 </currentpage>
<first>
 jiyingkangmu v.7 text12 1a.xml
</first>
<last>
 jiyingkangmu v.7 text13 46b.xml
</last>
<prev>
 jiyingkangmu v.7 text13 10b.xml 
</prev>
<next>
 jiyingkangmu v.7 text13 11b.xml 
</next>
<image>
 jiyingkangmu v.7 text13 11a.jpg 
</image>
</header><text>
一 婦 產 後 三 日 。 起 早 。 況 氣 血 未 定 。 遂 感 身 熱 目 暗 。 如 風 狀 。 即 以 清 魂 散 二 服 。 得 微 汗 而 愈 。 
 
 滑 伯 仁 治 一 產 婦 惡 露 不 行 。 臍 腹 痛 。 頭 疼 寒 熱 。 眾 皆 以 為 感 寒 。 溫 以 薑 附 益 大 熱 。 手 足 搐 搦 。 語 膽 目 攛 。 診 其 <cf> &#33033; </cf> 。 弦 而 洪 數 面 赤 目 閉 。 語 喃 喃 不 可 辯 。 舌 黑 如 { 炱 } 。 燥 無 津 潤 。 胸 腹 按 之 不 勝 手 。 蓋 燥 劑 搏 其 血 。 內 熱 而 風 生 。 血 畜 而 為 痛 也 。 曰 此 產 後 熱 入 血 室 因 而 生 風 。 即 先 為 清 熱 降 火 。 治 風 涼 血 之 劑 二 服 。 頗 爽 。 繼 以 琥 珀 牛 黃 等 。 稍 解 人 事 。 後 以 張 從 政 三 和 散 行 血 破 瘀 。 三 四 服 。 惡 露 大 下 如 初 。 時 產 已 十 日 矣 。 于 是 諸 證 悉 平 
 <marginalia> 
 <sf> 盜 汗 之 症 以 此 方 和 之 則 外 者 得 入 內 者 得 出 使 經 絡 通 邪 氣 散 陰 陽 和 筋 骨 用 矣 而 安 有 以 上 諸 症 也 
 妙 在 以 胃 氣 為 主 
 
 清 魂 散 乃 散 風 之 補 劑 
 
 以 此 觀 之 原 有 外 感 
 
 既 知 內 熱 生 風 只 宜 治 熱 不 必 治 風 所 謂 求 標 取 本 也 即 用 三 和 散 或 桃 仁 承 氣 湯 俱 妙 三 和 散 有 大 黃 </sf> 
 </marginalia> 
 
 一 婦 盛 暑 月 中 。 產 三 日 。 發 熱 。 其 脈 虛 疾 而 大 。 惡 露 不 行 敗 血 攻 心 狂 言 { 叫 } 呼 奔 走 。 挐 捉 不 住 。 以 乾 荷 葉 生 地 黃 牡 丹 皮 濃 煎 湯 調 下 
 </text></document>