<?xml version="1.0" encoding="UTF-8" standalone="yes" ?>
<document>
<header>
<doctitle>
 重訂濟陰綱目 
 </doctitle>
<volume>
 第二冊, 卷 2 
 </volume>
<author>
 武 之 望   (叔卿 ) 
</author>
<date>
 清雍正六年, 1728
 </date>
<currentpage>
 text 12b 
 </currentpage>
<first>
 jiyingkangmu v.2 text2 1a.xml
</first>
<last>
 jiyingkangmu v.2 text3 26b.xml 
</last>
<prev>
 jiyingkangmu v.2 text2 12a.xml 
</prev>
<next>
 jiyingkangmu v.2 text2 13a.xml 
</next>
<image>
 jiyingkangmu v.2 text2 12b.jpg 
</image>
</header><text>
住 仍 以 調 氣 藥 補 之 
 
 <formula> 
 血 和 通 經 丸         治 婦 人 經 水 凝 滯 。 不 行 。 腰 背 臍 腹 疼 痛 。 漸 成 血 塊 。 
 芍 藥 <sf> 一 兩 </sf>         當 歸         木 香         肉 桂         乾 漆 <sf> 炒 <cf> &#28895; </cf> 盡 </sf>         五 靈 脂         大 黃         廣 茂 <sf> 煨 各 半 兩 </sf>         水 蛭 <sf> 炒 二 錢 半 </sf>         { 虻 } 蟲 <sf> 三 十 個 去 頭 足 翅 焙 </sf>         桃 仁 <sf> 二 十 七 個 湯 浸 去 皮 尖 </sf> 
 </formula> 
 右 為 末 醋 。 糊 丸 。 如 桐 子 大 。 食 前 醋 湯 。 或 酒 。 下 二 十 丸 。 
 <marginalia> 
 <sf> 按 方 廣 云 月 候 不 通 有 血 滯 者 血 枯 者 此 方 用 之 於 血 枯 是 求 千 金 於 乞 丐 矣 審 之 
 蛭 { 虻 } 皆 蝕 血 故 用 之 以 破 血 苟 非 血 塊 不 宜 用 </sf> 
 </marginalia> 
 
<formula> 
 班 苗 通 經 丸         治 經 候 閉 塞 。 亦 治 乾 血 氣 。 
 斑 苗 <sf> 二 十 個 糯 米 炒 </sf>         桃 仁 <sf> 四 十 九 個 炒 </sf>         大 黃 <sf> 錦 紋 者 五 錢 </sf> 
 可 </formula> 
 右 為 細 末 。 酒 糊 為 丸 。 如 桐 子 大 。 空 心 酒 下 五 丸 。 甚 者 十 丸 ○ 如 血 枯 經 閉 者 用 四 物 湯 送 下 ○ 一 方 加 虻 蟲 半 錢 水 蛭 一 錢 。 
 
 <formula> 
 大 黃 膏 <sf> 一 名 將 軍 丸 </sf>         治 婦 人 乾 血 氣 
 川 大 黃 四 兩 為 末 用 釅 醋 熬 成 膏 子 。 丸 如 雞 頭 大 。 每 服 一 丸 。</formula><marginalia> 
 <sf> 乾 血 氣 者 熱 也 故 用 大 黃 </sf> 
 </marginalia> 
 </text></document>