<?xml version="1.0" encoding="UTF-8" standalone="yes" ?>
<document>
<header>
<doctitle>
 重訂濟陰綱目 
 </doctitle>
<volume>
 第八冊, 卷 14 
 </volume>
<author>
 武 之 望   (叔卿 ) 
</author>
<date>
 清雍正六年, 1728
 </date>
<currentpage>
 text 19a 
 </currentpage>
<first>
 jiyingkangmu v.8 text14 1a.xml
</first>
<last>
 bao sheng sui shi 9b.xml
</last>
<prev>
 jiyingkangmu v.8 text14 18b.xml 
</prev>
<next>
 jiyingkangmu v.8 text14 19b.xml 
</next>
<image>
 jiyingkangmu v.8 text14 19a.jpg 
</image>
</header><text>
○ 小 便 出 血 
 大 全 云 ﹐ 產 後 小 便 出 血 者 。 因 氣 血 虛 而 熱 乘 之 。 血 得 熱 則 流 散 。 滲 於 胞 內 。 故 血 隨 小 便 出 。 
 薛 氏 曰 ﹐ 一 產 婦 尿 血 面 黃 。 { 脅 } 脹 少 食 。 此 肝 木 乘 脾 土 也 。 用 加 味 逍 遙 。 補 中 益 氣 兼 服 而 愈 。 後 為 懷 抱 不 樂 。 食 少 體 倦 。 驚 悸 無 寐 。 血 仍 作 。 用 加 味 歸 脾 湯 二 十 餘 劑 將 愈 。 惑 於 眾 論 。 服 犀 角 地 黃 湯 。 諸 證 復 作 。 仍 服 前 湯 而 愈 。 
 <marginalia> 
 <sf> 以 歸 脾 而 愈 豈 尿 血 亦 為 脾 不 攝 血 歟 臨 症 須 酌 之 </sf> 
 </marginalia> 
 
 <marginalia> 
 <sf> 即 此 五 方 條 理 有 序 品 味 合 宜 孰 能 遺 之 </sf> 
 </marginalia>
<formula> 
 血 餘 散     治 產 後 小 便 出 血 。 
 亂 髮 不 拘 多 少 。 湯 洗 見 淨 燒 灰 。 研 為 末 。 米 飲 調 服 方 寸 七 。 </formula> 
 
 <formula> 
 滑 石 散     治 產 後 小 便 出 血 。 
 滑 石 <sf> 研 </sf>       髮 灰 <sf> 等 分 </sf> 
 </formula></text></document>