<?xml version="1.0" encoding="UTF-8" standalone="yes" ?>
<document>
<header>
<doctitle>
 重訂濟陰綱目 
 </doctitle>
<volume>
 第一冊, 卷 1 
 </volume>
<author>
 武 之 望   (叔卿 ) 
</author>
<date>
 清雍正六年, 1728
 </date>
<currentpage>
 text 26b 
 </currentpage>
<first>
 jiyingkangmu v.1 tp.xml
</first>
<last>
 jiyingkangmu v.1 text1 38b.xml 
</last>
<prev>
 jiyingkangmu v.1 text1 26a.xml 
</prev>
<next>
 jiyingkangmu v.1 text1 27a.xml 
</next>
<image>
 jiyingkangmu v.1 text1 26b.jpg 
</image>
</header><text>
<marginalia> 
 <sf> 者 津 梁 病 人 砭 石 調 劑 者 之 法 也 </sf> 
 </marginalia> 
 
 ○ 治 經 候 過 期 <sf> 只 此 二 方 猶 為 未 盡 </sf>
<formula>
過 期 飲         治 經 水 過 期 不 行 乃 血 虛 氣 滯 之 故 法 當 補 血 行 氣 
 當 歸         白 芍 藥         熟 地 黃         香 附 <sf> 各 二 錢 </sf>         川 芎 <sf> 一 錢 </sf>         紅 花 <sf> 七 分 </sf>         桃 仁 泥 <sf> 六 分 </sf>         蓬 莪 茂         木 通 <sf> 各 五 分 </sf>         甘 草 <sf> 炙 各 四 分 </sf>         肉 桂 <sf> 四 分 </sf> 
 </formula> 
 右 作 一 服 水 二 鐘 。 煎 一 鐘 食 前 溫 服 
 <marginalia> 
 <sf> 先 期 血 熱 也 艾 葉 乃 溫 下 元 之 藥 非 先 期 所 宜 而 少 加 於 寒 涼 之 中 者 即 復 其 之 義 亦 有 不 必 用 者 在 自 酌 之 </sf> 
 </marginalia>
<formula> 
 滋 血 湯         治 婦 人 心 肺 虛 損 血 <cf> &#33033; </cf> 虛 弱 月 水 過 期 
 人 參         黃 &lt;x>         山 藥 <sf> 各 一 錢 </sf>         白 茯 苓 <sf> 去 皮 </sf>         川 芎         白 芍 藥         熟 地 黃 <sf> 各 一 錢 </sf> 
 </formula> 
 右 作 一 服 水 二 鐘 煎 至 一 鐘 食 前 服 
 <marginalia> 
 <sf> 此 方 補 血 行 血 溫 氣 破 氣 故 為 氣 寒 氣 滯 者 所 宜 而 脾 虛 不 能 生 血 以 致 過 期 者 無 與 也 
 此 八 珍 湯 之 </sf> 
 </marginalia> 
 
 ○ 治 經 水 過 多 
 </text></document>