<?xml version="1.0" encoding="UTF-8" standalone="yes" ?>
<document>
<header>
<doctitle>
 重訂濟陰綱目 
 </doctitle>
<volume>
 第五冊, 卷 9 
 </volume>
<author>
 武 之 望   (叔卿 ) 
</author>
<date>
 清雍正六年, 1728
 </date>
<currentpage>
 text 12a 
 </currentpage>
<first>
 jiyingkangmu v.5 text9 1a.xml
</first>
<last>
 jiyingkangmu v.5 text9 51b.xml
</last>
<prev>
 jiyingkangmu v.5 text9 11b.xml 
</prev>
<next>
 jiyingkangmu v.5 text9 12b.xml 
</next>
<image>
 jiyingkangmu v.5 text9 12a.jpg 
</image>
</header><text>
<formula> 
 葛 根 湯         療 { 妊 } 娠 臨 月 。 因 發 風 痙 。 忽 悶 憒 不 識 人 。 吐 逆 眩 倒 。 少 醒 復 發 。 名 曰 子 癇 。 
 葛 根         貝 母 <sf> 去 心 </sf>         牡 丹 皮         防 風         防 己         當 歸         川 芎         白 茯 苓         官 桂         澤 瀉         甘 草 <sf> 各 二 兩 </sf>         石 膏 <sf> 碎 </sf>         獨 活         人 參 <sf> 各 三 兩 </sf> 
 </formula> 
 右 &lt;x> 咀 。 每 服 八 錢 。 水 煎 服 。 ○ 貝 母 令 人 易 產 。 若 未 臨 月 者 。 以 升 麻 代 之 。 忌 海 藻 菘 菜 酢 物 。 ○ 此 方 犯 桂 與 牡 丹 。 不 如 羚 羊 角 散 之 安 
 <marginalia> 
 <sf> 升 麻 代 貝 母 所 未 信 </sf> 
 </marginalia>
<formula> 
 芎 活 湯         治 子 癇 。 兼 用 產 後 逐 惡 血 。 下 胞 衣 。 
 川 芎         羌 活 <sf> 各 等 分 </sf> 
 </formula> 
 剉 。 水 煎 。 入 酒 。 少 許 。 溫 服 。 
 <marginalia> 
 <sf> 以 風 為 主 </sf> 
 </marginalia> 
 </text></document>