<?xml version="1.0" encoding="UTF-8" standalone="yes" ?>
<document>
<header>
<doctitle>
 重訂濟陰綱目 
 </doctitle>
<volume>
 第七冊, 卷 12 
 </volume>
<author>
 武 之 望   (叔卿 ) 
</author>
<date>
 清雍正六年, 1728
 </date>
<currentpage>
 text 16b 
 </currentpage>
<first>
 jiyingkangmu v.7 text12 1a.xml
</first>
<last>
 jiyingkangmu v.7 text13 46b.xml
</last>
<prev>
 jiyingkangmu v.7 text12 16a.xml 
</prev>
<next>
 jiyingkangmu v.7 text12 17a.xml 
</next>
<image>
 jiyingkangmu v.7 text12 16b.jpg 
</image>
</header><text>
分 兩 煎 服 愈 雖 然 以 上 諸 症 大 抵 胎 前 產 後 自 有 專 門 一 定 之 法 毫 髮 不 同 如 產 後 首 當 逐 敗 生 新 然 後 仔 細 詳 辨 疾 證 不 可 妄 立 名 色 自 生 新 意 加 減 方 藥 大 宜 對 證 依 古 法 施 治 未 有 不 安 者 也 薛 氏 曰 前 證 當 固 胃 氣 為 主 而 佐 以 見 證 之 藥 若 一 干 攻 痰 。 則 誤 矣   
 
 一 產 婦 。 形 體 甚 倦 。 時 發 膽 語 。 用 柏 子 散 稍 愈 。 又 用 加 味 歸 脾 湯 而 愈 。 又 因 怒 。 仍 狂 言 { 脅 } 痛 。 小 便 下 血 。 用 加 味 逍 遙 散 。 以 清 肝 火 。 養 肝 血 頓 瘥 。 又 佐 以 加 味 歸 脾 湯 而 安 。 
 
 <formula> 
 一 靈 三 聖 散           治 產 後 敗 血 沖 心 。 發 熱 狂 言 。 奔 走 脈 虛 大 者 。 
 
 乾 荷 葉           生 乾 地 黃           牡 丹 皮           生 蒲 黃 <sf> 另 研 各 二 錢 </sf> 
 
 右 前 三 味 濃 煎 湯 ﹐ 調 入 蒲 黃 末 ﹐ 一 服 即 定 ﹐ 
 </formula> 
 </text></document>