<?xml version="1.0" encoding="UTF-8" standalone="yes" ?>
<document>
<header>
<doctitle>
 重訂濟陰綱目 
 </doctitle>
<volume>
 第二冊, 卷 3 
 </volume>
<author>
 武 之 望   (叔卿 ) 
</author>
<date>
 清雍正六年, 1728
 </date>
<currentpage>
 text 22a 
 </currentpage>
<first>
 jiyingkangmu v.2 text2 1a.xml
</first>
<last>
 jiyingkangmu v.2 text3 26b.xml 
</last>
<prev>
 jiyingkangmu v.2 text3 21b.xml 
</prev>
<next>
 jiyingkangmu v.2 text3 22b.xml 
</next>
<image>
 jiyingkangmu v.2 text3 22a.jpg 
</image>
</header><text>
分 煉 蜜 丸 如 <cf> &#24377; </cf> 子 大 。 綿 裹 納 陰 中 。 治 帶 下 絕 產 。 
 
 ○ 治 帶 下 滑 脫 
 <formula> 
 側 柏 地 榆 湯         治 赤 白 帶 下 。 以 致 不 能 成 孕 。 
 黃 &lt;x>         側 柏 葉         地 榆         烏 賊 魚 骨         白 殭 蠶         牡 蠣 <sf> 用 <cf> &#30416; </cf> 泥 固 濟 火 煨 透 去 泥 研 各 一 錢 </sf>         肉 蓯 蓉 <sf> 酒 浸 </sf>         白 芷         蛇 床 子 <sf> 各 一 錢 二 分 </sf> 
 </formula> 
 右 剉 加 生 薑 三 片 。 水 煎 半 饑 時 服 。 
 <marginalia> 
 <sf> 氣 者 則 黃 &lt;x> 蓯 蓉 若 白 芷 行 陽 明 于 血 海 殭 <cf> &#34453; </cf> 散 結 氣 以 消 痰 </sf> 
 </marginalia> 
 
<formula> 
 白 芷 散         治 赤 白 帶 下 。 
 白 芷 <sf> 二 兩 </sf>         海 螵 蛸 <sf> 二 個 &lt;x> </sf>         胎 髮 <sf> 一 個 &lt;x> </sf>         細 末 空 心 溫 酒 調 下 二 錢 </formula> <marginalia> 
 <sf> 螵 蛸 澀 氣 胎 髮 澀 血 白 芷 行 陽 明 之 氣 而 散 &#28287; 以 助 &#28287; 升 之 用 火 土 之 性 而 生 燥 燥 則 足 以 培 土 梁 上 塵 得 土 氣 之 飛 揚 而 上 升 升 則 上 氣 不 陷 而 <cf> &#28287; </cf> 不 生 棕 櫚 為 止 澀 之 用 腦 射 少 入 取 其 能 散 然 </sf> 
 </marginalia> 
 
<formula> 
 伏 龍 肝 散         治 赤 白 帶 下 久 患 不 瘥 尪 悴 乏 力 。 六 <cf> &#33033; </cf> 微 濡 。 
 { 棕 } 櫚 <sf> 不 拘 多 少 燒 熾 急 以 盆 蓋 蔭 冷 存 性 </sf>         伏 龍 肝 <sf> 於 灶 直 下 取 赤 土 炒 令 <cf> &#28895; </cf> 盡 </sf>         屋 梁 上 懸 塵 <sf> 炒 令 &#28895; 盡 去 火 毒 </sf> 
 </formula> 
 </text></document>