<?xml version="1.0" encoding="UTF-8" standalone="yes" ?>
<document>
<header>
<doctitle>
 重訂濟陰綱目 
 </doctitle>
<volume>
 第六冊, 卷 11 
 </volume>
<author>
 武 之 望   (叔卿 ) 
</author>
<date>
 清雍正六年, 1728
 </date>
<currentpage>
 text 5a 
 </currentpage>
<first>
 jiyingkangmu v.6 text10 1a.xml
</first>
<last>
 jiyingkangmu v.6 text11 38b.xml
</last>
<prev>
 jiyingkangmu v.6 text11 4b.xml 
</prev>
<next>
 jiyingkangmu v.6 text11 5b.xml 
</next>
<image>
 jiyingkangmu v.6 text11 5a.jpg 
</image>
</header><text>
<formula> 
 黑 附 子 <sf> 炮 五 錢 </sf>                                         牡 丹 皮 <sf> 一 兩 </sf>                             乾 漆 <sf> 炒 <cf> &#28895; </cf> 盡 二 錢 五 分 </sf> 
 </formula> 
 右 為 細 末 用 米 醋 一 升 黃 末 一 兩 同 煮 成 膏 和 前 藥 為 丸 如 桐 子 大 每 服 五 七 丸 溫 酒 下 
 <marginalia> 
 <sf> 此 即 稽 中 方 配 服 有 神 </sf> 
 </marginalia> 
 
 奪 命 丸 治 胞 衣 不 下 。 並 治 胎 死 。 
 <formula> 
 牡 丹 皮               桃 仁               茯 苓                   赤 芍                   桂 心 <sf> 各 等 分 </sf> 
 </formula> 
 右 為 末 蜜 丸 彈 子 大 每 一 丸 醋 湯 化 下 或 <cf> &#33905; </cf> 白 煎 濃 湯 下 尤 妙 。 連 進 兩 丸 死 胎 腐 爛 立 出 
 牛 膝 湯             治 胞 衣 不 出 。 臍 腹 堅 脹 急 痛 。 即 殺 人 。 服 此 藥 胞 即 爛 下 。 死 胎 亦 下 。 
 <formula> 
 牛 膝             瞿 麥 <sf> 各 四 兩 </sf>                 當 歸 尾                 通 草 <sf> 各 六 兩 </sf>               滑 石 八 兩                 葵 子 <sf> 五 兩 </sf>           
 </formula> 
 
   一 方 有 桂 心 二 兩 
 </text></document>