<?xml version="1.0" encoding="UTF-8" standalone="yes" ?>
<document>
<header>
<doctitle>
 重訂濟陰綱目 
 </doctitle>
<volume>
 第一冊 
 </volume>
<author>
 武 之 望   (叔卿 ) 
</author>
<date>
 清雍正六年, 1728
 </date>
<currentpage>
 table of contents 3b 
 </currentpage>
<first>
 jiyingkangmu v.1 tp.xml
</first>
<last>
 jiyingkangmu v.1 text1 38b.xml 
</last>
<prev>
 jiyingkangmu v.1 table of contents 3a.xml 
</prev>
<next>
 jiyingkangmu v.1 table of contents 4a.xml 
</next>
<image>
 jiyingkangmu v.1 table of contents 3b.jpg 
</image>
</header><text>
柴 胡 四 物 湯 <sf> 治 虛 勞 日 久 微 有 寒 熱 </sf> 
 柴 胡 抑 肝 湯 <sf> 治 寡 居 獨 陰 無 陽 慾 心 萌 而 不 遂 寒 熱 如 瘧 </sf> 
 生 地 黃 丸 <sf> 治 師 尼 寡 婦 寒 熱 如 瘧 </sf> 
 
 治 熱 入 血 室 方 
 小 柴 胡 加 地 黃 湯 <sf> 治 中 風 發 熱 惡 寒 經 水 適 來 晝 明 了 夜 譫 語 如 見 鬼 </sf> 
 乾 薑 柴 胡 湯 <sf> 治 婦 人 傷 寒 經 脈 方 來 熱 入 血 室 寒 熱 如 瘧 狂 言 見 鬼 </sf> 
 牛 黃 膏 <sf> 治 熱 入 血 室 發 狂 不 認 人 </sf> 
 海 蛤 散 <sf> 治 婦 人 傷 寒 血 結 胸 膈 </sf> 
 
 卷 之 二 
 經 閉 門 
 論 經 閉 由 二 陽 之 病 治 宜 瀉 心 火 養 脾 血 
 論 經 閉 不 行 有 三 治 宜 補 血 瀉 火 
 論 經 閉 因 肝 勞 血 傷 
 論 經 閉 因 勞 傷 當 大 補 脾 胃 
 論 室 女 經 閉 成 勞 因 思 慮 傷 心 
 論 經 閉 因 積 冷 結 氣 
 論 經 閉 因 痰 飲 所 隔 
 </text></document>