<?xml version="1.0" encoding="UTF-8" standalone="yes" ?>
<document>
<header>
<doctitle>
 重訂濟陰綱目 
 </doctitle>
<volume>
 第八冊, 卷 14 
 </volume>
<author>
 武 之 望   (叔卿 ) 
</author>
<date>
 清雍正六年, 1728
 </date>
<currentpage>
 text 9a 
 </currentpage>
<first>
 jiyingkangmu v.8 text14 1a.xml
</first>
<last>
 bao sheng sui shi 9b.xml
</last>
<prev>
 jiyingkangmu v.8 text14 8b.xml 
</prev>
<next>
 jiyingkangmu v.8 text14 9b.xml 
</next>
<image>
 jiyingkangmu v.8 text14 9a.jpg 
</image>
</header><text>
余 用 六 君 子 。 加 木 香 炮 薑 治 之 而 愈 。 
 一 婦 人 大 便 秘 澀 。 諸 藥 不 應 。 苦 不 可 言 。 令 飲 人 乳 而 安 。 
 
 李 氏 曰 產 後 大 便 閉 者 。 芎 歸 湯 加 防 風 枳 殼 甘 草 。 秘 澀 者 。 麻 子 仁 丸 。 或 蘇 麻 粥 。 蓋 產 後 去 血 多 。 則 鬱 冒 鬱 冒 則 汗 多 汗 多 則 大 便 閉 。 皆 血 虛 也 。 
 
 <formula> 
 調 導 散     治 婦 人 產 前 後 。 大 便 不 通 。 
 當 歸     川 芎     防 風     枳 殼 <sf> 各 四 錢 </sf>     甘 草 <sf> 炙 二 錢 </sf> 
 右 &lt;x> 咀 每 服 一 雨 [ 兩 ] ﹐ 用 生 薑 三 片 棗 一 枚 ﹐ 水 煎 溫 服 ﹐ 忌 動 風 物 ﹐ </formula> 
 
 <marginalia> 
 <sf> 用 防 風 者 將 欲 降 之 必 先 升 之 也 </sf> 
 </marginalia>
<formula> 
 麻 仁 丸     治 產 後 去 血 過 多 。 津 液 枯 竭 。 不 能 轉 送 。 大 便 閉 { 澀 } 。 
 
 大 麻 仁 <sf> 研 如 泥 </sf>     枳 殼 <sf> 麵 炒 </sf>     人 參 <sf> 各 一 兩 </sf>     大 黃 <sf> 半 兩 </sf> 
 右 為 末 ﹐ 煉 蜜 丸 如 桐 子 大 ﹐ 每 服 二 十 丸 ﹐ 空 心 溫 酒 米 飲 任 下 ﹐ 未 
 </formula></text></document>