<?xml version="1.0" encoding="UTF-8" standalone="yes" ?>
<document>
<header>
<doctitle>
 重訂濟陰綱目 
 </doctitle>
<volume>
 第八冊, 卷 14 
 </volume>
<author>
 武 之 望   (叔卿 ) 
</author>
<date>
 清雍正六年, 1728
 </date>
<currentpage>
 text 38b 
 </currentpage>
<first>
 jiyingkangmu v.8 text14 1a.xml
</first>
<last>
 bao sheng sui shi 9b.xml
</last>
<prev>
 jiyingkangmu v.8 text14 38a.xml 
</prev>
<next>
 jiyingkangmu v.8 text14 39a.xml 
</next>
<image>
 jiyingkangmu v.8 text14 38b.jpg 
</image>
</header><text>
<formula></formula> 
 右 作 一 劑 用 好 酒 三 碗 。 於 磁 石 器 中 。 慢 火 熬 至 碗 半 。 分 為 三 次 食 後 服 。 如 有 乳 岩 便 服 此 藥 。 可 杜 絕 病 根 。 如 毒 氣 已 成 。 能 化 膿 為 黃 水 。 毒 未 成 。 則 內 消 疾 甚 者 。 再 合 一 服 。 以 愈 為 度 。 ○ 立 { 效 } 散 與 此 間 服 神 { 效 } 。 但 於 瓜 蔞 散 方 減 去 當 歸 加 紫 色 皂 角 刺 一 兩 六 錢 是 也 。 
 <formula> 
 究 源 五 物 湯     治 癰 疽 發 背 乳 癰 通 用 。 
 括 蔞 <sf> 炒 一 枚 </sf>     皂 角 刺 <sf> 半 燒 帶 生 </sf>     沒 藥 <sf> 各 半 兩 </sf>     乳 香     甘 草 <sf> 各 半 兩 </sf> 
 右 剉 ﹐ 用 醇 酒 三 升 ﹐ 煎 取 二 升 ﹐ 時 時 飲 之 ﹐ 痛 不 可 忍 ﹐ 立 止 ﹐ 
 </formula> 
 
 <formula> 
 括 蔞 散     治 吹 乳 
   乳 香 <sf> 一 錢 研 </sf>     括 蔞 <sf> 一 個 一 方 用 根 一 兩 </sf> 
 右 剉 用 酒 煎 服 ﹐ 或 為 末 ﹐ 溫 酒 服 二 錢 ﹐ 外 用 南 星 末 ﹐ 溫 湯 調 塗 ﹐ 
 </formula> 
 </text></document>