<?xml version="1.0" encoding="UTF-8" standalone="yes" ?>
<document>
<header>
<doctitle>
 重訂濟陰綱目 
 </doctitle>
<volume>
 第五冊, 卷 9 
 </volume>
<author>
 武 之 望   (叔卿 ) 
</author>
<date>
 清雍正六年, 1728
 </date>
<currentpage>
 text 45a 
 </currentpage>
<first>
 jiyingkangmu v.5 text9 1a.xml
</first>
<last>
 jiyingkangmu v.5 text9 51b.xml
</last>
<prev>
 jiyingkangmu v.5 text9 44b.xml 
</prev>
<next>
 jiyingkangmu v.5 text9 45b.xml 
</next>
<image>
 jiyingkangmu v.5 text9 45a.jpg 
</image>
</header><text>
右 作 一 劑 。 水 煎 服 。 
 
 <formula> 
 龍 骨 散         療 因 損 娠 下 惡 血 不 止 
 龍 骨         當 歸         地 黃 <sf> 各 二 兩 </sf>         芍 藥         地 榆         乾 薑         阿 膠 <sf> 各 &lt;x> 兩 </sf>         艾 葉 <sf> 一 兩 炒 </sf>         蒲 黃 <sf> 三 兩 二 錢 半 </sf>         牛 角 腮 <sf> 炙 焦 二 兩 半 </sf> 
 </formula> 
 右 為 細 末 食 前 用 米 飲 調 下 二 錢 。 
 <marginalia> 
 <sf> 此 重 在 惡 血 不 止 故 薑 艾 之 用 也 </sf> </marginalia>
<formula>
 全 生 活 血 湯         治 婦 人 分 娩 。 及 半 產 漏 下 。 昏 冒 不 省 。 瞑 目 無 所 知 覺 。 此 因 血 暴 亡 。 心 神 無 所 養 也 。 用 此 補 血 升 陽 。 
 升 麻         白 芍 藥 <sf> 各 三 錢 </sf>         當 歸 <sf> 酒 洗 </sf>         葛 根         柴 胡 <sf> 去 苗 </sf>         羌 活         獨 活         防 風         甘 草 <sf> 炙 各 二 錢 </sf>         川 芎         { 槁 } 本 <sf> 各 一 錢 五 分 </sf>         生 地 黃 <sf> 夏 月 加 </sf>         熟 地 黃 <sf> 各 一 錢 </sf>         蔓 荊 子         細 辛 <sf> 各 五 分 </sf>         紅 花 <sf> 三 分 </sf> 
 </formula> 
 右 &lt;x> 咀 。 每 服 五 錢 。 煎 至 一 盞 。 去 滓 。 食 前 稍 熱 服 。 
 <marginalia> 
 <sf> 陰 從 陽 升 故 用 藥 如 此 
 三 陰 三 陽 之 氣 俱 升 </sf> 
 </marginalia> 
 </text></document>