<?xml version="1.0" encoding="UTF-8" standalone="yes" ?>
<document>
<header>
<doctitle>
 重訂濟陰綱目 
 </doctitle>
<volume>
 第一冊 
 </volume>
<author>
 武 之 望   (叔卿 ) 
</author>
<date>
 清雍正六年, 1728
 </date>
<currentpage>
 table of contents 11a 
 </currentpage>
<first>
 jiyingkangmu v.1 tp.xml
</first>
<last>
 jiyingkangmu v.1 text1 38b.xml 
</last>
<prev>
 jiyingkangmu v.1 table of contents 10b.xml 
</prev>
<next>
 jiyingkangmu v.1 table of contents 11b.xml 
</next>
<image>
 jiyingkangmu v.1 table of contents 11a.jpg 
</image>
</header><text>
阿 膠 丸 <sf> 治 勞 嗽 出 血 發 熱 口 渴 盜 汗 </sf> 
 { 豬 } 肚 丸 <sf> 治 熱 勞 羸 瘦 </sf> 
 
 治 骨 蒸 勞 瘵 
 加 味 四 物 湯 <sf> 治 骨 蒸 </sf> 
 黃 連 散 <sf> 治 骨 蒸 勞 熱 四 肢 昏 沉 背 疼 面 黃 無 力 </sf> 
 青 蒿 散 <sf> 治 骨 蒸 羸 瘦 </sf> 
 柴 胡 散 <sf> 治 骨 蒸 勞 嗽 痰 壅 妨 悶 不 欲 食 </sf> 
 河 車 丸 <sf> 治 勞 嗽 一 切 勞 瘵 虛 損 骨 蒸 等 </sf> 
 黃 蓍 丸 <sf> 治 骨 蒸 煩 渴 不 眠 </sf> 
 地 黃 煎 丸 <sf> 解 勞 生 肌 活 血 養 心 </sf> 
 
 治 傳 尸 勞 
 天 靈 蓋 散 <sf> 治 傳 尸 骨 蒸 四 肢 無 力 至 晚 發 熱 頰 紅 煩 躁 </sf> 
 益 母 草 丸 <sf> 治 骨 蒸 月 候 不 通 </sf> 
 獺 肝 丸 <sf> 治 骨 蒸 煩 疼 不 欲 食 </sf> 
 殺 鬼 方 <sf> 治 傳 尸 勞 瘦 鬼 氣 伏 連 </sf> 
 
 治 血 風 勞 方 
 人 參 荊 芥 散 <sf> 治 血 風 發 熱 体 疼 頭 昏 寒 熱 盜 汗 痰 嗽 胸 滿 </sf> 
 地 骨 皮 <sf> 治 血 風 体 弱 寒 熱 發 渴 </sf> 
 大 效 油 煎 散 <sf> 治 血 風 勞 氣 攻 注 四 肢 疼 痛 嘔 逆 醋 心 痿 黃 麻 痺 血 海 冷 敗 </sf> 
 </text></document>