<?xml version="1.0" encoding="UTF-8" standalone="yes" ?>
<document>
<header>
<doctitle>
 重訂濟陰綱目 
 </doctitle>
<volume>
 第三冊, 卷 4 
 </volume>
<author>
 武 之 望   (叔卿 ) 
</author>
<date>
 清雍正六年, 1728
 </date>
<currentpage>
 text 7b 
 </currentpage>
<first>
 jiyingkangmu v.3 text4 1a.xml
</first>
<last>
 jiyingkangmu v.3 text6 26b.xml 
</last>
<prev>
 jiyingkangmu v.3 text4 7a.xml 
</prev>
<next>
 jiyingkangmu v.3 text4 8a.xml 
</next>
<image>
 jiyingkangmu v.3 text4 7b.jpg 
</image>
</header><text>
<formula><marginalia> 
 <sf> 聖 愈 湯 重 在 血 虛 心 煩 四 字 然 去 白 芍 而 用 生 地 者 所 以 涼 心 生 血 也 川 芎 之 用 豈 為 火 鬱 宜 散 歟 不 若 以 麥 門 冬 易 之 
 
 按 前 三 方 一 用 參 薑 以 溫 中 一 用 黃 &lt;x> 地 骨 以 益 衛 清 熱 以 參 &lt;x> 並 用 而 中 外 兩 補 均 以 四 物 加 減 為 血 分 居 多 此 名 建 中 又 重 在 氣 也 然 桂 之 </sf> 
 </marginalia> 
 
 當 歸 <sf> 四 兩 </sf>         白 芍 藥 <sf> 炒 六 兩 </sf>         肉 桂 <sf> 去 皮 </sf>         甘 草 <sf> 炙 各 二 兩 </sf> 
</formula>右 &lt;x> 咀 。 每 服 三 錢 。 加 生 薑 三 片 。 棗 一 枚 。 水 煎 。 空 心 服 。 <sf> 此 方 以 歸 芍 為 主 而 無 蓍 朮 雖 薑 棗 和 中 然 在 血 分 建 業 知 配 合 之 妙 則 知 古 人 之 心 </sf>
<formula> 
 雙 和 散         治 一 切 大 病 之 後 。 虛 勞 乏 力 。 補 血 益 氣 。 
 黃 蓍         熟 地 黃         當 歸         川 芎         白 芍 藥 <sf> 炒 各 一 錢 </sf>         肉 桂         甘 草 <sf> 炙 各 五 分 </sf> 
 </formula> 
 右 &lt;x> 咀 每 服 四 錢 。 加 生 薑 三 片 棗 二 枚 。 水 煎 服 
 
 <formula> 
 補 中 益 氣 湯         治 形 神 勞 倦 。 或 飲 食 失 節 。 以 致 脾 胃 虛 損 。 清 氣 下 陷 。 發 熱 頭 痛 。 四 肢 倦 怠 。 心 煩 肌 瘦 。 日 漸 羸 弱 。 
 黃 蓍         人 參 <sf> 有 嗽 去 之 </sf>         白 朮 <sf> 各 一 錢 </sf>         甘 草 <sf> 炙 五 分 </sf>         當 歸         陳 皮 <sf> 各 七 分 </sf>         升 麻         柴 胡 <sf> 各 三 分 </sf> 
 </formula> 
 </text></document>