<?xml version="1.0" encoding="UTF-8" standalone="yes" ?>
<document>
<header>
<doctitle>
 重訂濟陰綱目 
 </doctitle>
<volume>
 第六冊, 卷 11 
 </volume>
<author>
 武 之 望   (叔卿 ) 
</author>
<date>
 清雍正六年, 1728
 </date>
<currentpage>
 text 9a 
 </currentpage>
<first>
 jiyingkangmu v.6 text10 1a.xml
</first>
<last>
 jiyingkangmu v.6 text11 38b.xml
</last>
<prev>
 jiyingkangmu v.6 text11 8b.xml 
</prev>
<next>
 jiyingkangmu v.6 text11 9b.xml 
</next>
<image>
 jiyingkangmu v.6 text11 9a.jpg 
</image>
</header><text>
因 氣 血 俱 虛 。 痰 火 泛 上 。 宜 以 二 陳 導 痰 。 或 加 減 硃 砂 安 神 丸 。 以 麥 門 冬 湯 下 亦 可 。 大 凡 產 後 口 眼 喎 斜 等 證 。 當 大 補 氣 血 為 主 。 而 兼 以 治 痰 。 若 脾 胃 虛 而 不 能 固 者 。 用 六 君 子 湯 。 至 五 個 月 。 當 服 安 胎 飲 。 至 八 九 個 月 。 再 加 大 腹 皮 黃 楊 腦 。 如 臨 產 時 。 更 宜 服 保 生 無 憂 散 。 自 無 前 患 。 
 <marginalia> 
 <sf> 保 生 無 憂 散 見 前 臨 月 束 胎 方 上 </sf> 
 </marginalia> 
 家 人 婦 產 後 。 小 腹 作 痛 。 忽 牙 關 緊 急 。 灌 以 失 笑 散 。 良 久 而 甦 。 又 用 四 物 。 加 炮 薑 白 <cf> 術 </cf> 陳 皮 而 愈 。 
 一 產 婦 因 產 飲 酒 。 惡 露 甚 多 。 患 血 暈 。 口 出 酒 氣 。 此 血 得 酒 熱 而 妄 行 。 虛 而 作 暈 也 。 以 佛 手 散 。 加 乾 葛 二 錢 。 一 劑 而 痊 。 酒 性 慓 悍 。 八 月 及 產 後 不 宜 飲 。 恐 致 前 證 。 產 室 人 眾 喧 囔 氣 熱 亦 致 此 證 。 
 <marginalia> 
 <sf> 產 婦 不 宜 飲 酒 </sf> 
 </marginalia> 
 奉 化 陸 嚴 治 新 昌 徐 氏 婦 病 。 產 後 暴 死 。 但 胸 膈 微 熱 。 陸 診 之 曰 此 
 </text></document>