<?xml version="1.0" encoding="UTF-8" standalone="yes" ?>
<document>
<header>
<doctitle>
 重訂濟陰綱目 
 </doctitle>
<volume>
 第三冊, 卷 4 
 </volume>
<author>
 武 之 望   (叔卿 ) 
</author>
<date>
 清雍正六年, 1728
 </date>
<currentpage>
 text 2a 
 </currentpage>
<first>
 jiyingkangmu v.3 text4 1a.xml
</first>
<last>
 jiyingkangmu v.3 text6 26b.xml 
</last>
<prev>
 jiyingkangmu v.3 text4 1b.xml 
</prev>
<next>
 jiyingkangmu v.3 text4 2b.xml 
</next>
<image>
 jiyingkangmu v.3 text4 2a.jpg 
</image>
</header><text>
○ 論 無 勢 虛 勞 
 大 全 云 。 婦 人 冷 勞 屬 血 氣 不 足 。 臟 腑 虛 寒 。 以 致 臍 下 冷 痛 。 手 足 時 寒 。 月 經 失 常 。 飲 食 不 消 。 或 時 嘔 吐 。 惡 寒 發 熱 。 骨 節 痠 疼 。 肌 膚 羸 瘦 。 面 色 痿 黃 也 。 
 <marginalia> 
 <sf> 無 勢 虛 勞 乃 陽 虛 其 病 自 上 而 下 損 之 <cf> &#33033; </cf> 也 法 宜 溫 補 惟 東 垣 元 禮 立 齋 先 生 獨 得 其 治 宜 宗 之 氣 虛 易 補 宜 早 為 妙 不 比 有 熱 虛 勞 之 難 療 理 也 </sf> 
 </marginalia> 
 
 薛 氏 曰 前 證 有 內 外 真 寒 。 有 內 外 真 熱 。 有 內 真 熱 而 外 假 寒 。 有 內 真 寒 而 外 假 熱 者 。 若 飲 食 難 化 。 大 便 不 實 。 腸 鳴 腹 痛 。 飲 食 畏 寒 。 手 足 逆 冷 。 面 黃 嘔 吐 。 畏 見 風 寒 。 此 內 外 真 寒 之 證 也 。 宜 用 附 子 理 中 湯 。 以 { 回 } 陽 。 八 味 地 黃 丸 。 以 壯 火 。 若 飲 食 如 常 大 便 堅 實 。 胸 腹 痞 脹 。 飲 食 喜 冷 。 手 足 煩 熱 。 面 赤 嘔 吐 。 不 畏 風 寒 。 此 內 外 真 熱 之 證 也 。 宜 用 黃 連 解 毒 湯 。 以 消 陽 。 六 味 丸 以 壯 水 。 若 飲 食 如 常 。 大 便 堅 實 。 胸 腹 痞 脹 。 飲 食 喜 寒 。 手 足 逆 冷 。 面 黃 嘔 吐 。 畏 見 風 寒 。 此 內 真 熱 而 外 
 <marginalia> 
 <sf> 有 勢 無 熱 可 以 占 氣 血 虛 實 矣 立 齋 証 治 方 法 可 補 前 論 不 足 </sf> 
 </marginalia> 
 </text></document>