<?xml version="1.0" encoding="UTF-8" standalone="yes" ?>
<document>
<header>
<doctitle>
 重訂濟陰綱目 
 </doctitle>
<volume>
 第一冊, 卷 1 
 </volume>
<author>
 武 之 望   (叔卿 ) 
</author>
<date>
 清雍正六年, 1728
 </date>
<currentpage>
 text 12b 
 </currentpage>
<first>
 jiyingkangmu v.1 tp.xml
</first>
<last>
 jiyingkangmu v.1 text1 38b.xml 
</last>
<prev>
 jiyingkangmu v.1 text1 12a.xml 
</prev>
<next>
 jiyingkangmu v.1 text1 13a.xml 
</next>
<image>
 jiyingkangmu v.1 text1 12b.jpg 
</image>
</header><text>
衍 義 云 。 一 婦 人 溫 病 已 十 二 日 。 論 之 其 <cf> &#33033; </cf> 。 六 七 至 而 濇 。 寸 稍 大 。 尺 稍 小 。 發 寒 熱 。 頰 赤 口 乾 不 了 了 。 耳 聾 。 問 之 病 數 日 。 經 水 乃 行 此 屬 少 陽 。 熱 入 血 室 也 。 若 治 不 對 病 。 則 必 死 。 乃 按 其 證 。 與 小 柴 胡 湯 。 服 之 二 日 。 又 與 小 柴 胡 湯 加 官 桂 乾 薑 。 一 日 寒 熱 遂 止 。 又 云 臍 下 急 痛 。 又 與 抵 當 丸 微 利 。 臍 下 痛 痊 。 身 漸 涼 。 <cf> &#33033; </cf> 漸 勻 。 尚 不 了 了 乃 復 與 小 柴 胡 湯 。 次 日 但 胸 中 熱 躁 。 口 鼻 乾 。 又 少 與 調 胃 承 氣 湯 。 不 得 利 。 次 日 心 下 痛 。 又 與 大 陷 胸 湯 半 服 。 利 三 行 。 次 日 虛 煩 不 寧 。 時 妄 有 所 見 。 復 狂 言 。 雖 知 其 尚 有 躁 屎 。 以 其 極 虛 。 不 敢 攻 之 。 遂 與 竹 葉 湯 。 去 其 煩 熱 。 其 夜 大 便 自 通 。 至 晚 兩 次 。 中 有 燥 屎 數 枚 。 而 狂 言 虛 煩 盡 解 。 但 咳 嗽 唾 。 此 肺 虛 也 。 若 不 治 恐 成 肺 痿 。 遂 與 小 柴 胡 湯 。 去 人 參 大 棗 生 薑 。 加 乾 薑 五 味 子 湯 。 一 日 咳 減 。 二 日 而 病 悉 愈 。 此 皆 用 
 <marginalia> 
 <sf> 以 <cf> &#33033; </cf> 六 七 至 明 知 是 熱 濇 則 知 其 為 有 瘀 血 寸 大 尺 小 上 焦 有 熱 此 亦 兼 陽 明 胃 腑 病 以 頰 赤 口 乾 不 了 了 而 用 姜 桂 亦 人 所 難 須 慎 之 
 五 味 乾 姜 以 治 咳 嗽 以 未 成 痿 故 可 如 </sf> 
 </marginalia> 
 </text></document>