<?xml version="1.0" encoding="UTF-8" standalone="yes" ?>
<document>
<header>
<doctitle>
 重訂濟陰綱目 
 </doctitle>
<volume>
 第六冊, 卷 11 
 </volume>
<author>
 武 之 望   (叔卿 ) 
</author>
<date>
 清雍正六年, 1728
 </date>
<currentpage>
 text 24a 
 </currentpage>
<first>
 jiyingkangmu v.6 text10 1a.xml
</first>
<last>
 jiyingkangmu v.6 text11 38b.xml
</last>
<prev>
 jiyingkangmu v.6 text11 23b.xml 
</prev>
<next>
 jiyingkangmu v.6 text11 24b.xml 
</next>
<image>
 jiyingkangmu v.6 text11 24a.jpg 
</image>
</header><text>
余 按 金 匱 所 治 。 重 在 傷 寒 裏 實 。 不 重 在 惡 露 故 其 脈 證 皆 情 實 熱 言 當 以 無 太 陽 證 句 。 及 熱 結 膀 胱 句 玩 之 。 便 得 其 意 。 後 案 專 主 惡 露 言 。 故 與 前 方 不 同 。 不 可 一 律 看 也 。 
 大 全 云 以 惡 露 不 盡 。 腹 痛 及 兒 枕 心 腹 刺 痛 。 小 腹 疼 痛 。 寒 疝 分 為 四 門 。 由 母 胎 中 宿 有 血 塊 產 後 不 與 兒 俱 下 。 而 仍 在 腹 作 痛 。 謂 之 兒 枕 。 其 惡 露 下 不 快 。 而 作 痛 者 。 胎 中 原 無 積 聚 。 不 為 兒 枕 也 。 若 惡 露 已 盡 。 或 由 他 故 腹 痛 。 如 仲 景 枳 實 芍 藥 散 證 。 或 由 血 虛 腹 痛 。 如 仲 景 當 歸 生 薑 羊 肉 湯 證 。 自 當 別 論 。 故 復 臚 列 諸 名 方 于 後 。 若 服 枳 實 芍 藥 散 不 愈 。 仍 當 求 責 瘀 血 也 。 故 下 瘀 血 諸 方 附 焉 。 而 補 虛 諸 方 。 終 之 不 復 立 寒 疝 條 。 
 <marginalia> 
 <sf> 寒 疝 大 全 云 產 後 臍 處 痛 乃 冷 氣 乘 虛 用 當 歸 建 中 湯 無 擇 曰 產 當 寒 月 入 門 臍 下 痛 手 不 可 近 者 羊 肉 湯 立 齋 曰 前 證 若 脾 胃 虛 寒 邪 侵 者 蟠 蔥 散 若 肝 經 濕 熱 小 便 不 利 者 瀉 肝 湯 </sf> 
 </marginalia> 
 加 味 四 物 湯                     治 產 後 惡 露   不 盡 腹 痛 。 
 </text></document>