<?xml version="1.0" encoding="UTF-8" standalone="yes" ?>
<document>
<header>
<doctitle>
 重訂濟陰綱目 
 </doctitle>
<volume>
 第八冊, 卷 14 
 </volume>
<author>
 武 之 望   (叔卿 ) 
</author>
<date>
 清雍正六年, 1728
 </date>
<currentpage>
 text 25b 
 </currentpage>
<first>
 jiyingkangmu v.8 text14 1a.xml
</first>
<last>
 bao sheng sui shi 9b.xml
</last>
<prev>
 jiyingkangmu v.8 text14 25a.xml 
</prev>
<next>
 jiyingkangmu v.8 text14 26a.xml 
</next>
<image>
 jiyingkangmu v.8 text14 25b.jpg 
</image>
</header><text>
一 婦 人 脾 胃 素 弱 兼 。 有 肝 火 。 產 後 玉 門 腫 痛 。 寒 熱 作 渴 。 嘔 吐 不 食 。 外 敷 大 黃 等 藥 。 內 用 驅 利 之 劑 。 腫 及 於 臂 。 諸 證 蜂 起 。 此 真 氣 虛 而 邪 氣 盛 也 。 先 用 六 君 子 以 固 腸 胃 。 次 用 補 中 益 氣 以 升 陽 氣 不 數 劑 而 全 愈 。 
 
 <marginalia> 
 <sf> 有 肝 火 則 不 腫 若 非 腸 胃 弱 則 不 嘔 吐 故 用 大 黃 等 藥 失 其 治 也 </sf> 
 </marginalia> 
 
 一 產 婦 患 此 失 治 腫 潰 不 已 。 形 體 消 瘦 。 飲 食 少 思 。 朝 寒 暮 熱 。 自 汗 盜 汗 半 年 矣 。 用 補 中 益 氣 湯 。 加 茯 苓 半 夏 。 膿 水 漸 少 。 飲 食 漸 進 。 又 用 歸 脾 湯 共 五 十 餘 劑 而 愈 。 
 
 <marginalia> 
 <sf> 此 從 飲 食 少 思 治 法 </sf> 
 </marginalia></text></document>