<?xml version="1.0" encoding="UTF-8" standalone="yes" ?>
<document>
<header>
<doctitle>
 重訂濟陰綱目 
 </doctitle>
<volume>
 第三冊, 卷 4 
 </volume>
<author>
 武 之 望   (叔卿 ) 
</author>
<date>
 清雍正六年, 1728
 </date>
<currentpage>
 text 8a 
 </currentpage>
<first>
 jiyingkangmu v.3 text4 1a.xml
</first>
<last>
 jiyingkangmu v.3 text6 26b.xml 
</last>
<prev>
 jiyingkangmu v.3 text4 7b.xml 
</prev>
<next>
 jiyingkangmu v.3 text4 8b.xml 
</next>
<image>
 jiyingkangmu v.3 text4 8a.jpg 
</image>
</header><text>
<marginalia> 
 <sf> 色 可 以 通 榮 血 桂 之 氣 味 可 以 通 衛 氣 故 本 經 以 之 通 血 <cf> &#33033; </cf> 又 同 &lt;x> 朮 甘 草 薑 棗 等 則 建 中 之 功 尤 大 矣 以 其 兼 中 上 也 雙 和 者 專 和 榮 衛 而 非 建 中 意 也 然 即 大 建 中 湯 以 白 朮 易 熟 地 而 分 兩 亦 殊 要 知 古 人 不 執 方 不 泥 法 讀 之 令 人 有 言 外 之 意 </sf> 
 </marginalia> 
 
 右 作 一 服 水 煎 食 遠 稍 熱 服 
 
 <formula> 
 八 珍 湯         治 脾 胃 虧 損 。 氣 血 俱 傷 。 蓋 人 之 生 。 以 脾 胃 為 主 。 脾 胃 一 虛 諸 臟 失 所 。 百 病 生 焉 。 
 即 四 君 子 合 四 物 湯 。 加 薑 棗 煎 服 。 
 </formula> 
 
 <formula> 
 歸 脾 湯         治 脾 經 失 血 。 少 寐 。 發 熱 盜 汗 或 思 慮 傷 脾 。 不 能 攝 血 妄 行 。 或 健 忘 怔 忡 驚 悸 。 或 心 脾 傷 痛 。 怠 惰 嗜 臥 。 飲 食 不 思 。 
 方 見 血 崩 門 <sf> 勞 傷 條 </sf> 
 </formula> 
 
 <formula> 
 黃 蓍 散         治 勞 氣 食 後 身 疼 倦 。 夜 間 盜 汗 。 此 因 失 血 榮 衛 損 也 。 
 黃 蓍 <sf> 一 兩 </sf>         防 風         當 歸         白 芍 藥         乾 地 黃 <sf> 各 七 錢 五 分 </sf>         甘 草 <sf> 炙 半 兩 </sf> 
 </formula> 
 右 每 服 五 錢 。 薑 三 片 。 棗 一 枚 。 水 煎 食 前 溫 服 。 
 </text></document>