<?xml version="1.0" encoding="UTF-8" standalone="yes" ?>
<document>
<header>
<doctitle>
 重訂濟陰綱目 
 </doctitle>
<volume>
 第五冊, 卷 9 
 </volume>
<author>
 武 之 望   (叔卿 ) 
</author>
<date>
 清雍正六年, 1728
 </date>
<currentpage>
 text 40a 
 </currentpage>
<first>
 jiyingkangmu v.5 text9 1a.xml
</first>
<last>
 jiyingkangmu v.5 text9 51b.xml
</last>
<prev>
 jiyingkangmu v.5 text9 39b.xml 
</prev>
<next>
 jiyingkangmu v.5 text9 40b.xml 
</next>
<image>
 jiyingkangmu v.5 text9 40a.jpg 
</image>
</header><text>
一 婦 住 經 三 月 後 尺 脈 或 濇 或 微 弱 。 其 婦 <cf> &#21364; </cf> 無 病 。 知 是 子 宮 真 氣 不 全 。 故 陽 不 施 。 陰 不 化 。 精 血 雖 凝 。 終 不 成 形 。 至 產 血 塊 。 或 產 血 胞 。 
 
 一 婦 。 腹 漸 大 如 懷 子 。 至 十 月 求 易 產 藥 。 察 其 神 色 甚 困 。 難 與 之 藥 。 不 數 日 生 白 蟲 半 桶 。 蓋 由 婦 之 元 氣 太 虛 。 精 血 雖 凝 。 不 能 成 胎 。 而 為 穢 腐 蘊 積 之 久 。 濕 化 為 熱 。 濕 熱 生 蟲 。 理 之 所 有 。 亦 須 周 十 月 之 氣 。 發 動 而 產 。 終 非 佳 兆 。 其 婦 不 及 一 月 而 死 。 濕 熱 生 蟲 。 臂 之 溝 渠 污 濁 。 積 久 不 流 。 則 諸 蟲 生 於 其 間 矣 。 
 
 汪 石 山 治 一 婦 長 瘦 。 色 黃 白 。 性 躁 急 。 年 三 十 餘 。 常 患 墮 胎 。 已 七 八 見 矣 。 診 其 脈 。 皆 柔 軟 無 力 。 兩 尺 雖 浮 。 而 弱 。 不 任 尋 按 。 曰 此 因 胎 墮 太 多 。 氣 血 耗 甚 。 胎 無 滋 養 。 故 頻 墮 。 譬 之 水 涸 而 禾 枯 。 土 削 而 木 倒 也 。 況 三 月 五 月 。 正 屬 少 陽 火 動 之 時 。 加 以 性 躁 而 急 發 之 。 故 墮 多 
 </text></document>