<?xml version="1.0" encoding="UTF-8" standalone="yes" ?>
<document>
<header>
<doctitle>
 重訂濟陰綱目 
 </doctitle>
<volume>
 第七冊, 卷 13 
 </volume>
<author>
 武 之 望   (叔卿 ) 
</author>
<date>
 清雍正六年, 1728
 </date>
<currentpage>
 text 4b 
 </currentpage>
<first>
 jiyingkangmu v.7 text12 1a.xml
</first>
<last>
 jiyingkangmu v.7 text13 46b.xml
</last>
<prev>
 jiyingkangmu v.7 text13 4a.xml 
</prev>
<next>
 jiyingkangmu v.7 text13 5a.xml 
</next>
<image>
 jiyingkangmu v.7 text13 4b.jpg 
</image>
</header><text>
<marginalia> 
 <sf> 方 以 甘 草 七 分 配 眾 藥 六 分 又 以 棗 而 為 丸 仍 以 一 丸 飲 下 可 想 見 其 立 方 之 微 用 藥 之 難 審 虛 寔 之 不 易 也 仍 飲 服 者 尤 慮 夫 虛 虛 之 禍 耳 用 是 方 者 亦 當 深 省 </sf> 
 </marginalia> 
 ○ 發 渴 
 
 熊 氏 曰 ﹐ 產 後 心 煩 發 渴 宜 清 心 蓮 子 飲 ﹐ 
 
 薛 氏 曰 ﹐ 前 證 若 出 血 過 多 虛 火 上 炎 用 童 子 小 便 。 或 四 物 白 <cf> 術 </cf> 麥 門 丹 皮 若 胃 氣 虛 而 有 熱 用 竹 葉 歸 蓍 湯 若 血 虛 發 熱 用 八 珍 加 麥 門 五 味 若 血 脫 發 熱 煩 躁 用 當 歸 補 血 湯 。 若 胃 氣 虛 弱 用 補 中 益 氣 湯 或 七 味 白 <cf> 術 </cf> 散 
 
 一 產 婦 患 前 證 。 朝 寒 暮 熱 。 肚 腹 作 痛 。 以 手 按 之 不 痛 。 余 以 為 血 氣 俱 虛 。 用 八 珍 之 類 治 之 。 彼 反 行 逐 血 。 更 加 發 熱 煩 躁 。 余 用 當 歸 補 血 湯 。 熱 躁 漸 止 。 用 八 珍 麥 門 五 味 氣 血 漸 復 。 
 
 <marginalia> 
 <sf> 若 謂 去 血 過 多 而 用 童 便 以 治 虛 火 是 矣 而 以 四 物 治 虛 則 用 芎 之 物 能 不 升 散 乎 以 胃 氣 虛 而 渴 用 白 <cf> 術 </cf> 宜 矣 而 以 血 虛 用 白 <cf> 術 </cf> 亦 難 信 也 必 血 虛 胃 氣 弱 者 乃 可 審 證 用 藥 幸 毋 執 一 </sf> 
 </marginalia> 
 
 李 氏 曰 ﹐ 產 後 煩 渴 氣 虛 者 。 生 脈 散 血 虛 者 四 物 湯 加 天 花 粉 麥 門 冬 氣 血 俱 虛 作 渴 。 頭 眩 。 腳 弱 。 飲 食 無 味 者 。 用 人 參 二 錢 ﹐ 麥 門 冬 一 
 </text></document>