<?xml version="1.0" encoding="UTF-8" standalone="yes" ?>
<document>
<header>
<doctitle>
 重訂濟陰綱目 
 </doctitle>
<volume>
 第五冊, 卷 9 
 </volume>
<author>
 武 之 望   (叔卿 ) 
</author>
<date>
 清雍正六年, 1728
 </date>
<currentpage>
 text 8a 
 </currentpage>
<first>
 jiyingkangmu v.5 text9 1a.xml
</first>
<last>
 jiyingkangmu v.5 text9 51b.xml
</last>
<prev>
 jiyingkangmu v.5 text9 7b.xml 
</prev>
<next>
 jiyingkangmu v.5 text9 8b.xml 
</next>
<image>
 jiyingkangmu v.5 text9 8a.jpg 
</image>
</header><text>
右 用 水 一 盞 半 。 煎 一 盞 後 入 阿 膠 。 再 煎 八 分 服 
 
 <formula> 
 加 味 竹 葉 湯         { 妊 } 婦 汗 下 後 。 熱 不 除 者 。 虛 也 。 此 方 主 之 
 人 參         麥 門 冬         炙 甘 草         阿 膠         生 地 黃 <sf> 各 一 錢 </sf> 
 </formula> 
 右 加 竹 葉 十 二 片 粳 米 一 合 煎 服 
 <marginalia> 
 <sf> 此 竹 葉 石 膏 湯 <cf> &#21464; </cf> 法 也 以 阿 膠 生 地 易 知 母 石 膏 妙 甚 </sf> 
 </marginalia>
<formula> 
 黃 龍 四 物 湯 。         治 { 妊 } 婦 傷 寒 。 產 後 發 熱 者 。 宜 此 方 
 柴 胡 <sf> 二 錢 </sf>         黃 苓 <sf> 一 錢 半 </sf>         人 參         甘 草         當 歸         川 芎         芍 藥         地 黃 <sf> 各 一 錢 </sf> 
 </formula> 
 右 剉 。 水 煎 服 。 ○ 若 因 於 食 者 。 本 方 加 枳 實 。 
 
 <formula> 
 加 減 四 物 湯         治 { 妊 } 婦 傷 寒 。 熱 極 發 斑 。 狀 如 錦 紋 者 。 
 當 歸         白 芍 藥         生 地 黃         黃 苓 <sf> 各 等 分 </sf> 
 </formula> 
 右 剉 。 每 服 八 錢 。 水 煎 服 。 
 </text></document>