<?xml version="1.0" encoding="UTF-8" standalone="yes" ?>
<document>
<header>
<doctitle>
 重訂濟陰綱目 
 </doctitle>
<volume>
 第五冊, 卷 9 
 </volume>
<author>
 武 之 望   (叔卿 ) 
</author>
<date>
 清雍正六年, 1728
 </date>
<currentpage>
 text 22a 
 </currentpage>
<first>
 jiyingkangmu v.5 text9 1a.xml
</first>
<last>
 jiyingkangmu v.5 text9 51b.xml
</last>
<prev>
 jiyingkangmu v.5 text9 21b.xml 
</prev>
<next>
 jiyingkangmu v.5 text9 22b.xml 
</next>
<image>
 jiyingkangmu v.5 text9 22a.jpg 
</image>
</header><text>
果 愈 。 
 
 <formula> 
 胃 苓 湯         治 脾 濕 太 過 。 胃 氣 不 和 。 腹 痛 泄 瀉 。 水 穀 不 化 。 陰 陽 不 分 。 此 平 胃 散 。 與 五 苓 散 合 方 也 。 
 蒼 朮         厚 朴         陳 皮         白 朮         茯 苓       <cf> &#64022; </cf> 苓         澤 瀉 <sf> 各 一 錢   </sf>       官 桂         甘 草 <sf> 炙 各 五 分 </sf> 
 </formula> 
 右 加 生 薑 三 片 。 棗 二 枚 。 水 煎 食 遠 服 。 
 
 <formula> 
 不 換 金 正 氣 散         治 { 妊 } 娠 傷 濕 泄 瀉 。 
 蒼 朮         厚 朴         陳 皮         藿 香         半 夏 <sf> 各 一 錢 </sf>         甘 草 <sf> 五 分 </sf> 
 </formula> 
 右 加 薑 棗 煎 服 。 
 
 <formula> 
 胃 風 湯         治 風 冷 。 乘 虛 入 客 腸 胃 。 米 穀 不 下 。 泄 瀉 注 下 。 及 腸 胃 濕 毒 。 下 如 豆 汁 。 或 下 瘀 血 。 或 下 魚 腦 。 日 夜 無 度 。 
 </formula></text></document>