<?xml version="1.0" encoding="UTF-8" standalone="yes" ?>
<document>
<header>
<doctitle>
 重訂濟陰綱目 
 </doctitle>
<volume>
 第六冊, 卷 11 
 </volume>
<author>
 武 之 望   (叔卿 ) 
</author>
<date>
 清雍正六年, 1728
 </date>
<currentpage>
 text 33a 
 </currentpage>
<first>
 jiyingkangmu v.6 text10 1a.xml
</first>
<last>
 jiyingkangmu v.6 text11 38b.xml
</last>
<prev>
 jiyingkangmu v.6 text11 32b.xml 
</prev>
<next>
 jiyingkangmu v.6 text11 33b.xml 
</next>
<image>
 jiyingkangmu v.6 text11 33a.jpg 
</image>
</header><text>
右 &lt;x> 咀 每 服 六 錢 加 生 薑 五 片 水 一 盞 半 煎 至 一 盞 溫 服 不 拘 時 
 玄 胡 四 物 湯                     治 血 癖 腹 痛 及 血 &lt;x> 腰 痛 。 
 <formula> 
 當 歸                             川 芎                           白 芍 藥                           熟 地 黃 <sf> 各 七 錢 半 </sf> 
 玄 胡 索 <sf> 酒 煮 二 兩 </sf> 
 </formula> 
 右 為 細 末 每 服 三 錢 酒 調 下 
 如 神 湯                     治 產 後 瘀 血 腰 疼 
 <formula> 
 延 胡 索                       當 歸                       桂 心 <sf> 各 等 分         </sf> 
 </formula> 
 右 水 煎 服 
 又 如 神 湯 <sf> 即 生 料 五 積 散 加 桃 仁   </sf>                   逐 敗 血 去 風 濕 
 五 積 散 方 見 前 腹 痛 條 。 
 廣 濟 方                     治 產 後 虛 冷 血 氣 流 入 腰 腿 痛 不 可 轉 。 
 <formula> 
 敗 醬                     當 歸 <sf> 各 八 分 </sf>                   川 芎                   芍 藥                     桂 心 <sf> 各 六 分 </sf>       
 </formula> 
 <marginalia> 
 <sf> 血 凝 者 宜 之 惜 敗 醬 之 難 </sf> 
 </marginalia> 
 </text></document>