<?xml version="1.0" encoding="UTF-8" standalone="yes" ?>
<document>
<header>
<doctitle>
 重訂濟陰綱目 
 </doctitle>
<volume>
 第八冊, 卷 14 
 </volume>
<author>
 武 之 望   (叔卿 ) 
</author>
<date>
 清雍正六年, 1728
 </date>
<currentpage>
 text 7a 
 </currentpage>
<first>
 jiyingkangmu v.8 text14 1a.xml
</first>
<last>
 bao sheng sui shi 9b.xml
</last>
<prev>
 jiyingkangmu v.8 text14 6b.xml 
</prev>
<next>
 jiyingkangmu v.8 text14 7b.xml 
</next>
<image>
 jiyingkangmu v.8 text14 7a.jpg 
</image>
</header><text>
<formula>右 為 細 末 ﹐ 每 服 一 錢 ﹐ 煎 石 榴 皮 湯 調 下 熱 服 ﹐ </formula> 
 
 <marginalia> 
 <sf> 攻 積 而 已 亦 奇 人 用 奇 藥 於 他 方 可 再 求 之 
 止 血 之 劑 </sf> 
 </marginalia>
<formula> 
 一 方     治 產 後 痢 。 日 五 十 行 者 。 
 取 木 &lt;x> 蠹 糞 炒 黃 。 急 以 水 沃 之 。 令 稀 調 得 所 。 服 之 即 愈 。 </formula> 
 
 <marginalia> 
 <sf> 按 木 有 水 毒 無 毒 之 異 則 于 其 糞 亦 宜 別 也 </sf> 
 </marginalia>
<formula> 
 治 產 後 諸 痢 雜 方 
 取 蒼 耳 葉 搗 汁 半 盞 ﹐ 日 三 四 溫 服 。 
 一 方 煮 薤 白 食 之 。 
 一 方 羊 腎 脂 。 炒 薤 白 空 心 食 之 。 
 一 方 敗 龜 板 一 枚 。 米 醋 炙 研 為 末 醋 湯 調 下 。 </formula> 
 
 <formula> 
 治 產 後 血 痢 雜 方 
 一 方 用 阿 膠 二 兩 。 以 酒 一 升 半 。 煮 一 升 。 頓 服 。 
 一 方 用 生 馬 齒 莧 。 搗 汁 二 大 合 。 煮 一 沸 。 下 蜜 一 合 。 調 頓 服 。 
 </formula> 
 </text></document>