<?xml version="1.0" encoding="UTF-8" standalone="yes" ?>
<document>
<header>
<doctitle>
 重訂濟陰綱目 
 </doctitle>
<volume>
 第八冊, 卷 14 
 </volume>
<author>
 武 之 望   (叔卿 ) 
</author>
<date>
 清雍正六年, 1728
 </date>
<currentpage>
 text 14a 
 </currentpage>
<first>
 jiyingkangmu v.8 text14 1a.xml
</first>
<last>
 bao sheng sui shi 9b.xml
</last>
<prev>
 jiyingkangmu v.8 text14 13b.xml 
</prev>
<next>
 jiyingkangmu v.8 text14 14b.xml 
</next>
<image>
 jiyingkangmu v.8 text14 14a.jpg 
</image>
</header><text>
右 剉 分 二 帖 ﹐ 加 生 薑 三 片 燈 心 二 十 根 水 煎 服 或 為 末 每 服 二 錢 ﹐ 木 通         煎 湯 調 下 ﹐ 如 氣 壅 閉 ﹐ 木 通 橘 皮 煎 湯 調 下 ﹐ 
 
 <formula> 
 滑 石 散     治 產 後 熱 淋 
 滑 石 <sf> 一 兩 二 錢 半 研 </sf>     通 草     車 前 子     葵 子 <sf> 各 一 兩 </sf>     
 右 為 末 ﹐ 以 漿 水 調 服 方 寸 七 至 二 七 為 妙 ﹐ 
 </formula> 
 
 <formula> 
 滑 石 通 淋 散       產 後 小 便 緊 澀 不 通 者 。 因 血 熱 積 於 小 腸 。 經 水 不 利 恣 食 熱 毒 之 物 而 成 淋 澀 故 也 。 
 赤 茯 苓     澤 瀉     木 通     黃 連     豬 苓 <sf> 各 八 分 </sf>     白 <cf> 術 </cf>     瞿 麥     山 梔 子     車 前 子 <sf> 各 等                 分 </sf>     滑 石 <sf> 四 分 </sf> 
 右 剉 加 燈 心 十 二 莖 ﹐ 水 煎 ﹐ 空 心 熱 服 ﹐ 
 </formula> 
 
 <formula> 
 石 韋 散     治 婦 人 小 便 卒 淋 澀 
 </formula></text></document>