<?xml version="1.0" encoding="UTF-8" standalone="yes" ?>
<document>
<header>
<doctitle>
 重訂濟陰綱目 
 </doctitle>
<volume>
 第二冊, 卷 3 
 </volume>
<author>
 武 之 望   (叔卿 ) 
</author>
<date>
 清雍正六年, 1728
 </date>
<currentpage>
 text 4a 
 </currentpage>
<first>
 jiyingkangmu v.2 text2 1a.xml
</first>
<last>
 jiyingkangmu v.2 text3 26b.xml 
</last>
<prev>
 jiyingkangmu v.2 text3 3b.xml 
</prev>
<next>
 jiyingkangmu v.2 text3 4b.xml 
</next>
<image>
 jiyingkangmu v.2 text3 4a.jpg 
</image>
</header><text>
產 後 失 血 過 多 。 以 致 陰 虧 陽 竭 。 榮 氣 不 升 。 經 <cf> &#33033; </cf> 凝 沍 。 衛 氣 下 陷 。 精 氣 累 滯 于 下 焦 。 蘊 積 而 成 。 白 滑 如 涕 。 下 流 腥 臭 者 。 黃 &lt;x> 建 中 湯 。 去 桂 加 當 歸 水 煎 。 吞 苦 練 丸 。 久 不 止 臍 腹 引 陰 冷 痛 者 。 東 垣 固 真 丸 。 虛 中 有 火 者 。 補 經 固 真 湯 。 大 烏 雞 丸 。 常 用 氣 虛 。 四 君 子 湯 。 血 虛 。 四 物 湯 。 有 火 。 加 黃 柏 。 有 寒 。 加 桂 附 。 ○ 寒 始 因 亡 血 。 復 亡 其 陽 。 陽 氣 虛 極 。 帶 下 腥 臭 。 多 悲 不 樂 。 桂 附 湯 。 腹 
 <marginalia> 
 <sf> 陽 虛 故 悲 不 樂 </sf> 
 </marginalia> 
 痛 陰 冷 者 。 四 物 湯 。 加 桂 附 常 用 酒 煮 當 歸 丸 。 小 烏 雞 丸 。 琥 珀 調 經 丸 。 
 
 韓 氏 曰 山 妻 年 三 十 餘 。 十 八 胎 九 殰 八 天 。 會 先 君 松 潘 難 作 。 賤 兄 弟 皆 西 奔 。 妻 驚 憂 過 甚 。 遂 昏 昏 不 省 人 事 。 口 唇 舌 皆 瘡 。 或 至 封 喉 。 下 部 虛 脫 。 白 帶 如 注 。 如 此 四 十 餘 日 。 或 時 少 醒 。 至 欲 自 縊 。 自 悲 不 能 堪 醫 。 或 投 涼 劑 。 解 其 上 。 則 下 部 疾 愈 甚 。 或 投 熱 劑 。 及 以 湯 藥 薰 
 <marginalia> 
 <sf> 飛 霞 醫 案 </sf> 
 </marginalia> 
 </text></document>