<?xml version="1.0" encoding="UTF-8" standalone="yes" ?>
<document>
<header>
<doctitle>
 重訂濟陰綱目 
 </doctitle>
<volume>
 第一冊 
 </volume>
<author>
 武 之 望   (叔卿 ) 
</author>
<date>
 清雍正六年, 1728
 </date>
<currentpage>
 table of contents 12b 
 </currentpage>
<first>
 jiyingkangmu v.1 tp.xml
</first>
<last>
 jiyingkangmu v.1 text1 38b.xml 
</last>
<prev>
 jiyingkangmu v.1 table of contents 12a.xml 
</prev>
<next>
 jiyingkangmu v.1 table of contents 13a.xml 
</next>
<image>
 jiyingkangmu v.1 table of contents 12b.jpg 
</image>
</header><text>
穿 山 甲 散 <sf> 治 婦 人 癥 痞 惡 血 攻 心 腹 痛 面 無 顏 色 四 肢 瘦 損 </sf> 
 蓬 莪 茂 散 <sf> 治 癥 痞 腹 { 脅 } &lt;?> 痛 體 瘦 不 食 </sf> 
 丁 香 丸 <sf> 治 癥 痞 結 塊 不 散 心 腹 疼 痛 </sf> 
 桃 仁 散 <sf> 治 癥 痞 心 腹 脹 滿 不 食 無 力 </sf> 
 
 治 食 癥 方 
 化 積 丸 <sf> 治 婦 人 死 血 食 積 痰 飲 塊 在 兩 { 脅 } 動 作 雷 鳴 嘈 雜 眩 暈 寒 熱 時 作 時 止 </sf> 
 小 三 稜 煎 丸 <sf> 治 食 癥 酒 癖 血 瘕 氣 塊 時 發 刺 痛 不 思 食 一 切 積 滯 不 消 </sf> 
 磠 砂 丸 <sf> 治 婦 人 食 癥 久 不 消 令 人 瘦 弱 食 少 </sf> 
 礞 石 丸 <sf> 治 食 痰 火 不 消 攻 刺 心 腹 疼 痛 </sf> 
 
 治 血 癥 方 
 增 味 四 物 湯 <sf> 治 婦 人 血 積 遇 寒 觸 痛 不 可 忍 </sf> 
 六 合 湯 <sf> 治 經 事 不 行 腹 中 結 塊 腰 腿 重 痛 </sf> 
 血 竭 散 <sf> 治 血 瘕 作 痛 臍 下 脹 滿 月 經 不 行 發 熱 體 倦 </sf> 
 牡 丹 散 <sf> 治 久 虛 血 塊 走 注 心 腹 疼 痛 </sf> 
 當 歸 丸 <sf> 治 月 經 不 調 血 積 證 </sf> 
 大 黃 散 <sf> 治 血 癥 血 瘕 食 積 痰 滯 </sf> 
 大 紅 花 丸 <sf> 治 血 積 癥 瘕 經 絡 濇 滯 </sf> 
 
 治 腹 中 瘀 血 方 
 </text></document>