<?xml version="1.0" encoding="UTF-8" standalone="yes" ?>
<document>
<header>
<doctitle>
 重訂濟陰綱目 
 </doctitle>
<volume>
 第三冊, 卷 4 
 </volume>
<author>
 武 之 望   (叔卿 ) 
</author>
<date>
 清雍正六年, 1728
 </date>
<currentpage>
 text 2b 
 </currentpage>
<first>
 jiyingkangmu v.3 text4 1a.xml
</first>
<last>
 jiyingkangmu v.3 text6 26b.xml 
</last>
<prev>
 jiyingkangmu v.3 text4 2a.xml 
</prev>
<next>
 jiyingkangmu v.3 text4 3a.xml 
</next>
<image>
 jiyingkangmu v.3 text4 2b.jpg 
</image>
</header><text>
假 寒 也 。 亦 用 解 毒 湯 。 六 味 丸 。 若 飲 食 少 思 。 大 便 不 實 。 吞 酸 噯 氣 。 胸 腹 痞 滿 。 手 足 逆 冷 。 面 赤 嘔 吐 。 畏 見 風 寒 。 此 內 真 寒 而 外 假 熱 也 。 亦 用 附 子 理 中 湯 。 與 八 味 丸 。 當 求 其 屬 而 治 之 。 經 曰 益 火 之 源 。 以 消 陰 翳 。 壯 水 之 主 。 以 制 陽 光 使 不 知 真 水 火 之 不 足 。 泛 以 寒 熱 藥 治 之 。 則 舊 疾 未 去 。 新 病 復 生 矣 。 夫 所 謂 屬 者 。 猶 主 也 。 謂 心 腎 也 。 求 其 屬 也 者 。 言 水 火 不 足 而 求 之 於 心 腎 也 。 火 之 源 者 。 陽 氣 之 根 。 即 心 是 也 。 水 之 主 者 。 陰 氣 之 根 。 即 腎 是 也 。 非 謂 火 為 心 源 為 肝 。 木 為 腎 主 為 肺 也 。 
 
 一 婦 食 少 作 嘔 。 口 吐 痰 涎 。 面 黃 腹 痛 。 月 經 不 調 。 手 足 逆 冷 。 此 內 外 俱 寒 之 證 。 以 六 君 加 香 附 木 香 治 之 而 瘉 
 <marginalia> 
 <sf> 以 內 外 俱 寒 而 不 用 附 子 理 中 何 也 </sf> 
 </marginalia> 
 
 一 婦 忽 嘔 吐 酸 水 。 內 熱 作 渴 。 飲 食 不 進 。 惟 喜 冷 水 。 面 色 青 赤 。 投 之 
 <marginalia> 
 <sf> 以 內 外 真 熱 不 用 三 黃 解 毒 而 以 一 味 </sf> 
 </marginalia> 
 </text></document>