<?xml version="1.0" encoding="UTF-8" standalone="yes" ?>
<document>
<header>
<doctitle>
 重訂濟陰綱目 
 </doctitle>
<volume>
 第二冊, 卷 3 
 </volume>
<author>
 武 之 望   (叔卿 ) 
</author>
<date>
 清雍正六年, 1728
 </date>
<currentpage>
 text 23a 
 </currentpage>
<first>
 jiyingkangmu v.2 text2 1a.xml
</first>
<last>
 jiyingkangmu v.2 text3 26b.xml 
</last>
<prev>
 jiyingkangmu v.2 text3 22b.xml 
</prev>
<next>
 jiyingkangmu v.2 text3 23b.xml 
</next>
<image>
 jiyingkangmu v.2 text3 23a.jpg 
</image>
</header><text>
<formula>侵 肝 而 上 溢 故 目 中 &lt;x> &lt;x> 無 所 見 。 齒 惡 熱 飲 者 。 是 少 陽 陽 明 經 中 伏 火 也 。 當 大 瀉 寒 溫 以 丸 藥 治 之 。 故 曰 寒 在 下 焦 。 治 主 宜 緩 。 大 忌 湯 散 。 以 酒 製 白 石 脂 。 白 龍 骨 。 以 枯 其 濕 。 以 炮 薑 大 辛 熱 。 瀉 寒 水 。 以 黃 檗 之 大 寒 為 因 用 。 又 為 鄉 導 。 故 云 古 者 雖 有 重 罪 。 不 絕 人 之 後 。 又 為 之 伏 其 所 主 。 先 其 所 因 之 意 。 又 瀉 齒 中 惡 熱 飲 也 。 以 柴 胡 為 本 經 之 使 。 以 芍 藥 半 錢 導 之 恐 辛 熱 之 藥 太 甚 。 損 其 肝 經 。 故 微 瀉 之 。 以 當 歸 身 之 辛 溫 。 大 和 其 血 <cf> &#33033; </cf> 。 用 藥 之 法 。 備 矣 。 
 白 石 脂 <sf> 燒 赤 水 飛 研 細 焙 乾 </sf>         柴 胡 <sf> 各 一 錢 </sf>         白 龍 骨 <sf> 二 錢 酒 煮 日 乾 水 飛 為 末 </sf>         當 歸 <sf> 酒 洗 三 錢 </sf>         乾 薑 <sf> 炮 四 錢 </sf>         黃 檗 <sf> 酒 洗 </sf>         白 芍 藥 <sf> 各 五 分 </sf> 
 </formula> 
 右 為 細 末 。 水 煮 稀 糊 為 丸 。 如 雞 頭 大 。 每 服 三 十 丸 。 空 心 宿 食 消 
 <marginalia> 
 <sf> 服 藥 有 法 亦 有 期 讀 此 又 </sf> 
 </marginalia> 
 </text></document>