<?xml version="1.0" encoding="UTF-8" standalone="yes" ?>
<document>
<header>
<doctitle>
 重訂濟陰綱目 
 </doctitle>
<volume>
 第八冊, 卷 14 
 </volume>
<author>
 武 之 望   (叔卿 ) 
</author>
<date>
 清雍正六年, 1728
 </date>
<currentpage>
 text 33a 
 </currentpage>
<first>
 jiyingkangmu v.8 text14 1a.xml
</first>
<last>
 bao sheng sui shi 9b.xml
</last>
<prev>
 jiyingkangmu v.8 text14 32b.xml 
</prev>
<next>
 jiyingkangmu v.8 text14 33b.xml 
</next>
<image>
 jiyingkangmu v.8 text14 33a.jpg 
</image>
</header><text>
丹 溪 云 ﹐ 乳 房 陽 明 所 經 。 乳 頭 厥 陰 所 屬 ﹐ 乳 子 之 母 。 不 知 調 養 或 為 忿 怒 所 逆 。 鬱 悶 所 遏 厚 味 所 釀 。 以 致 厥 陰 之 氣 不 行 ﹐ 故 窮 不 通 。 而 汁 不 得 出 。 陽 明 之 熱 沸 騰 。 故 熱 盛 而 化 濃 。 亦 有 所 乳 之 子 。 膈 有 滯 痰 。 口 氣 焮 熱 。 含 乳 而 睡 。 熱 氣 所 吹 。 遂 生 結 核 。 於 初 起 時 。 便 須 忍 痛 。 揉 令 稍 軟 。 吮 令 汁 透 。 自 可 消 散 矣 。 此 不 治 。 必 成 癰 癤 。 治 法 &lt;x> 厥 陰 之 滯 以 青 皮 清 陽 明 之 熱 以 細 研 石 膏 行 污 濁 之 血 以 生 甘 草 節 消 腫 道 毒 以 瓜 簍 子 或 加 沒 藥 ﹐ 青 橘 葉 ﹐ 皂 角 刺 ﹐ 金 銀 花 ﹐ 當 歸 頭 。 或 湯 。 或 散 。 加 減 隨 意 消 息 。 然 須 少 酒 佐 之 。 若 加 以 艾 火 。 兩 三 壯 於 腫 處 。 其 效 尤 捷 。 彼 村 工 喜 於 自 衒 。 便 妄 用 鍼 刀 。 引 惹 拙 病 。 良 可 衰 憫 。 李 氏 曰 ﹐ 婦 人 之 乳 。 男 子 之 腎 。 皆 性 命 根 也 。 
 
 <marginalia> 
 <sf> 立 方 有 法 用 藥 有 訣 不 可 不 達 </sf> 
 </marginalia> 
 
 初 起 煩 渴 嘔 吐 者 。 膽 胃 風 熱 也 。 甚 則 毒 氣 上 衝 。 咽 膈 妨 <cf> &#30861; </cf> 。 寒 熱 者 。 
 </text></document>