<?xml version="1.0" encoding="UTF-8" standalone="yes" ?>
<document>
<header>
<doctitle>
 重訂濟陰綱目 
 </doctitle>
<volume>
 第七冊, 卷 13 
 </volume>
<author>
 武 之 望   (叔卿 ) 
</author>
<date>
 清雍正六年, 1728
 </date>
<currentpage>
 text 38a 
 </currentpage>
<first>
 jiyingkangmu v.7 text12 1a.xml
</first>
<last>
 jiyingkangmu v.7 text13 46b.xml
</last>
<prev>
 jiyingkangmu v.7 text13 37b.xml 
</prev>
<next>
 jiyingkangmu v.7 text13 38b.xml 
</next>
<image>
 jiyingkangmu v.7 text13 38a.jpg 
</image>
</header><text>
<formula> 
 藿 香 正 氣 散     治 外 感 風 寒 。 內 停 飲 食 。 頭 痛 寒 熱 。 或 霍 亂 泄 瀉 。 或 作 瘧 疾 。 
 藿 香 <sf> 一 錢 半 </sf>     桔 梗 <sf> 炒 </sf>     大 腹 皮     紫 蘇     茯 苓     白 <cf> 術 </cf> <sf> 炒 </sf>     白 芷     半 夏 麵     陳 皮     厚 朴 <sf> 製 各 一 錢 </sf>     甘 草 <sf> 炙 五 分 </sf> 
 
 右 剉 ﹐ 加 薑 棗 水 煎 服 ﹐ 
 </formula> 
 
 <formula> 
 來 復 舟     治 伏 暑 吐 瀉 身 熱 脈 弱 。 其 效 如 神 。 倉 卒 間 。 須 用 此 藥 
 硝 石 <sf> 一 兩 同 硫 黃 火 上 微 炒 用 柳 木 條 攪 結 砂 子 不 可 火 大 </sf>         舶 上 硫 黃     太 陰 玄 精 石 <sf> 研 各 一 兩 </sf>     五 靈 脂 <sf> 去 砂 石 </sf>     青 皮     陳 皮 <sf> 各 二 兩 </sf> 
 </formula> 
 
 <marginalia> 
 <sf> 伏 暑 要 藥 
 伏 暑 者 暑 熱 之 氣 因 時 感 冒 伏 於 心 胸 之 間 以 致 正 氣 鬱 悶 上 下 不 得 宣 通 遂 令 悶 絕 而 死 有 如 尸 厥 之 狀 所 謂 中 脘 閉 結 三 焦 不 通 者 是 也 暑 月 長 途 往 往 有 之 切 不 可 補 宜 備 此 藥 以 濟 之 </sf> 
 </marginalia> 
 
 右 為 末 ﹐ 醋 糊 丸 ﹐ 如 小 豆 大 ﹐ 每 服 三 十 丸 ﹐ 空 心 ﹐ 米 飲 下   ○ 易 簡 方 云 ﹐ 硝 石 性 寒 。 佐 以 陳 皮 其 性 { 疏 } 快 。 硫 黃 性 寒 味 澀 。 若 作 煖 藥 以 止 瀉 誤 矣 。 蓋 用 啖 食 生 冷 。 或 冒 暑 熱 之 氣 。 中 脘 閉 結 。 揮 霍 變 亂 。 
 </text></document>