<?xml version="1.0" encoding="UTF-8" standalone="yes" ?>
<document>
<header>
<doctitle>
 重訂濟陰綱目 
 </doctitle>
<volume>
 第八冊, 卷 14 
 </volume>
<author>
 武 之 望   (叔卿 ) 
</author>
<date>
 清雍正六年, 1728
 </date>
<currentpage>
 text 49a 
 </currentpage>
<first>
 jiyingkangmu v.8 text14 1a.xml
</first>
<last>
 bao sheng sui shi 9b.xml
</last>
<prev>
 jiyingkangmu v.8 text14 48b.xml 
</prev>
<next>
 jiyingkangmu v.8 text14 49b.xml 
</next>
<image>
 jiyingkangmu v.8 text14 49a.jpg 
</image>
</header><text>
<formula></formula>○ 膿 清 加 人 參 黃 蓍 。 ○ 膿 多 加 川 芎 當 歸 ○ 膿 不 止 加 人 參 黃 蓍 當 歸 ○           肌 肉 遲 生 加 白 歛 官 桂 。 
 
 
 
 <formula> 
 木 香 餅     治 一 切 氣 滯 結 腫 或 痛 或 閃 肭 。 及 風 寒 所 傷 作 痛 。 並 { 效 } 。 
 木 香 <sf> 五 錢 </sf>     生 地 黃 <sf> 一 兩 </sf> 
 右 木 香 為 末 。 地 黃 杵 膏 和 勻 。 量 患 處 大 小 作 餅 。 置 腫 處 以 熱 熨 火 熨 之 </formula> 
 ○ 乳 懸 
 
 <formula> 
 芎 歸 湯         治 產 後 瘀 血 上 攻 。 忽 兩 乳 伸 長 細 小 如 腸 。 直 過 小 腹 痛 不 可 忍 。 名 曰 乳 懸 危 證 。 
 川 芎     當 歸 <sf> 各 一 觔 </sf> 
 右 用 水 煎 濃 湯 不 時 溫 服 。 再 用 二 觔 逐 旋 燒 煙 安 在 病 人 面 前 
 </formula></text></document>