<?xml version="1.0" encoding="UTF-8" standalone="yes" ?>
<document>
<header>
<doctitle>
 重訂濟陰綱目 
 </doctitle>
<volume>
 第一冊, 卷 1 
 </volume>
<author>
 武 之 望   (叔卿 ) 
</author>
<date>
 清雍正六年, 1728
 </date>
<currentpage>
 text 17b 
 </currentpage>
<first>
 jiyingkangmu v.1 tp.xml
</first>
<last>
 jiyingkangmu v.1 text1 38b.xml 
</last>
<prev>
 jiyingkangmu v.1 text1 17a.xml 
</prev>
<next>
 jiyingkangmu v.1 text1 18a.xml 
</next>
<image>
 jiyingkangmu v.1 text1 17b.jpg 
</image>
</header><text>
月 經 久 閉 加 肉 桂 甘 草 黃 &lt;x> 薑 黃 棗 子 木 通 紅 花 。 
 
 月 水 不 通 加 野 苧 根 牛 漆 紅 花 蘇 木 舊 酒 水 同 煎 。 血 氣 不 調 。 加 吳 茱 萸 等 分 。 甘 草 減 半 。 
 <marginalia> 
 <sf> 野 苧 入 濛 藥 </sf> 
 </marginalia> 
 
 諸 虛 不 足 加 香 附 子 。 
 
 四 物 湯 加 甘 草 半 兩 。 為 細 末 煉 蜜 丸 每 兩 作 八 丸 。 酒 醋 共 半 盞 煎 湯 同 化 調 下 。 名 當 歸 煎 。 去 敗 血 。 生 好 血 。 婦 人 行 五 里 再 進 一 服 。 無 時 
 <marginalia> 
 <sf> 以 甘 能 和 集 生 液 養 血 也 惟 氣 不 足 者 宜 之 如 要 調 氣 宜 倍 香 附 最 妙 </sf> 
 </marginalia> 
 
 若 虛 熱 病 。 四 物 湯 。 與 參 蘇 飲 相 合 。 名 補 心 湯 主 之 。 添 柴 胡 名 五 神 湯 。 大 能 補 虛 退 虛 熱 。 
 
 潮 熱 加 黃 苓 地 骨 皮 柴 胡 。 一 方 加 柴 胡 乾 葛 黃 苓 人 參 。 
 
 虛 熱 口 乾 。 加 麥 門 冬 黃 苓 
 </text></document>