<?xml version="1.0" encoding="UTF-8" standalone="yes" ?>
<document>
<header>
<doctitle>
 重訂濟陰綱目 
 </doctitle>
<volume>
 第四冊, 卷 7 
 </volume>
<author>
 武 之 望   (叔卿 ) 
</author>
<date>
 清雍正六年, 1728
 </date>
<currentpage>
 text 9a 
 </currentpage>
<first>
 jiyingkangmu v.4 text7 1a.xml
</first>
<last>
 jiyingkangmu v.4 text8 44b.xml 
</last>
<prev>
 jiyingkangmu v.4 text7 8b.xml 
</prev>
<next>
 jiyingkangmu v.4 text7 9b.xml 
</next>
<image>
 jiyingkangmu v.4 text7 9a.jpg 
</image>
</header><text>
右 剉 加 生 薑 水 煎 服 。 
 
 <formula> 
 加 味 逍 遙 散         治 婦 人 肝 脾 血 虛 。 濕 熱 流 注 下 部 。 陰 內 潰 爛 痒 痛 發 熱 脯 熱 。 寒 熱 等 證 。 
 當 歸         芍 藥         白 朮 <sf> 炒 </sf>         茯 苓         甘 草 <sf> 炙 各 一 錢 </sf>         柴 胡         牡 丹 皮         山 梔 <sf> 炒 各 五 分 </sf> 
 </formula> 
 右 剉 水 煎 服 外 以 鶴 虱 草 煎 湯 洗 。 
 
 <formula> 
 菖 蒲 散         治 婦 人 陰 戶 腫 痛 。 月 水 { 澀 } 滯 。 
 菖 蒲         當 歸 <sf> 各 一 兩 炒 </sf>         秦 艽 <sf> 一 兩 </sf>         吳 茱 萸 <sf> 製 五 錢 </sf> 
 </formula> 
 右 為 末 。 每 服 五 錢 。 空 心 <cf> &#33905; </cf> 湯 調 下 。 或 水 。 煎 服 。 
 <marginalia> 
 <sf> 陰 戶 <cf> &#23646; </cf> 厥 陰 腫 痛 則 氣 壅 血 聚 故 用 此 四 味 以 行 心 肝 之 氣 血 耳 尤 妙 在 <cf> 蔥 </cf> 湯 </sf> 
 </marginalia> 
 
<formula> 
 麻 黃 湯 洗 方         治 婦 人 陰 腫 。 或 瘡 爛 。 
 麻 黃         黃 連         蛇 床 子 <sf> 各 一 兩 </sf>         壯 艾 葉 <sf> 一 兩 半 </sf>         烏 梅 <sf> 十 箇 </sf> 
 </formula>
 <marginalia> 
 <sf> 其 妙 又 在 麻 黃 以 麻 黃 氣 </sf> 
 </marginalia> 
 </text></document>