<?xml version="1.0" encoding="UTF-8" standalone="yes" ?>
<document>
<header>
<doctitle>
 重訂濟陰綱目 
 </doctitle>
<volume>
 第七冊, 卷 13 
 </volume>
<author>
 武 之 望   (叔卿 ) 
</author>
<date>
 清雍正六年, 1728
 </date>
<currentpage>
 text 30b 
 </currentpage>
<first>
 jiyingkangmu v.7 text12 1a.xml
</first>
<last>
 jiyingkangmu v.7 text13 46b.xml
</last>
<prev>
 jiyingkangmu v.7 text13 30a.xml 
</prev>
<next>
 jiyingkangmu v.7 text13 31a.xml 
</next>
<image>
 jiyingkangmu v.7 text13 30b.jpg 
</image>
</header><text>
中 益 氣 湯 。 夕 用 六 君 子 湯 而 愈 ﹐ 後 因 怒 腹 脹 ﹐ 誤 服 沉 香 化 氣 丸 ﹐ 吐 瀉 不 止 ﹐ 飲 食 不 進 ﹐ 小 便 不 利 ﹐ 肚 腹 四 肢 浮 腫 用 金 匱 加 減 腎 氣 丸 而 愈 ﹐ 
 
 <marginalia> 
 <sf> 以 中 氣 虛 誤 服 消 剋 藥 所 致 宜 補 土 為 主 金 匱 丸 者 以 補 火 生 土 而 有 水 鬱 折 之 之 法 存 焉 </sf> 
 </marginalia> 
 
 一 產 婦 泄 瀉 。 四 肢 面 目 浮 腫 。 喘 促 惡 寒 。 余 謂 脾 肺 虛 寒 。 用 六 君 加 薑 湯 。 而 泄 瀉 愈 。 用 補 中 益 氣 而 脾 胃 健 。 
 
 杜 氏 治 張 宣 徽 侍 寵 。 產 後 半 月 。 忽 患 復 腫 。 急 召 產 科 醫 治 。 經 半 月 不 差 。 病 勢 轉 劇 。 召 杜 治 之 。 杜 至 曰 。 諸 醫 作 何 病 。 張 曰 皆 云 水 氣 浮 腫 。 杜 曰 非 也 且 水 氣 發 咳 嗽 小 便 澀 是 也 今 愛 寵 小 便 不 澀 。 不 作 咳 嗽 惟 手 足 寒 。 乃 血 藏 虛 。 氣 塞 不 通 流 。 面 生 浮 腫 。 遂 用 益 血 和 氣 藥 。 治 之 旬 日 。 病 去 七 八 。 經 半 月 全 愈 。 所 用 之 藥 。 乃 靈 苑 方 牡 丹 散 也 。 其 方 云 治 血 臟 風 虛 冷 。 今 產 科 家 。 多 用 此 藥 。 治 產 後 諸 病 如 神 。 
 </text></document>