<?xml version="1.0" encoding="UTF-8" standalone="yes" ?>
<document>
<header>
<doctitle>
 重訂濟陰綱目 
 </doctitle>
<volume>
 第八冊, 卷 14 
 </volume>
<author>
 武 之 望   (叔卿 ) 
</author>
<date>
 清雍正六年, 1728
 </date>
<currentpage>
 text 42a 
 </currentpage>
<first>
 jiyingkangmu v.8 text14 1a.xml
</first>
<last>
 bao sheng sui shi 9b.xml
</last>
<prev>
 jiyingkangmu v.8 text14 41b.xml 
</prev>
<next>
 jiyingkangmu v.8 text14 42b.xml 
</next>
<image>
 jiyingkangmu v.8 text14 42a.jpg 
</image>
</header><text>
一 方 用 遠 志 酒 煎 服 。 滓 傳 患 處 。 
 一 方 用 野 椒 桑 和 藥 一 同 搗 膏 。 敷 患 處 。 
 一 方 用 鼠 粘 子 加 射 干 酒 吞 下 ﹐ 
 一 方 治 乳 癰 。 用 人 牙 齒 燒 存 性 。 研 為 細 末 。 以 酥 調 塗 貼 癰 上 。 
 一 方 治 吹 初 。 覺 用 白 紙 一 小 塊 。 寫 山 田 火 三 字 。 如 左 乳 患 &lt;x> 於 右 鞋               底 。   右 乳 患 。 &lt;x> 於 左 鞋 底 神 { 效 } 忌 金 石 揉 熨 
 一 方 治 乳 癰 初 發 。 用 貝 母 為 末 每 服 二 錢 。 溫 酒 調 下 。 即 以 兩 手   覆 按 於 桌 上 。 垂 乳 良 久 自 通 。 
 一 方 用 真 樺 皮 為 末 。 酒 服 方 寸 七 。 睡 醒 已 失 。 
 一 方 用 蒲 公 英 忍 冬 藤 酒 煎 服 即 欲 睡 。 是 其 { 效 } 也 
 一 方 單 用 蒲 公 英 煮 汁 飲 。 及 封 之 立 消 。 
 </text></document>