<?xml version="1.0" encoding="UTF-8" standalone="yes" ?>
<document>
<header>
<doctitle>
 重訂濟陰綱目 
 </doctitle>
<volume>
 第八冊, 卷 14 
 </volume>
<author>
 武 之 望   (叔卿 ) 
</author>
<date>
 清雍正六年, 1728
 </date>
<currentpage>
 text 8b 
 </currentpage>
<first>
 jiyingkangmu v.8 text14 1a.xml
</first>
<last>
 bao sheng sui shi 9b.xml
</last>
<prev>
 jiyingkangmu v.8 text14 8a.xml 
</prev>
<next>
 jiyingkangmu v.8 text14 9a.xml 
</next>
<image>
 jiyingkangmu v.8 text14 8b.jpg 
</image>
</header><text>
四 物 湯 。 氣 血 俱 虛 者 。 用 八 珍 湯 。 雖 數 日 不 通 。 飲 食 如 常 。 腹 中 如 故 。 仍 用 八 珍 加 桃 仁 杏 仁 治 之 。 若 泥 其 日 期 飲 食 。 數 多 而 通 之 。 則 誤 矣 。 
 
 一 產 婦 大 便 不 通 七 日 矣 。 飲 食 如 常 。 腹 中 如 故 。 余 曰 飲 食 所 入 。 雖 倍 常 數 。 腹 不 滿 脹 。 用 八 珍 加 桃 仁 杏 仁 。 至 二 十 一 日 腹 滿 欲 去 。 用 豬 膽 汁 潤 之 。 先 去 乾 糞 五 七 塊 。 後 皆 常 糞 而 安 。 
 
 <marginalia> 
 <sf> 非 善 守 善 察 者 不 能 </sf> 
 </marginalia> 
 
 一 產 婦 大 便 八 日 不 通 。 或 用 通 利 之 藥 中 &lt;x> 脹 痛 。 飲 食 甚 少 。 或 云 通 則 不 痛 。 痛 則 不 通 。 乃 用 蜜 導 之 。 大 便 不 禁 ﹐ 吃 逆 不 食 。 余 曰 此 脾 腎 復 傷 。 用 六 君 加 吳 茱 萸 。 肉 果 骨 脂 五 味 數 劑 。 喜 其 年 壯 而 愈 。 不 然 多 致 不 起 。 
 一 產 婦 大 便 秘 結 。 小 腹 脹 痛 。 用 大 黃 等 藥 。 致 吐 瀉 不 食 。 腹 痛 胸 痞 。 
 </text></document>