<?xml version="1.0" encoding="UTF-8" standalone="yes" ?>
<document>
<header>
<doctitle>
 重訂濟陰綱目 
 </doctitle>
<volume>
 第四冊, 卷 7 
 </volume>
<author>
 武 之 望   (叔卿 ) 
</author>
<date>
 清雍正六年, 1728
 </date>
<currentpage>
 text 10b 
 </currentpage>
<first>
 jiyingkangmu v.4 text7 1a.xml
</first>
<last>
 jiyingkangmu v.4 text8 44b.xml 
</last>
<prev>
 jiyingkangmu v.4 text7 10a.xml 
</prev>
<next>
 jiyingkangmu v.4 text7 11a.xml 
</next>
<image>
 jiyingkangmu v.4 text7 10b.jpg 
</image>
</header><text>
右 為 細 末 。 每 服 二 錢 。 食 前 溫 酒 調 服 。 
 
 <formula> 
 硫 鯉 丸         治 陰 中 生 蟲 。 亦 治 茄 子 疾 。 
 大 鯉 魚 一 個 。 去 頭 皮 。 入 硫 黃 一 兩 。 黃 泥 固 。 用 火 &lt;x> 。 <cf> &#28895; </cf> 盡 為 末 。 米 糊 丸 如 桐 子 大 。 每 服 二 十 丸 。 溫 酒 下 。 </formula> <marginalia> 
 <sf> 生 虫 繇 穢 惡 不 潔 外 治 無 非 殺 虫 內 治 無 非 清 火 養 陰 </sf> 
 </marginalia> 
 
<formula> 
 廣 濟 方         療 婦 人 陰 痒 不 止 。 
 蚺 蛇 膽         雄 黃         硫 黃         朱 砂         硝 石         蕪 荑 <sf> 各 半 兩 </sf>         藜 蘆 <sf> 二 錢 半 </sf> 
 </formula> 
 右 為 細 末 以 臘 月 豬 脂 和 如 膏 。 用 故 布 作 纏 子 。 如 指 長 一 寸 半 。 以 藥 塗 上 內 陰 中 。 日 一 易 之 。 易 時 宜 用 豬 椒 根 三 五 兩 。 水 煮 稍 熱 洗 。 乾 拭 內 之 。 
 <marginalia> 
 <sf> 先 師 云 一 內 患 此 日 用 熱 水 洗 滌 數 次 百 方 不 { 效 } 後 隨 夫 任 至 山 東 食 小 米 飯 數 月 而 愈 豈 亦 補 土 而 制 <cf> &#28287; </cf> 歟 觀 此 則 治 法 又 須 補 脾 燥 <cf> &#28287; </cf> 矣 姑 試 之 </sf> 
 </marginalia> 
 
<formula> 
 一 方         治 陰 中 生 細 蟲 。 痒 不 可 忍 。 若 食 入 臟 腑 即 死 。 
 </formula></text></document>