<?xml version="1.0" encoding="UTF-8" standalone="yes" ?>
<document>
<header>
<doctitle>
 重訂濟陰綱目 
 </doctitle>
<volume>
 第三冊, 卷 6 
 </volume>
<author>
 武 之 望   (叔卿 ) 
</author>
<date>
 清雍正六年, 1728
 </date>
<currentpage>
 text 26b 
 </currentpage>
<first>
 jiyingkangmu v.3 text4 1a.xml
</first>
<last>
 jiyingkangmu v.3 text6 26b.xml 
</last>
<prev>
 jiyingkangmu v.3 text6 26a.xml 
</prev>
<next>
 0
</next>
<image>
 jiyingkangmu v.3 text6 26b.jpg 
</image>
</header><text>
心 服 棗 核 大 一 丸 永 斷 孕 。 不 損 人 。 ○ 一 方 四 物 湯 五 錢 加 蕓 薹 子 二 錢 。 於 經 行 後 空 心 溫 服 。 
 
 良 方 論 曰 。 易 曰 天 地 之 大 德 曰 生 。 然 婦 人 有 臨 產 艱 難 。 或 生 育 不 已 。 而 欲 斷 之 。 故 錄 驗 方 以 備 用 。 若 服 水 銀 虻 蟲 水 蛭 之 類 。 不 惟 孕 不 復 懷 。 且 禍 在 反 掌 。 ○ 薛 氏 曰 。 大 抵 斷 產 之 法 。 多 用 峻 厲 。 往 往 有 不 起 者 。 是 則 產 之 害 未 若 斷 產 之 害 也 。 吾 聞 閣 老 張 羅 峰 。 太 常 李 恆 齋 之 夫 人 。 俱 因 服 斷 產 之 劑 。 自 謂 形 體 俱 怯 遇 勞 必 病 。 有 曰 然 矣 。 按 夷 堅 志 。 載 東 京 女 子 曰 牡 丹 。 以 售 墮 胎 藥 。 生 得 惡 報 。 今 雖 列 如 上 方 。 以 備 萬 一 之 用 。 用 者 尚 其 慎 之 。 
 
 濟 陰 綱 目 卷 之 六 終 
 </text></document>