<?xml version="1.0" encoding="UTF-8" standalone="yes" ?>
<document>
<header>
<doctitle>
 重訂濟陰綱目 
 </doctitle>
<volume>
 第一冊 
 </volume>
<author>
 武 之 望   (叔卿 ) 
</author>
<date>
 清雍正六年, 1728
 </date>
<currentpage>
 table of contents 2b 
 </currentpage>
<first>
 jiyingkangmu v.1 tp.xml
</first>
<last>
 jiyingkangmu v.1 text1 38b.xml 
</last>
<prev>
 jiyingkangmu v.1 table of contents 2a.xml 
</prev>
<next>
 jiyingkangmu v.1 table of contents 3a.xml 
</next>
<image>
 jiyingkangmu v.1 table of contents 2b.jpg 
</image>
</header><text>
治 月 水 不 斷 方 
 止 經 湯 <sf> 治 困 倦 多 睡 少 食 經 水 淋 漓 或 片 或 赤 白 黃 水 面 青 黃 頭 眩 目 花 四 肢 酸 </sf> 
 蒲 黃 散 <sf> 治 經 水 不 止 </sf> 
 固 經 丸 <sf> 治 月 水 過 多 不 止 陰 虛 挾 熱 所 致 </sf> 
 
 治 過 期 不 止 方 
 苓 心 丸 <sf> 治 四 十 九 歲 後 天 癸 行 而 不 止 </sf> 
 補 中 芎 藭 湯 <sf> 治 月 水 不 調 崩 中 暴 下 或 產 後 失 血 過 多 腹 痛 或 胎 動 下 血 </sf> 
 茸 附 湯 <sf> 補 衝 任 血 </sf> 
 
 治 經 病 疼 痛 方 
 越 痛 散 <sf> 治 血 氣 虛 寒 身 體 作 痛 </sf> 
 八 物 湯 <sf> 治 經 將 行 臍 腹 痛 者 氣 滯 血 濕 也 </sf> 
 加 味 四 物 湯 <sf> 治 經 來 作 疼 不 止 </sf> 
 烏 藥 湯 <sf> 治 血 海 疼 痛 </sf> 
 加 味 烏 藥 湯 <sf> 治 經 水 欲 來 臍 腹 疼 痛 </sf> 
 澹 寮 煮 附 丸 <sf> 治 經 不 調 血 氣 刺 痛 腹 { 脅 } 膨 脹 </sf> 
 薑 黃 散 <sf> 治 血 臟 冷 經 不 調 及 血 瘀 凝 滯 臍 腹 刺 痛 </sf> 
 琥 珀 散 <sf> 治 經 滯 心 腹 臍 痛 不 可 忍 及 產 後 惡 露 不 快 血 上 搶 心 迷 悶 不 省 欲 死 </sf> 
 玄 胡 索 散 <sf> 治 血 氣 攻 刺 新 舊 腹 痛 </sf> 
 </text></document>