<?xml version="1.0" encoding="UTF-8" standalone="yes" ?>
<document>
<header>
<doctitle>
 重訂濟陰綱目 
 </doctitle>
<volume>
 第三冊, 卷 5 
 </volume>
<author>
 武 之 望   (叔卿 ) 
</author>
<date>
 清雍正六年, 1728
 </date>
<currentpage>
 text 2b 
 </currentpage>
<first>
 jiyingkangmu v.3 text4 1a.xml
</first>
<last>
 jiyingkangmu v.3 text6 26b.xml 
</last>
<prev>
 jiyingkangmu v.3 text5 2a.xml 
</prev>
<next>
 jiyingkangmu v.3 text5 3a.xml 
</next>
<image>
 jiyingkangmu v.3 text5 2b.jpg 
</image>
</header><text>
腰 背 相 引 痛 。 月 水 不 利 。 令 人 不 產 。 小 腹 急 。 下 引 陰 中 如 刺 。 不 得 小 便 。 或 時 寒 熱 。 下 赤 黃 汁 。 令 人 無 子 。 當 刺 關 元 氣 衡 行 以 毒 藥 。 瘕 下 即 愈 。 
 
 青 瘕 者 。 婦 人 新 產 未 滿 十 日 。 起 行 以 浣 洗 太 早 。 陰 陽 虛 。 玉 門 四 邊 皆 解 散 。 子 戶 未 安 骨 肉 皆 痛 。 手 臂 不 舉 。 飲 食 未 復 。 內 臟 吸 吸 。 又 當 風 臥 。 不 自 隱 蔽 。 若 居 濕 席 。 令 人 苦 寒 。 洒 洒 入 腹 煩 悶 沉 淖 。 惡 血 不 除 。 結 熱 不 得 散 。 則 生 青 瘕 。 聚 在 左 右 { 脅 } 下 。 藏 於 背 膂 。 上 與 肩 脾 腰 下 攣 急 。 腹 下 有 氣 起 。 喜 唾 。 不 可 多 食 。 四 肢 不 欲 動 搖 。 手 足 腫 。 面 色 黃 。 大 小 便 難 。 其 後 月 水 為 之 不 通 利 。 或 不 復 禁 。 狀 如 崩 中 。 此 自 過 所 致 。 令 人 少 子 。 療 之 當 刺 胃 管 。 行 以 毒 藥 。 有 法 。 瘕 當 下 即 愈 。 
 
 燥 瘕 者 。 婦 人 月 水 下 。 惡 血 未 盡 。 其 人 虛 憊 。 而 以 夏 月 熱 行 疾 步 。 若 
 </text></document>