<?xml version="1.0" encoding="UTF-8" standalone="yes" ?>
<document>
<header>
<doctitle>
 重訂濟陰綱目 
 </doctitle>
<volume>
 第三冊, 卷 6 
 </volume>
<author>
 武 之 望   (叔卿 ) 
</author>
<date>
 清雍正六年, 1728
 </date>
<currentpage>
 text 16b 
 </currentpage>
<first>
 jiyingkangmu v.3 text4 1a.xml
</first>
<last>
 jiyingkangmu v.3 text6 26b.xml 
</last>
<prev>
 jiyingkangmu v.3 text6 16a.xml 
</prev>
<next>
 jiyingkangmu v.3 text6 17a.xml 
</next>
<image>
 jiyingkangmu v.3 text6 16b.jpg 
</image>
</header><text>
<formula>知 母         貝 母 <sf> 各 二 兩 </sf>         黃 連         地 骨 皮         玄 胡 索         乾 姜 <sf> 各 一 兩 </sf>         白 茯 苓 <sf> 二 兩 半 </sf>         秦 艽 <sf> 一 兩 半 </sf>         艾 葉         青 蒿 <sf> 各 四 兩 </sf> 
 </formula> 
 右 香 附 等 二 十 一 味 。 俱 為 細 末 。 用 白 毛 烏 骨 雄 雞 一 隻 。 緝 死 去 毛 與 腸 將 艾 蒿 各 一 半 。 裝 入 腹 內 。 將 雞 並 餘 艾 蒿 同 入 &lt;x> 內 。 以 童 便 和 水 浸 過 雞 二 寸 許 。 隔 湯 煮 爛 。 取 出 去 骨 。 焙 肉 乾 為 末 。 如 有 筋 骨 疼 痛 者 。 去 肉 焙 骨 焦 為 末 。 與 前 末 和 勻 。 雞 汁 打 糊 為 丸 。 如 桐 子 大 。 每 服 五 六 十 丸 。 漸 加 至 七 八 十 丸 溫 酒 或 米 飲 下 。 忌 煎 炒 莧 菜 。 
 
 <formula> 
 小 烏 雞 丸         治 婦 人 白 病 。 
 吳 茱 萸         良 姜         白 姜         當 歸         白 芍 藥         玄 胡 索         破 故 紙         川 椒         陳 皮         劉 寄 奴         生 地 黃         莪 朮 
 </formula></text></document>