<?xml version="1.0" encoding="UTF-8" standalone="yes" ?>
<document>
<header>
<doctitle>
 重訂濟陰綱目 
 </doctitle>
<volume>
 第二冊, 卷 3 
 </volume>
<author>
 武 之 望   (叔卿 ) 
</author>
<date>
 清雍正六年, 1728
 </date>
<currentpage>
 text 14b 
 </currentpage>
<first>
 jiyingkangmu v.2 text2 1a.xml
</first>
<last>
 jiyingkangmu v.2 text3 26b.xml 
</last>
<prev>
 jiyingkangmu v.2 text3 14a.xml 
</prev>
<next>
 jiyingkangmu v.2 text3 15a.xml 
</next>
<image>
 jiyingkangmu v.2 text3 14b.jpg 
</image>
</header><text>
<formula>白 帶 下 久 不 止 
 黃 &lt;x>         人 參         白 朮         甘 草 <sf> 炙 各 一 錢 </sf>         當 歸         陳 皮 <sf> 各 七 分 </sf>         升 麻         柴 胡 <sf> 各 三 分 </sf> 
 </formula> 
 右 作 一 服 水 煎 服 
 <marginalia> 
 <sf> 讀 東 垣 先 生 書 方 知 立 方 之 旨 讀 立 齋 先 生 書 又 知 善 用 東 垣 之 方 </sf> 
 </marginalia> 
 
<formula> 
 六 君 子 湯         治 胃 虛 有 痰 飲 食 減 少 。 中 氣 不 和 。 時 時 帶 下 。 
 人 參         白 朮         白 茯 苓         甘 草 <sf> 炙 </sf>         陳 皮 <sf> 去 白 </sf>         半 夏 <sf> 湯 炮 七 次 各 一 錢 </sf> 
 </formula> 
 右 剉 一 服 。 加 生 薑 三 片 。 水 煎 服 。 
 <marginalia> 
 <sf> 補 中 湯 有 升 柴 以 升 下 陷 之 氣 此 方 有 茯 苓 半 夏 以 燥 中 宮 之 痰 </sf> 
 </marginalia> 
 
<formula> 歸 脾 湯 ○ 治 思 慮 過 傷 心 脾 。 以 致 健 忘 怔 忡 。 驚 悸 不 寐 。 怠 惰 嗜 臥 。 不 思 飲 食 。 時 常 白 帶 不 止 。 方 見 血 崩 門 。 <sf> 勞 傷 條</sf></formula> <formula> 
 加 味 八 珍 湯         治 婦 人 氣 血 兩 虛 。 赤 白 帶 下 。 
 當 歸         川 芎         白 芍 藥 酒 炒         生 地 黃         人 參         白 朮 </formula>
<marginalia><sf> 本 方 補 心 血 以 <cf> &#33635; </cf> 脾 補 其 母 也 調 肝 氣 以 和 下 去 其 賊 也 母 補 賊 去 則 脾 氣 健 矣 故 曰 歸 脾 昔 真 人 云 補 </sf></marginalia></text></document>