<?xml version="1.0" encoding="UTF-8" standalone="yes" ?>
<document>
<header>
<doctitle>
 重訂濟陰綱目 
 </doctitle>
<volume>
 第六冊, 卷 11 
 </volume>
<author>
 武 之 望   (叔卿 ) 
</author>
<date>
 清雍正六年, 1728
 </date>
<currentpage>
 text 19a 
 </currentpage>
<first>
 jiyingkangmu v.6 text10 1a.xml
</first>
<last>
 jiyingkangmu v.6 text11 38b.xml
</last>
<prev>
 jiyingkangmu v.6 text11 18b.xml 
</prev>
<next>
 jiyingkangmu v.6 text11 19b.xml 
</next>
<image>
 jiyingkangmu v.6 text11 19a.jpg 
</image>
</header><text>
胡 牡 丹 皮 而 愈 。 
 芎 歸 加 芍 藥 湯                     治 產 後 血 崩 。 眩 暈 不 知 人 事 。 
 方 見 前 惡 露 不 絕 。 
 加 味 四 物 湯                     治 產 後 血 崩 如 豆 汁 紫 黑 過 多 者 。 
 方 見 前 惡 露 不 絕 。 
 奇 效 四 物 湯                     治 產 後 血 崩 素 有 熱 者 
   方 見 血 崩 門 
 乾 熟 地 黃 散                     治 產 後 崩 中 頭 目 旋 暈 神 思 昏 迷 四 肢 煩 亂 不 知 人 事 
 <formula> 
 熟 乾 地 黃             黃 耆                 伏 龍 肝               赤 石 脂 <sf> 各 一 兩 </sf>               當 歸 <sf> 七 錢 半 </sf>     
   川 芎                               阿 膠                 艾 葉                       白 朮                   人 參               甘 草 <sf> 各 半 兩 </sf>   
 </formula> 
 <marginalia> 
 <sf> 崩 久 虛 脫 者 宜 之 </sf> 
 </marginalia> 
 </text></document>