<?xml version="1.0" encoding="UTF-8" standalone="yes" ?>
<document>
<header>
<doctitle>
 重訂濟陰綱目 
 </doctitle>
<volume>
 第一冊 
 </volume>
<author>
 武 之 望   (叔卿 ) 
</author>
<date>
 清雍正六年, 1728
 </date>
<currentpage>
 table of contents 33b 
 </currentpage>
<first>
 jiyingkangmu v.1 tp.xml
</first>
<last>
 jiyingkangmu v.1 text1 38b.xml 
</last>
<prev>
 jiyingkangmu v.1 table of contents 33a.xml 
</prev>
<next>
 jiyingkangmu v.1 table of contents 34a.xml 
</next>
<image>
 jiyingkangmu v.1 table of contents 33b.jpg 
</image>
</header><text>
瘈 瘲 
 防 風 湯 <sf> 治 風 虛 發 熱 項 背 拘 急 恍 惚 狂 言 亦 治 <cf> &#33050; </cf> 氣 緩 弱 </sf> 
 華 陀 愈 風 散 <sf> 方 見 中 風 </sf> 
 當 歸 散 <sf> 治 產 後 中 風 </sf> 
 增 損 柴 胡 湯 <sf> 治 產 後 手 足 牽 搐 涎 潮 昏 悶 </sf> 
 秦 艽 湯 <sf> 前 證 去 後 方 服 此 藥 </sf> 
 拘 攣 
 舒 筋 湯 <sf> 治 一 切 拘 攣 疼 痛 風 濕 所 傷 氣 血 凝 滯 </sf>芎 藭 散 <sf> 治 產 後 中   風 筋 攣 急 </sf> 
 防 己 膏 <sf> 治 產 後 中 風 身 <cf> &#20307; </cf> 痲 痺 攣 急 </sf> 
 
 不 語 
 八 珍 散 <sf> 治 產 後 停 積 敗 血 閉 于 心 竅 神 志 不 明 舌 強 不 語 </sf> 
 胡 氏 孤 鳳 散 <sf> 治 產 後 開 目 不 語 </sf> 
 一 方 <sf> 治 產 後 不 語 </sf> 
 逐 血 補 心 湯 <sf> 治 產 後 失 音 不 語 </sf> 
 
 狂 言 譫 語 
 一 靈 三 聖 散 <sf> 治 產 後 敗 血 衝 心 發 熱 狂 言 </sf> 
 奪 命 丹 <sf> 治 產 後 血 熱 心 經 語 言 顛 狂 健 忘 失 志 </sf> 
 </text></document>