<?xml version="1.0" encoding="UTF-8" standalone="yes" ?>
<document>
<header>
<doctitle>
 重訂濟陰綱目 
 </doctitle>
<volume>
 第六冊, 卷 10 
 </volume>
<author>
 武 之 望   (叔卿 ) 
</author>
<date>
 清雍正六年, 1728
 </date>
<currentpage>
 text 14a 
 </currentpage>
<first>
 jiyingkangmu v.6 text10 1a.xml
</first>
<last>
 jiyingkangmu v.6 text11 38b.xml
</last>
<prev>
 jiyingkangmu v.6 text10 13b.xml 
</prev>
<next>
 jiyingkangmu v.6 text10 14b.xml 
</next>
<image>
 jiyingkangmu v.6 text10 14a.jpg 
</image>
</header><text>
<marginalia> 
 <sf> 此 再 詢 之 高 明 者 </sf> 
 </marginalia> 
 柞 子 引 子                     治 產 難 。 或 橫 或 倒 。 胎 爛 腹 中 。 脹 悶 服 之 。 
 <formula> 
 生 柞 木 <sf> 一 大 握 長 一 尺 洗 淨 寸 剉 生 用 </sf>                                     甘 草 <sf> 大 者 五 寸 剉 五 &lt;?> </sf> 
 </formula>   
 右 用 新 汲 水 三 升 半 。 入 新 磁 瓶 內 。 以 紙 三 重 封 緊 。 文 武 火 煎 至 一 升 半 。 侯 產 婦 腰 重 痛 。 欲 坐 草 時 。 溫 飲 一 小 盞 。 便 覺 心 下 開 豁 。 如 覺 渴 。 再 飲 一 盞 。 至 三 四 盞 覺 下 重 便 生 。 此 方 最 驗 。 
 催 生 如 聖 散 
 黃 蜀 葵 子 不 拘 多 少 焙 乾 為 末 熱 酒 調 下 二 錢 神 { 效 } 如 無 子 花 亦 可 ○ 若 胎 漏 血 乾 難 產 痛 極 者 <cf> &#24182; </cf> 進 三 服 良 久 腹 中 氣 寬 胎 滑 即 產 須 見 正 產 候 。 方 可 服 之 ○ 如 打 撲 死 胎 紅 花 酒 下 ○ 歌 曰 黃 葵 子 炒 七 十 粒 。 細 研 酒 調 濟 君 急 。 若 還 臨 危 產 難 時 。 免 得 全 家 俱 哭 泣 。 
 </text></document>