<?xml version="1.0" encoding="UTF-8" standalone="yes" ?>
<document>
<header>
<doctitle>
 重訂濟陰綱目 
 </doctitle>
<volume>
 第六冊, 卷 11 
 </volume>
<author>
 武 之 望   (叔卿 ) 
</author>
<date>
 清雍正六年, 1728
 </date>
<currentpage>
 text 16b 
 </currentpage>
<first>
 jiyingkangmu v.6 text10 1a.xml
</first>
<last>
 jiyingkangmu v.6 text11 38b.xml
</last>
<prev>
 jiyingkangmu v.6 text11 16a.xml 
</prev>
<next>
 jiyingkangmu v.6 text11 17a.xml 
</next>
<image>
 jiyingkangmu v.6 text11 16b.jpg 
</image>
</header><text>
○ 已 上 補 虛 之 劑 
 加 味 四 物 湯                     治 產 後 月 餘 經 血 淋 瀝 不 止 此 陷 下 者 舉 之 也 
 <formula> 
 當 歸                           川 芎                   白 芍                               熟 地                           白 芷                                       
 升 麻 <sf> 各 一 錢 </sf>                                                       血 餘 灰 另 入  </formula> 
 右 剉 水 煎 服 
 <sf> 余 族 弟 婦 產 後 半 月 離 蓐 過 勞 下 血 傾 盆 急 以 求 救 余 用 此 藥 一 服 立 止 其 效 如 神 </sf> 
 千 金 方                     治 產 後 惡 血 不 盡 或 經 月 或 半 歲 者 
   升 麻 三 兩 清 酒 五 升 煮 取 二 升 半 分 溫 再 服 
   ○ 已 上 升 提 之 劑 
 烏 金 散                     治 產 後 血 迷 血 暈 敗 血 不 止 淋 瀝 不 斷 臍 腹 病 痛 頭 目 昏 眩 多 汗 無 力 及 崩 中 下 血 不 止 
 </text></document>