<?xml version="1.0" encoding="UTF-8" standalone="yes" ?>
<document>
<header>
<doctitle>
 重訂濟陰綱目 
 </doctitle>
<volume>
 第七冊, 卷 12 
 </volume>
<author>
 武 之 望   (叔卿 ) 
</author>
<date>
 清雍正六年, 1728
 </date>
<currentpage>
 text 22a 
 </currentpage>
<first>
 jiyingkangmu v.7 text12 1a.xml
</first>
<last>
 jiyingkangmu v.7 text13 46b.xml
</last>
<prev>
 jiyingkangmu v.7 text12 21b.xml 
</prev>
<next>
 jiyingkangmu v.7 text12 22b.xml 
</next>
<image>
 jiyingkangmu v.7 text12 22a.jpg 
</image>
</header><text>
所 乘 也 。   或 恐 懼 憂 怕 。 令 心 氣 受 于 風 邪 邪 搏 于 心 。 則 驚 不 自 安 若 驚 不 已 。 則 悸 動 不 定 。 其 狀 目 睛 不 轉 。 而 不 能 動 。 珍 其 脈 動 而 弱 者 驚 悸 也 。 動 則 為 驚 。 若 則 為 悸 矣 。 
 薛 氏 曰 ﹐ 按 人 之 所 主 者 心 。 心 之 所 主 者 血 。 心 血 一 虛 。 神 氣 不 守 。 此 驚 悸 所 由 作 也 。 當 補 氣 血 為 主 。 
 一 產 婦 。 患 前 證 。 二 度 服 琥 珀 地 黃 丸 。 局 方 妙 香 散 隨 效 。 再 患 服 之 。 其 證 益 甚 。 而 脈 浮 大 按 之 如 無 發 熱 惡 寒 此 血 氣 俱 虛 用 十 全 大 補 。 加 味 歸 脾 二 湯 。 各 百 餘 濟 而 愈 。 後 遇 驚 恐 。 勞 怒 復 作 。 仍 服 <sf> 前 藥 而 安 </sf> 。 
 
 <formula> 
 加 味 四 物 湯     治 產 後 血 少 。 怔 忡 無 時 。 
 當 歸     川 芎     白 芍 藥 <sf> 炒 </sf>     熟 地 黃 <sf> 酒 洗 </sf>     茯 神 <sf> 去 木 各 一 錢 </sf>     遠 志 <sf> 去 心 </sf>     酸 棗 仁 <sf> 炒 各 七 分 </sf> 
 </formula> 
 </text></document>