<?xml version="1.0" encoding="UTF-8" standalone="yes" ?>
<document>
<header>
<doctitle>
 重訂濟陰綱目 
 </doctitle>
<volume>
 第六冊, 卷 10 
 </volume>
<author>
 武 之 望   (叔卿 ) 
</author>
<date>
 清雍正六年, 1728
 </date>
<currentpage>
 text 2a 
 </currentpage>
<first>
 jiyingkangmu v.6 text10 1a.xml
</first>
<last>
 jiyingkangmu v.6 text11 38b.xml
</last>
<prev>
 jiyingkangmu v.6 text10 1b.xml 
</prev>
<next>
 jiyingkangmu v.6 text10 2b.xml 
</next>
<image>
 jiyingkangmu v.6 text10 2a.jpg 
</image>
</header><text>
不 可 專 執 。 若 脾 胃 不 實 。 氣 血 不 充 。 宜 預 調 神 。 不 然 臨 產 。 必 有 患 難 。 
 
 ○ 論 臨 產 催 生 法 
 大 全 云 。 大 凡 生 產 。 自 有 時 候 。 未 見 時 候 。 切 不 可 強 服 催 生 滑 胎 等 藥 或 勢 不 得 已 。 則 服 之 。 又 云 切 不 可 坐 早 。 及 令 穩 婆 亂 動 手 。 <sf> 凡 催 生 藥 必 候 腰 痛 甚 胎 轉 向 下 漿 水 破 方 可 服 </sf>     大 法 滑 以 流 通 {澀} 滯 若 以 驅 逐 閉 塞 。 香 以 開 竅 逐 血 。 氣 滯 者 行 氣 胞 漿 先 破 疾 困 者 固 血 。   
 丹 溪 云 。 催 生 只 用 佛 手 散 。 最 穩 當 。 又 { 效 } 捷 。 
 <marginalia> 
 <sf> 固 血 如 閘 水 放 舟 最 穩 當 </sf> 
 </marginalia> 
 
 ○ 論 難 產 由 於 安 佚 氣 滯 
 大 全 云 婦 人 以 血 為 主 。 惟 氣 順 則 血 和 。 胎 安 則 產 順 。 今 富 貴 之 家 。 過 於 安 逸 。 以 致 氣 滯 而 胎 不 轉 。 或 為 交 合 使 精 血 聚 於 胞 中 。 皆 致 產 難 。 若 腹 或 痛 或 止 。 名 曰 弄 胎 。 穩 婆 不 悟 。 入 手 試 水 。 致 胞 破 漿 乾 
 </text></document>