<?xml version="1.0" encoding="UTF-8" standalone="yes" ?>
<document>
<header>
<doctitle>
 重訂濟陰綱目 
 </doctitle>
<volume>
 第五冊, 卷 9 
 </volume>
<author>
 武 之 望   (叔卿 ) 
</author>
<date>
 清雍正六年, 1728
 </date>
<currentpage>
 text 20a 
 </currentpage>
<first>
 jiyingkangmu v.5 text9 1a.xml
</first>
<last>
 jiyingkangmu v.5 text9 51b.xml
</last>
<prev>
 jiyingkangmu v.5 text9 19b.xml 
</prev>
<next>
 jiyingkangmu v.5 text9 20b.xml 
</next>
<image>
 jiyingkangmu v.5 text9 20a.jpg 
</image>
</header><text>
<formula> 
 回 生 散         治 中 氣 不 和 霍 亂 吐 瀉 。 但 一 點 胃 氣 存 者 。 服 之 回 生 。 
 陳 皮 <sf> 去 白 </sf>         藿 香 <sf> 各 五 分 </sf> 
 </formula> 
 右 為 末 。 水 煎 溫 服 。 
 <marginalia> 
 <sf> 此 方 甚 良 </sf> 
 </marginalia>
<formula> 
 七 味 白 朮 散         治 脾 胃 虛 弱 。 吐 瀉 作 渴 不 食 。 
 白 朮         人 參         茯 苓         甘 草 <sf> 炙 </sf>         木 香         藿 香 <sf> 各 半 兩 </sf>         乾 葛 <sf> 一 兩 </sf> 
 </formula> 
 右 為 末 。 沸 湯 調 服 二 錢 。 吐 甚 者 。 加 生 薑 汁 。 頻 頻 服 之 。 
 
 <formula> 
 理 中 湯         治 { 妊 } 娠 霍 亂 腹 痛 。 四 肢 逆 冷 汗 出 脈 虛 弱 者 
 白 朮         人 參         乾 薑 <sf> 炮 </sf>         甘 草 <sf> 炙 各 一 錢 </sf> 
 </formula> 
 右 剉 水 煎 服 ○ 甚 者 。 加 熟 附 子 五 分 。 
 
 <formula> 
 人 參 散         治 { 妊 } 娠 霍 亂 吐 瀉 。 心 煩 腹 痛 。 飲 食 不 入 。 
 </formula></text></document>