<?xml version="1.0" encoding="UTF-8" standalone="yes" ?>
<document>
<header>
<doctitle>
 重訂濟陰綱目 
 </doctitle>
<volume>
 第一冊 
 </volume>
<author>
 武 之 望   (叔卿 ) 
</author>
<date>
 清雍正六年, 1728
 </date>
<currentpage>
 preface 1a 
 </currentpage>
<first>
 jiyingkangmu v.1 tp.xml
</first>
<last>
 jiyingkangmu v.1 text1 38b.xml 
</last>
<prev>
 jiyingkangmu v.1 tp.xml 
</prev>
<next>
 jiyingkangmu v.1 preface 1b.xml 
</next>
<image>
 jiyingkangmu v.1 preface 1a.jpg 
</image>
</header><text>
濟 陰 綱 目 序 
 夫 醫 者 活 人 之 事 而 亦 殺 人 之 機 也 今 天 下 醫 書 亦 繁 夥 矣 未 盡 其 變 紙 上 陳 言 何 足 為 用 設 沉 痾 當 前 醫 士 環 視 生 之 乎 殺 之 乎 曰 殺 之 也 何 以 明 其 然 也 拘 泥 古 方 以 療 今 疾 如 此 者 醫 殺 之 耳 男 子 無 論 矣 
 </text></document>