<?xml version="1.0" encoding="UTF-8" standalone="yes" ?>
<document>
<header>
<doctitle>
 重訂濟陰綱目 
 </doctitle>
<volume>
 第七冊, 卷 13 
 </volume>
<author>
 武 之 望   (叔卿 ) 
</author>
<date>
 清雍正六年, 1728
 </date>
<currentpage>
 text 3b 
 </currentpage>
<first>
 jiyingkangmu v.7 text12 1a.xml
</first>
<last>
 jiyingkangmu v.7 text13 46b.xml
</last>
<prev>
 jiyingkangmu v.7 text13 3a.xml 
</prev>
<next>
 jiyingkangmu v.7 text13 4a.xml 
</next>
<image>
 jiyingkangmu v.7 text13 3b.jpg 
</image>
</header><text>
<formula>薤 白     半 夏     人 參     甘 草 <sf> 各 一 兩 </sf>     括 蔞 根 <sf> 二 兩 </sf>     麥 門 冬 <sf> 半 斤 </sf>     熱 甚 加 知 母 石 膏 </formula> 
 
 右 &lt;x> 咀 ﹐ 以 水 一 斗 三 升 ﹐ 煮 取 四 升 ﹐ 去 渣 ﹐ 分 五 服 ﹐ 日 三 夜 二 ﹐ 
 
 <formula> 
 芍 藥 梔 豉 湯     治 產 後 虛 煩 不 得 眠 
 白 芍     當 歸     梔 子     香 豉 <sf> 半 合 </sf> 
 </formula> 
 
 右 用 水 二 鍾 半 ﹐ 先 煮 前 三 味 得 二 鍾 ﹐ 內 香 豉 煮 取 一 鍾 半 去 渣 分 二 服 ﹐ 溫 服 ﹐ <sf> 此 雖 雲 岐 法 不 若 仲 景 酸 棗 湯 穩 當 </sf> 
 
 ○ 以 上 治 血 氣 虛 煩 之 劑 
 
 <marginalia> 
 <sf> 此 治 虛 煩 短 氣 神 方 雖 品 味 數 小 而 藥 力 精 專 可 法 可 法 
 
 如 黃 芩 又 可 去 取 者 也 </sf> 
 </marginalia>
<formula> 
 仲 景 二 物 黃 芩 湯     婦 人 在 草 褥 。 自 發 露 得 風 。 四 肢 苦 煩 熱 。 頭 痛 者 。 與 小 柴 胡 湯 頭 不 痛 。 但 煩 者 此 湯 主 之 。 
 黃 芩 <sf> 一 兩 </sf>     苦 參 <sf> 二 兩 </sf>     乾 地 黃 <sf> 四 兩 </sf> 
 
 <marginalia> 
 <sf> 此 治 胸 痺 法 之 變 也 原 方 出 自 仲 景 薤 白 半 夏 所 以 治 逆 氣 括 簍 根 麥 門 所 以 治 煩 熱 人 參 甘 草 補 虛 知 母 石 膏 之 加 非 熱 甚 不 用 { 蓋 } 為 血 虛 所 忌 故 也 </sf> 
 </marginalia> 
 </formula></text></document>