<?xml version="1.0" encoding="UTF-8" standalone="yes" ?>
<document>
<header>
<doctitle>
 重訂濟陰綱目 
 </doctitle>
<volume>
 第七冊, 卷 13 
 </volume>
<author>
 武 之 望   (叔卿 ) 
</author>
<date>
 清雍正六年, 1728
 </date>
<currentpage>
 text 9b 
 </currentpage>
<first>
 jiyingkangmu v.7 text12 1a.xml
</first>
<last>
 jiyingkangmu v.7 text13 46b.xml
</last>
<prev>
 jiyingkangmu v.7 text13 9a.xml 
</prev>
<next>
 jiyingkangmu v.7 text13 10a.xml 
</next>
<image>
 jiyingkangmu v.7 text13 9b.jpg 
</image>
</header><text>
<formula>腹 痛 。 飲 食 不 入 及 一 切 虛 寒 等 證 。 
 
 黃 蓍 <sf> 一 兩 </sf>     附 子 <sf> 炮 五 錢 </sf> 
 右 作 一 劑 ﹐ 加 薑 棗 水 煎 服 ﹐ 如 不 應 倍 加 附 子 方 得 全 濟 
 </formula> 
 
 <formula> 
 千 金 方     療 產 後 風 虛 汗 出 小 便 短 少 四 肢 拘 急 難 以 屈 伸 
 甘 草 <sf> 炙 一 兩 </sf>     附 子 <sf> 炮 </sf>     桂 心     芍 藥 <sf> 炒 各 一 兩 半 </sf> 
 右 剉 ﹐ 每 服 三 錢 ﹐ 加 生 薑 四 片 。 棗 一 枚 ﹐ 水 煎 服 ﹐ 忌 豬 肉 冷 水 生 蔥 等 物 </formula>
 <marginalia> 
 <sf> 耦 故 <cf> &#33905; </cf> 白 不 單 用 而 又 熟 之 於 米 又 非 引 陰 意 乎 噫 有 深 思 焉 
 
 此 無 上 救 急 神 方 乃 { 回 } 陽 返 本 之 道 惟 四 肢 厥 冷 汗 出 如 雨 者 宜 之 
 二 方 一 用 參 一 用 &lt;x> 一 固 表 氣 一 補 裏 氣 自 是 不 同 用 藥 者 當 於 此 際 審 其 內 外 有 無 而 求 責 焉 庶 近 道 矣 所 謂 有 者 求 之 無 者 求 之 也 至 哉 言 乎 </sf> 
 </marginalia>
<formula> 
 全 生 活 血 湯     治 產 後 胃 悶 發 熱 自 汗 盜 汗 目 &lt;x> &lt;x> 四 肢 無 力 口 干 頭 暈 行 步 欹 側 
 升 麻     芍 藥 <sf> 炒 各 三 錢 </sf>     當 歸     柴 胡     防 風     { 羌 } 活     獨 活     葛 根     甘 草 <sf> 炒 各 一 錢 </sf>     川 芎 
 </formula></text></document>