<?xml version="1.0" encoding="UTF-8" standalone="yes" ?>
<document>
<header>
<doctitle>
 重訂濟陰綱目 
 </doctitle>
<volume>
 第三冊, 卷 6 
 </volume>
<author>
 武 之 望   (叔卿 ) 
</author>
<date>
 清雍正六年, 1728
 </date>
<currentpage>
 text 4b 
 </currentpage>
<first>
 jiyingkangmu v.3 text4 1a.xml
</first>
<last>
 jiyingkangmu v.3 text6 26b.xml 
</last>
<prev>
 jiyingkangmu v.3 text6 4a.xml 
</prev>
<next>
 jiyingkangmu v.3 text6 5a.xml 
</next>
<image>
 jiyingkangmu v.3 text6 4b.jpg 
</image>
</header><text>
完 實 。 然 後 交 而 孕 。 孕 而 育 。 育 而 子 。 堅 壯 強 壽 。 今 未 笄 之 女 。 天 癸 始 至 。 已 近 男 色 。 陰 氣 早 泄 。 未 完 而 傷 。 未 實 而 動 。 是 以 交 而 不 孕 。 孕 而 不 育 。 育 而 子 脆 不 壽 。 此 王 之 所 以 無 子 也 。 然 婦 人 有 所 產 皆 女 者 。 有 所 產 皆 男 者 。 大 王 誠 能 訪 求 男 婦 人 至 宮 。 詢 有 男 之 道 也 。 王 曰 善 。 未 再 期 。 生 六 男 。 夫 老 陽 遇 少 陰 。 老 陰 遇 少 陽 。 亦 有 子 之 道 也 。 
 <marginalia> 
 <sf> 常 
 方 是 求 子 一 法 </sf> 
 </marginalia> 
 
 ○ 論 男 女 精 血 盛 衰 
 褚 尚 書 曰 。 飲 食 五 味 。 養 髓 骨 肉 血 肌 膚 毛 髮 。 男 子 為 陽 。 陽 中 必 
 <marginalia> 
 <sf> 盛 衰 之 道 在 七 損 八 益 中 </sf> 
 </marginalia> 
 有 陰 。 陰 中 之 數 八 。 故 一 八 而 陽 精 升 。 二 八 而 陽 精 溢 。 女 子 為 陰 。 陰 中 必 有 陽 。 陽 之 中 數 七 。 故 一 七 而 陰 血 升 。 二 七 而 陰 血 溢 。 陽 精 陰 血 。 皆 飲 食 五 味 之 秀 實 也 。 方 其 升 也 。 智 慮 開 明 。 齒 牙 更 始 。 髮 黃 者 黑 。 筋 弱 者 強 。 暨 其 溢 也 。 凡 充 身 肢 體 手 足 耳 目 之 餘 。 雖 針 介 之 瀝 無 
 </text></document>