<?xml version="1.0" encoding="UTF-8" standalone="yes" ?>
<document>
<header>
<doctitle>
 重訂濟陰綱目 
 </doctitle>
<volume>
 第四冊, 卷 8 
 </volume>
<author>
 武 之 望   (叔卿 ) 
</author>
<date>
 清雍正六年, 1728
 </date>
<currentpage>
 text 14b 
 </currentpage>
<first>
 jiyingkangmu v.4 text7 1a.xml
</first>
<last>
 jiyingkangmu v.4 text8 44b.xml 
</last>
<prev>
 jiyingkangmu v.4 text8 14a.xml 
</prev>
<next>
 jiyingkangmu v.4 text8 15a.xml 
</next>
<image>
 jiyingkangmu v.4 text8 14b.jpg 
</image>
</header><text>
飲 。 皆 不 用 半 夏 。 用 之 多 { 效 } 。 
 <marginalia> 
 <sf> 醒 脾 二 字 是 以 盡 之 也 </sf> 
 </marginalia> 
 
 李 茂 翁 云 。 若 左 脈 弱 而 嘔 。 服 諸 藥 不 止 者 。 當 服 理 血 歸 原 藥 則 愈 。 經 云 。 無 陰 則 嘔 是 也 。 
 
 薛 氏 云 。 前 證 若 中 脘 停 痰 。 用 二 陳 藥 加 枳 殼 。 若 飲 食 停 滯 。 用 六 君 子 加 枳 殼 。 若 脾 胃 虛 弱 。 用 異 功 散 。 若 胃 氣 不 足 。 用 人 參 橘 皮 湯 。 兼 氣 腦 。 加 枳 殼 。 胸 { 脅 } 痞 悶 。 更 加 蘇 梗 。 { 脅 } 痛 。 再 加 柴 胡 。 若 飲 食 少 思 。 用 六 君 子 加 紫 蘇 枳 殼 。 頭 暈 体 倦 。 用 六 君 子 湯 。 若 脾 胃 虛 弱 。 嘔 吐 不 食 。 用 半 夏 茯 苓 湯 。 蓋 半 夏 乃 健 脾 氣 化 痰 滯 之 主 藥 也 。 脾 胃 虛 弱 。 而 嘔 吐 。 或 痰 涎 壅 滯 。 飲 食 少 思 。 胎 不 安 。 必 用 半 夏 茯 苓 湯 。   倍 加 。 白 朮 然 半 夏 白 朮 茯 苓 陳 皮 砂 仁 善 能 安 胎 氣 。 健 脾 胃 。 予 常 用 之 驗 
 
 <formula> 
 半 夏 茯 苓 湯         治 { 妊 } 娠 惡 阻 嘔 吐 心 煩 。 頭 目 眩 暈 。 惡 聞 食 氣 。 好 食 
 </formula></text></document>