<?xml version="1.0" encoding="UTF-8" standalone="yes" ?>
<document>
<header>
<doctitle>
 重訂濟陰綱目 
 </doctitle>
<volume>
 第七冊, 卷 12 
 </volume>
<author>
 武 之 望   (叔卿 ) 
</author>
<date>
 清雍正六年, 1728
 </date>
<currentpage>
 text 21a 
 </currentpage>
<first>
 jiyingkangmu v.7 text12 1a.xml
</first>
<last>
 jiyingkangmu v.7 text13 46b.xml
</last>
<prev>
 jiyingkangmu v.7 text12 20b.xml 
</prev>
<next>
 jiyingkangmu v.7 text12 21b.xml 
</next>
<image>
 jiyingkangmu v.7 text12 21a.jpg 
</image>
</header><text>
薛 氏 曰 前 證 若 敗 血 停 滯 用 調 經 散 若 血 虛 發 熱 用 八 珍 加 炮 姜 若 心 血 虛 損 用 &lt;x> 子 仁 散 大 抵 此 證 皆 心 脾 血 少 之 所 致 但 調 補 胃 氣 。 則 痰 清 而 神 自 安 矣 若 果 係 鬼 祟 所 附 。 即 炙 鬼 穴 可 愈 。 其 或 不 起 。 多 因 豁 痰 降 火 攻 伐 之 過 也 。 
 
 <marginalia> 
 <sf> 前 論 止 言 淤 血 而 不 言 痰 此 言 痰 而 又 不 治 痰 但 調 胃 氣 設 果 有 痰 亦 須 觀 人 勇 怯 為 之 </sf> 
 </marginalia> 
 
 一 產 婦 患 前 證 。 或 用 調 經 散 。 愈 而 復 作 。 仍 服 前 藥 益 其 痰 涎 上 湧 。 朝 寒 暮 熱 。 余 朝 用 八 珍 湯 。 夕 用 加 味 歸 脾 湯 。 各 五 十 餘 劑 而 愈 。 
 雲 岐 治 產 後 發 熱 。 狂 言 奔 走 。 脈 虛 大 者 。 四 物 湯 加 柴 胡 。 如 不 愈 。 加 甘 草 柴 胡 。 生 地 黃 等 分 。 煎 服 亦 可 。 
 
 <marginalia> 
 <sf> 脈 虛 者 豈 可 加 柴 胡 但 &lt;?> 則 可 </sf> 
 </marginalia>
<formula> 
 調 經 散     <sf> 方 見 前 狂 言 膽 語 </sf> 
 </formula> 
 
 <formula> 
 琥 珀 散     治 產 後 淤 血 攻 心 。 迷 悶 妄 言 見 鬼 。 
 人 參     茯 神       生 地 黃     阿 膠 <sf> 各 七 錢 半 </sf>     硃 砂 <sf> 五 錢 另 研 </sf> 
 </formula></text></document>