<?xml version="1.0" encoding="UTF-8" standalone="yes" ?>
<document>
<header>
<doctitle>
 重訂濟陰綱目 
 </doctitle>
<volume>
 第八冊, 卷 14 
 </volume>
<author>
 武 之 望   (叔卿 ) 
</author>
<date>
 清雍正六年, 1728
 </date>
<currentpage>
 text 46b 
 </currentpage>
<first>
 jiyingkangmu v.8 text14 1a.xml
</first>
<last>
 bao sheng sui shi 9b.xml
</last>
<prev>
 jiyingkangmu v.8 text14 46a.xml 
</prev>
<next>
 jiyingkangmu v.8 text14 47a.xml 
</next>
<image>
 jiyingkangmu v.8 text14 46b.jpg 
</image>
</header><text>
<formula>消 沮 肝 氣 橫 逆 。 遂 成 隱 核 。 如 鱉 棋 子 。 不 痛 不 痒 。 十 數 年 後 。 方 為 瘡 陷 。 名 曰 乳 嚴 。 以 其 痛 形 嵌 凹 。 似 嚴 穴 也 。 不 可 治 矣 。 若 於 始 生 之 際 。 便 能 消 釋 病 根 。 使 心 清 神 安 。 然 後 施 之 治 法 。 亦 有 可 安 之 理 。 予 ﹐ 族 侄 婦 年 十 八 歲 。 時 曾 得 此 證 審 其 形 脈 稍 實 。 但 性 急 躁 。 伉 儷 自 偕 。 所 難 者 從 &lt;x> 耳 。 遂 以 單 方 青 皮 湯 。 間 以 加 減 四 物 湯 行 經 絡 之 劑 。 兩 月 而 安 。 
 此 病 。 多 因 厚 味 濕 熱 之 痰 。 停 蓄 膈 間 。 與 滯 乳 相 搏 而 成 。 又 有 滯 乳 。 因 兒 口 氣 吹 噓 而 成 。 又 有 &lt;x> 怒 氣 激 。 滯 而 生 者 。 煆 石 膏 燒 樺 皮 瓜 簍 子 甘 草 節 青 皮 皆 神 效 藥 也 。 婦 人 此 病 若 早 治 之 。 便 可 立 消 。 有 月 經 時 。 悉 是 輕 病 。 五 六 十 後 。 無 月 經 時 。 不 可 作 輕 易 看 也 。 
 
 <marginalia> 
 <sf> 經 通 肝 氣 能 散 經 止 則 血 枯 矣 </sf> 
 </marginalia> 
 
 一 婦 年 六 十 。 厚 味 鬱 氣 而 形 實 多 { 妒 } 。 夏 無 汗 而 性 急 。 忽 左 乳 結 一 
 </formula></text></document>