<?xml version="1.0" encoding="UTF-8" standalone="yes" ?>
<document>
<header>
<doctitle>
 重訂濟陰綱目 
 </doctitle>
<volume>
 第六冊, 卷 10 
 </volume>
<author>
 武 之 望   (叔卿 ) 
</author>
<date>
 清雍正六年, 1728
 </date>
<currentpage>
 text 21a 
 </currentpage>
<first>
 jiyingkangmu v.6 text10 1a.xml
</first>
<last>
 jiyingkangmu v.6 text11 38b.xml
</last>
<prev>
 jiyingkangmu v.6 text10 20b.xml 
</prev>
<next>
 jiyingkangmu v.6 text10 21b.xml 
</next>
<image>
 jiyingkangmu v.6 text10 21a.jpg 
</image>
</header><text>
右 三 味 共 煎 至 二 升 服 分 溫 二 服 不 能 服 者 隨 多 少 緩 緩 服 之 
 一 方             治 胎 死 腹 中 或 半 產 不 下 
 <formula> 
 官 桂 <sf> 五 錢 </sf>                         牡 丹 皮                   川 芎                   葵 子 <sf> 各 一 錢 二 分   </sf>             
 </formula> 
 右 為 細 末 每 服 三 錢 <cf> &#33905; </cf> 白 湯 下 
 半 夏 湯                     治 胎 衣 不 下 。 或 子 死 腹 中 。 或 血 衝 上 昏 悶 。 或 血 暴 下 。 及 胞 乾 而 不 能 產 
 </text></document>