<?xml version="1.0" encoding="UTF-8" standalone="yes" ?>
<document>
<header>
<doctitle>
 重訂濟陰綱目 
 </doctitle>
<volume>
 第一冊, 卷 1 
 </volume>
<author>
 武 之 望   (叔卿 ) 
</author>
<date>
 清雍正六年, 1728
 </date>
<currentpage>
 text 34a 
 </currentpage>
<first>
 jiyingkangmu v.1 tp.xml
</first>
<last>
 jiyingkangmu v.1 text1 38b.xml 
</last>
<prev>
 jiyingkangmu v.1 text1 33b.xml 
</prev>
<next>
 jiyingkangmu v.1 text1 34b.xml 
</next>
<image>
 jiyingkangmu v.1 text1 34a.jpg 
</image>
</header><text>
<formula>當 歸         川 芎         芍 藥 <sf> 各 二 兩 </sf>         明 乳 香         木 香 <sf> 各 一 兩 </sf>         桃 仁 <sf> 去 皮 尖 </sf>         人 參 <sf> 各 半 兩 </sf>         香 附 <sf> 半 斤 </sf> 
 </formula> 
 右 為 末 。 先 以 生 薑 汁 浸 地 黃 滓 。 以 地 黃 汁 浸 生 薑 滓 晒 乾 。 皆 以 汁 盡 為 度 。 其 十 一 味 合 一 處 晒 乾 。 研 為 末 。 醋 糊 為 丸 。 空 心 薑 湯 下 。 五 七 十 丸 。 
 <marginalia> 
 <sf> 而 為 丸 而 沒 藥 肉 桂 為 一 家 比 以 三 友 人 參 桃 仁 為 一 家 亦 不 甚 相 違 問 古 人 方 須 得 古 人 變 法 </sf> 
 </marginalia> 
 
<formula> 
 瓦 龍 丸         治 瘀 血 作 痛 。 
 香 附 <sf> 醋 煮 四 兩 </sf>         當 歸         牡 丹         桃 仁 <sf> 去 皮 尖 </sf>         大 黃 <sf> 蒸 各 二 兩 </sf>         川 芎         紅 花 <sf> 各 半 兩 </sf>         瓦 龍 子 <sf> &lt;x> 醋 煮 一 晝 夜 二 兩 </sf> 
 </formula> 
 右 為 末 炊 餅 丸 。 空 心 溫 酒 下 三 四 丸 。 
 <marginalia> 
 <sf> 丹 溪 治 血 塊 多 用 瓦 龍 子 古 方 治 血 塊 多 用 薑 桂 熱 藥 而 此 用 大 黃 寒 藥 宜 寒 宜 熱 智 者 別 之 </sf> 
 </marginalia> 
 已 上 諸 方 。 行 瘀 血 之 劑 
 
 <formula> 
 桂 枝 桃 仁 湯         治 經 候 前 偶 感 風 寒 腹 痛 不 可 忍 
 </formula></text></document>