<?xml version="1.0" encoding="UTF-8" standalone="yes" ?>
<document>
<header>
<doctitle>
 重訂濟陰綱目 
 </doctitle>
<volume>
 第六冊, 卷 10 
 </volume>
<author>
 武 之 望   (叔卿 ) 
</author>
<date>
 清雍正六年, 1728
 </date>
<currentpage>
 text 5b 
 </currentpage>
<first>
 jiyingkangmu v.6 text10 1a.xml
</first>
<last>
 jiyingkangmu v.6 text11 38b.xml
</last>
<prev>
 jiyingkangmu v.6 text10 5a.xml 
</prev>
<next>
 jiyingkangmu v.6 text10 6a.xml 
</next>
<image>
 jiyingkangmu v.6 text10 5b.jpg 
</image>
</header><text>
繫 一 手 巾 。 令 產 母 以 手 攀 之 。 輕 輕 屈 足 坐 身 。 令 兒 生 下 。 非 坐 在 物 上 也 。 
 十 一 曰 盤 腸 產 者 。 臨 產 母 腸 先 出 。 然 後 兒 生 。 趙 都 運 恭 人 。 每 產 則 大 腸 先 出 。 然 後 產 子 。 產 後 其 腸 不 收 。 甚 以 為 苦 。 醫 不 能 療 。 偶 在 建 昌 。 得 坐 婆 一 法 而 收 之 。 其 法 以 醋 半 盞 。 新 汲 水 七 分 。 調 停 。 噀 產 母 面 。 每 噀 一 縮 。 三 噀 盡 收 。 此 良 法 也 。 
 <marginalia> 
 <sf> 收 腸 法 妙 絕 </sf> 
 </marginalia> 
 
 產 難 治 驗 
 淳 于 意 治 菑 州 王 美 人 。 懷 子 而 不 乳 。 召 于 意 往 。 飲 以 莨 &lt;x> 藥 一 撮 。 以 酒 飲 之 。 旋 乳 。 意 復 診 其 脈 。 而 脈 躁 。 躁 者 有 餘 病 。 即 飲 以 消 石 一 劑 。 出 血 。 血 如 豆 比 五 六 枚 。 
 <marginalia> 
 <sf> 不 乳 不 產 也 莨 &lt;x> 是 迷 藥 其 根 惡 毒 考 之 本 草 並 無 催 生 語 然 是 毒 惡 亦 或 感 其 毒 氣 而 胎 下 也 </sf> 
 </marginalia> 
 滑 伯 仁 治 一 婦 難 產 。 七 日 而 不 乳 。 且 食 甚 少 。 伯 仁 視 之 。 以 涼 粥 一 
 </text></document>