<?xml version="1.0" encoding="UTF-8" standalone="yes" ?>
<document>
<header>
<doctitle>
 重訂濟陰綱目 
 </doctitle>
<volume>
 第八冊, 卷 14 
 </volume>
<author>
 武 之 望   (叔卿 ) 
</author>
<date>
 清雍正六年, 1728
 </date>
<currentpage>
 text 1a 
 </currentpage>
<first>
 jiyingkangmu v.8 text14 1a.xml
</first>
<last>
 bao sheng sui shi 9b.xml
</last>
<prev>
 0 
</prev>
<next>
 jiyingkangmu v.8 text14 1b.xml 
</next>
<image>
 jiyingkangmu v.8 text14 1a.jpg 
</image>
</header><text>
濟 陰 綱 目 卷 之 十 四 
 
 關 中         武 之 望 叔 卿 父 著 輯         武 林     薛     芳 汝 楫 父 訂 正 
 西 陵         汪       淇 憺 漪 子 箋 評           天 都     查     望 于 周 父 { 參 } 閱 
 
 ○   泄 瀉     
 
 郭 稽 中 曰 ﹐ 產 後 腹 痛 及 泄 利 者 何 。 答 曰 ﹐ 產 後 腸 胃 虛 怯 。 寒 邪 易 侵 。 若 未 滿 月 。 飲 冷 當 風 乘 虛 襲 留 於 肓 膜 。 散 於 腹 { 脅 } 。 故 腹 痛 作 陣 。 或 如 錐 刀 所 刺 。 流 入 大 腸 。 水 穀 不 化 。 洞 瀉 腸 鳴 。 或 下 赤 白 。 胠 { 脅 } &lt;x> 脹 。 或 痛 走 不 定 。 急 服 調 中 湯 立 愈 。 若 醫 者 以 為 積 滯 取 之 。 禍 不 旋 踵 。 謹 之 謹 之 。 
 陳 無 擇 評 曰 ﹐ 產 後 下 痢 。 非 止 一 證 。 當 隨 所 因 而 調 之 。 既 云 飲 冷 當 風 何 所 不 至 。 寒 熱 風 濕 。 本 屬 外 因 。 喜 怒 憂 思 。 還 從 內 性 。 況 勞 役 飢 
 </text></document>