<?xml version="1.0" encoding="UTF-8" standalone="yes" ?>
<document>
<header>
<doctitle>
 重訂濟陰綱目 
 </doctitle>
<volume>
 第一冊 
 </volume>
<author>
 武 之 望   (叔卿 ) 
</author>
<date>
 清雍正六年, 1728
 </date>
<currentpage>
 table of contents 40b 
 </currentpage>
<first>
 jiyingkangmu v.1 tp.xml
</first>
<last>
 jiyingkangmu v.1 text1 38b.xml 
</last>
<prev>
 jiyingkangmu v.1 table of contents 40a.xml 
</prev>
<next>
 jiyingkangmu v.1 table of contents 41a.xml 
</next>
<image>
 jiyingkangmu v.1 table of contents 40b.jpg 
</image>
</header><text>
淋 閉 
 茅 根 湯 <sf> 治 產 後 諸 淋 無 問 冷 熱 膏 石 氣 結 悉 主 之 </sf> 
 滑 石 散 <sf> 治 產 後 熱 淋 </sf> 
 滑 石 通 淋 散 <sf> 產 後 小 便 緊 { 澀 } 不 通 因 血 熱 積 於 小 腸 經 水 不 利 恣 食 熱 毒 之 物 而 成 淋 { 澀 } </sf> 
 石 &lt;x> 散 <sf> 治 婦 人 小 便 卒 淋 { 澀 } </sf> 
 加 味 四 物 湯 <sf> 諸 <cf> &#33033; </cf> 皆 屬 於 熱 用 此 累 效 </sf> 
 一 方 <sf> 療 產 後 淋 小 便 痛 及 血 淋 </sf> 
 張 氏 方 <sf> 療 產 後 小 便 不 通 淋 閟 </sf> 
 療 卒 不 得 小 便 方 
 炙 臍 法 <sf> 治 產 後 小 便 不 通 腹 脹 如 { 鼓 } 悶 亂 不 醒 蓋 綠 未 產 之 前 內 積 冷 氣 遂 致 產 時 尿 胞 運 動 不 順 </sf> 
 
 小 便 數 
 桑 螵 蛸 散 <sf> 治 產 後 陽 氣 虛 弱 小 便 頻 數 及 遺 尿 </sf> 
 括 蔞 散 <sf> 療 產 後 小 便 數 兼 渴 </sf> 
 補 遺 方 <sf> 療 產 後 小 便 數 及 遺 尿 </sf> 
 
 小 便 不 禁 
 千 金 方 <sf> 治 產 後 小 便 不 禁 </sf> 
 又 方 <sf> 治 產 後 小 便 不 禁 </sf> 
 </text></document>