<?xml version="1.0" encoding="UTF-8" standalone="yes" ?>
<document>
<header>
<doctitle>
 重訂濟陰綱目 
 </doctitle>
<volume>
 第六冊, 卷 10 
 </volume>
<author>
 武 之 望   (叔卿 ) 
</author>
<date>
 清雍正六年, 1728
 </date>
<currentpage>
 text 23b 
 </currentpage>
<first>
 jiyingkangmu v.6 text10 1a.xml
</first>
<last>
 jiyingkangmu v.6 text11 38b.xml
</last>
<prev>
 jiyingkangmu v.6 text10 23a.xml 
</prev>
<next>
 jiyingkangmu v.6 text11 1a.xml
</next>
<image>
 jiyingkangmu v.6 text10 23b.jpg 
</image>
</header><text>
一 方 取 夫 尿 二 升 。 煮 令 沸 飲 之 。 
 一 方 以 黃 牯 生 糞 。 塗 母 腹 上 。 立 出 。 
 一 方 以 牛 糞 炒 令 大 熱 。 入 醋 半 盞 以 青 布 包 褁 。 於 母 臍 上 下 &lt;x> 之 立 下 。 
 一 方 用 烏 雞 一 隻 。 去 毛 細 切 。 水 煎 三 二 升 。 候 湯 通 手 。 用 衣 帛 蘸 摩 腹 中 。 胎 自 出 。 
 一 方 榆 白 皮 煮 汁 服 二 升 
 一 方 治 有 孕 月 數 未 足 。 子 死 腹 中 母 欲 悶 絕 。 取 大 豆 三 升 醋 煮 濃 汁 三 升 頓 服 。 
 一 方 用 瓜 蔞 根 一 味 。 焙 為 末 。 每 服 二 錢 。 取 順 流 水 下 。 
 濟 陰 綱 目 卷 之 十 終 
 </text></document>