<?xml version="1.0" encoding="UTF-8" standalone="yes" ?>
<document>
<header>
<doctitle>
 重訂濟陰綱目 
 </doctitle>
<volume>
 第八冊, 卷 14 
 </volume>
<author>
 武 之 望   (叔卿 ) 
</author>
<date>
 清雍正六年, 1728
 </date>
<currentpage>
 text 31a 
 </currentpage>
<first>
 jiyingkangmu v.8 text14 1a.xml
</first>
<last>
 bao sheng sui shi 9b.xml
</last>
<prev>
 jiyingkangmu v.8 text14 30b.xml 
</prev>
<next>
 jiyingkangmu v.8 text14 31b.xml 
</next>
<image>
 jiyingkangmu v.8 text14 31a.jpg 
</image>
</header><text>
<formula>甘 草 <sf> 各 三 錢 </sf> 
 右 為 細 末 每 服 三 錢 ﹐ <cf> &#64022; </cf> 蹄 湯 或 熱 酒 調 下 ﹐ 其 乳 即 通 ﹐ </formula> 
 
 <formula> 
 <cf> &#64022; </cf> 蹄 湯     治 妳 婦 氣 少 力 衰 。 <cf> 脈 </cf> { 澀 } 不 行 。 絕 乳 汁 
 <cf> &#64022; </cf> 蹄 <sf> 一 隻  </sf>     通 草 <sf> 四 兩 </sf> 
 右 將 <cf> &#64022; </cf> 蹄 淨 洗 ﹐ 依 食 治 法 次 用 水 一 斗 ﹐ 同 通 草 浸 煮 得 四 五 升 ﹐ 取 汁     飲 之 ﹐ 末 作 二 料 ﹐  </formula>
 <formula> 
 立 { 效 } 散     下 乳 汁 。 
 粳 米     糯 米 <sf> 各 半 合 </sf>     萵 苣 子 <sf> 一 合 並 淘 淨 </sf>     生 甘 草 <sf> 半 兩   </sf>   
 右 研 細 ﹐ 用 水 二 升 ﹐ 煎 取 一 升 ﹐ 去 淨 ﹐ 分 三 服 ﹐ 立 下 ﹐ </formula> 
 
 <marginalia> 
 <sf> 全 以 穀 氣 為 主 即 糯 米 又 為 食 陰 助 乳 之 大 藥 也 </sf> 
 </marginalia>
<formula> 
 又 方     治 乳 汁 少 
 瓜 蔞 根         薄 荷 乾 身 <sf> 各 等 分 </sf> 
 </formula></text></document>