<?xml version="1.0" encoding="UTF-8" standalone="yes" ?>
<document>
<header>
<doctitle>
 重訂濟陰綱目 
 </doctitle>
<volume>
 第三冊, 卷 5 
 </volume>
<author>
 武 之 望   (叔卿 ) 
</author>
<date>
 清雍正六年, 1728
 </date>
<currentpage>
 text 11b 
 </currentpage>
<first>
 jiyingkangmu v.3 text4 1a.xml
</first>
<last>
 jiyingkangmu v.3 text6 26b.xml 
</last>
<prev>
 jiyingkangmu v.3 text5 11a.xml 
</prev>
<next>
 jiyingkangmu v.3 text5 12a.xml 
</next>
<image>
 jiyingkangmu v.3 text5 11b.jpg 
</image>
</header><text>
凡 三 次 瘉 <sf> 瓜 蒂 散 舟 車 丸 方 見 雜 病 傷 食 痰 飲 二 門 ○ 通 經 散 用 橘 紅 當 歸 甘 遂 以 麵 包 不 令 透 水 煮 百 餘 沸 用 冷 水 浸 過 去 { 麵 } 晒 乾 三 味 各 等 分 為 細 末 每 服 三 錢 臨 臥 溫 淡 酒 調 下 ○ 白 朮 散 白 朮 黃 苓 當 歸 各 等 分 為 末 每 服 二 三 錢 水 煎 食 前 服 ○ 當 歸 散 當 歸 杜 蒺 藜 等 分 為 末 米 飲 調 服 食 前 ○ 此 吐 下 兼 施 且 甘 遂 等 逐 水 太 峻 用 者 審 之 </sf> 
 
 ○ 脈 法 
 脈 經 曰 。 婦 人 疝 瘕 積 聚 。 脈 弦 急 者 生 。 虛 弱 者 死 。 ○ 少 陰 脈 浮 而 緊 。 緊 則 疝 瘕 。 腹 中 痛 。 半 產 而 墮 傷 。 浮 則 亡 血 。 惡 寒 絕 產 。 
 <marginalia> 
 <sf> 宜 熱 調 </sf> 
 </marginalia> 
 
 ○ 通 治 諸 積 
 <formula> 
 開 鬱 正 元 散         治 痰 飲 。 血 氣 鬱 結 。 食 積 。 氣 不 升 降 。 積 聚 脹 痛 。 宜 此 利 氣 行 血 。 和 脾 消 導 。 
 白 朮         陳 皮         青 皮         香 附         山 查         海 粉         桔 梗         茯 苓         砂 仁         玄 胡 索         神 { 麴 } <sf> 炒 </sf>         麥 芽 <sf> 炒 </sf>         甘 草 <sf> 炙 各 等 分 </sf> 
 </formula> 
 <marginalia> 
 <sf> 按 此 諸 藥 方 治 氣 血 痰 食 平 和 之 劑 海 粉 不 入 者 若 作 丸 更 佳 </sf> 
 </marginalia> 
 </text></document>