<?xml version="1.0" encoding="UTF-8" standalone="yes" ?>
<document>
<header>
<doctitle>
 重訂濟陰綱目 
 </doctitle>
<volume>
 第一冊, 卷 1 
 </volume>
<author>
 武 之 望   (叔卿 ) 
</author>
<date>
 清雍正六年, 1728
 </date>
<currentpage>
 text 15a 
 </currentpage>
<first>
 jiyingkangmu v.1 tp.xml
</first>
<last>
 jiyingkangmu v.1 text1 38b.xml 
</last>
<prev>
 jiyingkangmu v.1 text1 14b.xml 
</prev>
<next>
 jiyingkangmu v.1 text1 15b.xml 
</next>
<image>
 jiyingkangmu v.1 text1 15a.jpg 
</image>
</header><text>
<sf> 矣 物 其 物 者 苟 無 主 宰 於 其 間 則 物 無 物 矣 即 曰 物 奚 為 哉 故 元 神 胃 氣 尤 為 喫 緊 者 也 </sf> 
 
 若 春 則 防 風 四 物 加 防 風 倍 川 芎 
 
 若 夏 則 黃 苓 四 物 加 黃 苓 倍 芍 藥 
 
 若 秋 則 門 冬 四 物 加 天 門 冬 倍 地 黃 
 
 若 冬 則 桂 枝 四 物 加 桂 枝 倍 當 歸 
 
 若 血 虛 而 腹 痛 。 微 汗 而 惡 風 。 四 物 加 茂 桂 謂 之 腹 痛 六 合 
 
 若 風 眩 暈 。 加 秦 艽 羌 活 謂 之 風 六 合 
 
 若 氣 虛 弱 。 起 則 無 力 。 尪 然 而 倒 。 加 厚 朴 陳 皮 。 謂 之 氣 六 合 。 <sf> 氣 不 足 而 用 泄 氣 之 藥 加 乎 當 以 參 &lt;x> 易 之 </sf> 
 
 若 發 熱 而 煩 。 不 能 睡 臥 者 。 加 黃 連 梔 子 。 謂 之 熱 六 合 。 
 
 若 虛 寒 <cf> &#33033; </cf> 微 自 汗 。 氣 難 布 息 。 <sf> 當 兼 氣 藥 </sf> 清 便 自 調 。 加 乾 薑 附 子 。 謂 之 寒 六 合 
 </text></document>