<?xml version="1.0" encoding="UTF-8" standalone="yes" ?>
<document>
<header>
<doctitle>
 重訂濟陰綱目 
 </doctitle>
<volume>
 第五冊, 卷 9 
 </volume>
<author>
 武 之 望   (叔卿 ) 
</author>
<date>
 清雍正六年, 1728
 </date>
<currentpage>
 text 16b 
 </currentpage>
<first>
 jiyingkangmu v.5 text9 1a.xml
</first>
<last>
 jiyingkangmu v.5 text9 51b.xml
</last>
<prev>
 jiyingkangmu v.5 text9 16a.xml 
</prev>
<next>
 jiyingkangmu v.5 text9 17a.xml 
</next>
<image>
 jiyingkangmu v.5 text9 16b.jpg 
</image>
</header><text>
○ 如 下 血 加 地 榆 。 
 
 <formula> 
 局 方 必 勝 散         治 男 子 婦 人 血 妄 流 溢 。 吐 血 { 衄 } 血 嘔 血 咯 血 
 熟 乾 地 黃         小 薊 <sf> 并 根 用 </sf>         人 參         蒲 黃 <sf> 微 炒 </sf>         當 歸 <sf> 去 <cf> 蘆 </cf> </sf>         芎 藭         烏 梅 肉 <sf> 各 一 兩 </sf> 
 </formula> 
 右 件 搗 羅 為 { 麤 } 末 。 每 服 五 錢 。 水 煎 溫 服 。 
 <marginalia> 
 <sf> 此 方 有 人 參 芎 歸 烏 梅 血 症 新 起 不 可 輕 試 </sf> 
 </marginalia> 
 
 ○ 瘧 疾 
 大 全 云 。 { 妊 } 娠 病 瘧 。 乃 夏 傷 於 暑 。 客 於 皮 膚 至 秋 而 發 。 陽 盛 則 熱 。 陰 盛 則 寒 。 陰 陽 相 勝 寒 熱 作 。 其 發 宴 者 。 由 風 邪 客 於 風 府 。 循 膂 而 下 衛 氣 至 一 日 一 夜 。 常 大 會 於 風 府 。 故 發 日 晏 。 其 發 早 者 。 衛 氣 之 行 風 府 。 日 下 一 節 。 二 十 一 日 。 下 至 尾 &lt;x> 。 二 十 二 日 入 脊 內 。 上 注 于 伏 衝 之 脈 。 其 行 九 日 出 缺 盆 。 其 氣 既 上 。 故 發 更 早 。 其 間 日 發 者 。 風 邪 
 <marginalia> 
 <sf> 婦 人 患 此 恐 傷 其 治 故 立 方 </sf> 
 </marginalia> 
 </text></document>