<?xml version="1.0" encoding="UTF-8" standalone="yes" ?>
<document>
<header>
<doctitle>
 重訂濟陰綱目 
 </doctitle>
<volume>
 第三冊, 卷 4 
 </volume>
<author>
 武 之 望   (叔卿 ) 
</author>
<date>
 清雍正六年, 1728
 </date>
<currentpage>
 text 23b 
 </currentpage>
<first>
 jiyingkangmu v.3 text4 1a.xml
</first>
<last>
 jiyingkangmu v.3 text6 26b.xml 
</last>
<prev>
 jiyingkangmu v.3 text4 23a.xml 
</prev>
<next>
 jiyingkangmu v.3 text5 1a.xml
</next>
<image>
 jiyingkangmu v.3 text4 23b.jpg 
</image>
</header><text>
<marginalia> 
 <sf> 同 前 方 入 無 熱 虛 名 條 內 然 以 風 名 而 有 風 藥 以 冷 名 而 有 熱 藥 以 勞 名 而 有 治 勞 藥 以 血 藥 補 血 散 血 以 氣 藥 補 氣 行 氣 用 平 胃 以 和 脾 胃 而 除 心 腹 之 疼 用 羌 桂 以 通 經 而 除 四 肢 之 病 蓋 以 錯 雜 之 邪 而 用 錯 雜 之 藥 今 之 所 謂 良 醫 概 如 此 </sf> 
 </marginalia> 
 
 濟 陰 綱 目 卷 之 四 終 
 </text></document>