<?xml version="1.0" encoding="UTF-8" standalone="yes" ?>
<document>
<header>
<doctitle>
 重訂濟陰綱目 
 </doctitle>
<volume>
 第四冊, 卷 8 
 </volume>
<author>
 武 之 望   (叔卿 ) 
</author>
<date>
 清雍正六年, 1728
 </date>
<currentpage>
 text 31a 
 </currentpage>
<first>
 jiyingkangmu v.4 text7 1a.xml
</first>
<last>
 jiyingkangmu v.4 text8 44b.xml 
</last>
<prev>
 jiyingkangmu v.4 text8 30b.xml 
</prev>
<next>
 jiyingkangmu v.4 text8 31b.xml 
</next>
<image>
 jiyingkangmu v.4 text8 31a.jpg 
</image>
</header><text>
右 為 粗 末 。 每 服 四 錢 。 薑 三 片 。 棗 一 枚 。 水 煎 服 。 
 
 <formula> 
 保 胎 和 氣 飲         專 治 胎 前 四 五 個 月 。 身 體 困 倦 。 氣 急 發 熱 。 飲 食 無 味 。 貪 睡 頭 暈 等 証 。 
 枳 殼 <sf> 四 錢 </sf>         厚 朴         香 附 子 <sf> 各 三 錢 </sf>         砂 仁         蒼 朮         橘 紅 <sf> 各 二 錢 </sf>         蘇 葉 <sf> 一 錢 </sf>         甘 草 <sf> 九 分 </sf>         小 茴 香 <sf> 一 錢 半 </sf> 
 </formula> 
 右 剉 分 作 三 服 。 每 服 用 水 一 鍾 半 煎 七 分 服 。 
 
 <formula> 
 瘦 胎 飲           專 治 胎 前 五 六 個 月 。 胎 娠 困 弱 。 體 重 貪 睡 。 食 不 知 味 。 肚 腹 胎 動 。 
 當 歸 <sf> 二 錢 </sf>         白 芍 藥         益 母 草         枳 殼 <sf> 各 四 錢 </sf>         砂 仁       香 附 子         益 智 <sf> 各 三 錢 </sf>         甘 草 <sf> 一 錢 </sf> 
 </formula> 
 右 剉 。 分 作 三 服 。 每 服 水 一 鐘 半 。 煎 至 七 分 。 空 心 溫 服 。 
 </text></document>