<?xml version="1.0" encoding="UTF-8" standalone="yes" ?>
<document>
<header>
<doctitle>
 重訂濟陰綱目 
 </doctitle>
<volume>
 第七冊, 卷 13 
 </volume>
<author>
 武 之 望   (叔卿 ) 
</author>
<date>
 清雍正六年, 1728
 </date>
<currentpage>
 text 39a 
 </currentpage>
<first>
 jiyingkangmu v.7 text12 1a.xml
</first>
<last>
 jiyingkangmu v.7 text13 46b.xml
</last>
<prev>
 jiyingkangmu v.7 text13 38b.xml 
</prev>
<next>
 jiyingkangmu v.7 text13 39b.xml 
</next>
<image>
 jiyingkangmu v.7 text13 39a.jpg 
</image>
</header><text>
嘔 吐 泄 瀉 手 足 俱 冷 。 或 肚 腹 作 痛 乃 陽 氣 虛 寒 急 用 附 子 理 中 湯 多 有 生 者 
 
 一 產 婦 朝 吐 痰 。 夜 發 熱 。 晝 夜 無 寐 。 或 用 清 痰 降 火 。 肌 體 日 瘦 。 飲 食 日 少 。 前 症 愈 甚 。 余 曰 。 早 間 吐 痰 。 脾 氣 虛 也 。 夜 間 發 熱 。 肝 血 虛 也 。 晝 夜 無 寐 。 脾 血 耗 也 。 遂 用 六 君 子 湯 。 加 味 逍 遙 散 。 加 味 歸 脾 湯 。 以 次 調 理 而 痊 。 
 <marginalia> 
 <sf> 此 病 脾 虛 生 痰 故 以 六 君 子 為 先 是 {  搃  } 訣 </sf> 
 </marginalia>
<formula> 
 香 靈 丸     治 產 後 嘔 不 止 者 
 丁 香     辰 砂 <sf> 另 研 各 六 分 </sf>     五 靈 脂 <sf> 一 錢 </sf> 
 右 香 脂 先 研 後 入 砂 再 研 勻 用 狗 膽 或 豬 膽 丸 。 如 雞 頭 大 每 服 一 丸 ﹐ 生 薑 陳 皮 湯 磨 下 。 </formula> 
 
 <marginalia> 
 <sf> 此 方 不 獨 產 後 可 用 於 雜 症 之 有 嘔 吐 者 亦 效 妙 在 狗 膽 靈 脂 
 以 惡 露 發 為 嘔 吐 人 嘗 失 之 此 方 用 荷 蒂 紅 花 蒲 黃 </sf> 
 </marginalia>
<formula> 
 蒲 黃 散     治 產 後 三 四 日 。 惡 露 不 下 。 嘔 逆 壯 熱 。 
 </formula></text></document>