<?xml version="1.0" encoding="UTF-8" standalone="yes" ?>
<document>
<header>
<doctitle>
 重訂濟陰綱目 
 </doctitle>
<volume>
 第六冊, 卷 11 
 </volume>
<author>
 武 之 望   (叔卿 ) 
</author>
<date>
 清雍正六年, 1728
 </date>
<currentpage>
 text 22a 
 </currentpage>
<first>
 jiyingkangmu v.6 text10 1a.xml
</first>
<last>
 jiyingkangmu v.6 text11 38b.xml
</last>
<prev>
 jiyingkangmu v.6 text11 21b.xml 
</prev>
<next>
 jiyingkangmu v.6 text11 22b.xml 
</next>
<image>
 jiyingkangmu v.6 text11 22a.jpg 
</image>
</header><text>
<marginalia> 
 <sf> 胡 因 陽 氣 虛 弱 用 四 君 當 歸 炮 姜 因 脾 虛 血 弱 用 六 君 當 歸 炮 姜 </sf> 
 </marginalia> 
 惡 食 吞 酸 。 或 腹 痛 手 不 可 按 。 此 是 飲 食 所 致 用 二 陳 加 山 查 白 朮 以 消 導 。 若 食 既 消 而 仍 痛 。 或 按 之 不 痛 或 更 加 頭 痛 。 煩 熱 作 渴 。 惡 寒 欲 嘔 等 證 。 此 是 中 氣 破 傷 宜 補 脾 胃 為 主 。 ○ 若 發 熱 腹 痛 按 之 痛 甚 。 不 惡 食 。 不 吞 酸 。 此 是 瘀 血 停 滯   用 失 笑 散 消 之 。 ○ 若 止 是 發 熱 頭 痛 。 或 兼 腹 痛 。 按 之 <cf> &#21364; </cf> 不 痛 。 此 屬 血 虛 用 四 物 加 炮 薑 參 朮 以 補 之 。 ○ 如 發 渴 用 白 虎 。 氣 弱 用 黃 耆 。 血 &lt;x> 痛 則 用 當 歸 。 腹 中 痛 則 加 芍 藥 。 宜 詳 察 脈 證 而 用 之 。 
 <marginalia> 
 <sf> 發 渴 恐 厲 血 虛 用 白 虎 宜 慎 東 垣 云 血 虛 忌 白 虎 </sf> 
 </marginalia> 
 一 產 婦 腹 痛 發 熱 。 氣 口 脈 大 。 余 以 為 飲 食 停 滯 不 信 。 乃 破 血 補 虛 。 反 寒 熱 頭 痛 。 嘔 吐 涎 沫 。 又 用 降 火 化 痰 理 氣 。 四 肢 逆 冷 。 泄 瀉 下 墜 。 始 悔 。 問 余 曰 。 何 也 。 余 曰 。 此 脾 胃 虛 之 變 證 也 。 法 當 溫 補 。 遂 用 六 君 子 。 加 炮 薑 二 錢 。 肉 桂 木 香 各 一 錢 。 四 劑 。 諸 證 悉 退 。 再 用 補 中 益 氣 
 <marginalia> 
 <sf> 因 寔 成 虛 因 虛 技 補 當 與 勿 當 毉 者 病 者 兩 責 之 幸 勿 誤 也 </sf> 
 </marginalia> 
 </text></document>