<?xml version="1.0" encoding="UTF-8" standalone="yes" ?>
<document>
<header>
<doctitle>
 重訂濟陰綱目 
 </doctitle>
<volume>
 第六冊, 卷 11 
 </volume>
<author>
 武 之 望   (叔卿 ) 
</author>
<date>
 清雍正六年, 1728
 </date>
<currentpage>
 text 23b 
 </currentpage>
<first>
 jiyingkangmu v.6 text10 1a.xml
</first>
<last>
 jiyingkangmu v.6 text11 38b.xml
</last>
<prev>
 jiyingkangmu v.6 text11 23a.xml 
</prev>
<next>
 jiyingkangmu v.6 text11 24a.xml 
</next>
<image>
 jiyingkangmu v.6 text11 23b.jpg 
</image>
</header><text>
結 聚 疼 痛 。 名 之 曰 兒 枕 。 
 
 金 匱 云 。 產 後 七 八 日 無 太 陽 證 。 少 腹 堅 痛 。 此 惡 露 不 盡 。 不 大 便 。 煩 躁 發 熱 。 切 脈 微 實 。 再 倍 發 熱 。 日 晡 時 煩 躁 者 。 不 食 。 食 則 &lt;x> 語 。 至 夜 即 愈 。 宜 大 承 氣 湯 主 之 。 熱 則 裏 結 在 膀 胱 也 。 
 <marginalia> 
 <sf> 既 曰 惡 露 不 <cf> &#23613; </cf> 不 大 便 惡 躁 熱 矣 然 不 用 桃 仁 承 氣 而 用 大 承 氣 者 何 蓋 熱 結 在 膀 胱 故 宜 大 承 氣 也 </sf> 
 </marginalia> 
 
 大 全 云 。 產 後 惡 血 。 雖 常 通 行 。 或 因 外 感 五 邪 內 傷 七 氣 致 令 斬 然 而 止 。 餘 血 壅 滯 所 下 不 盡 。 故 令 腹 痛 。 當 審 其 因 而 治 之 。 
 
 一 產 婦 小 腹 痛 甚 。 牙 關 緊 急 。 此 瘀 血 內 停 。 灌 以 失 笑 散 下 血 而 甦 。 又 用 四 物 加 炮 薑 白 朮 陳 皮 而 愈 。 
 
 一 婦 人 經 水 來 。 比 常 度 過 多 不 止 。 遂 用 濇 藥 止 之 。 致 腹 作 痛 。 此 乃 氣 血 凝 滯 也 用 失 笑 散 二 服 而 愈 。 
 
 以 上 數 &lt;x> 。 言 惡 露 不 盡 
 </text></document>