<?xml version="1.0" encoding="UTF-8" standalone="yes" ?>
<document>
<header>
<doctitle>
 重訂濟陰綱目 
 </doctitle>
<volume>
 第二冊, 卷 2 
 </volume>
<author>
 武 之 望   (叔卿 ) 
</author>
<date>
 清雍正六年, 1728
 </date>
<currentpage>
 text 29a 
 </currentpage>
<first>
 jiyingkangmu v.2 text2 1a.xml
</first>
<last>
 jiyingkangmu v.2 text3 26b.xml 
</last>
<prev>
 jiyingkangmu v.2 text2 28b.xml 
</prev>
<next>
 jiyingkangmu v.2 text2 29b.xml 
</next>
<image>
 jiyingkangmu v.2 text2 29a.jpg 
</image>
</header><text>
<marginalia> 
 <sf> 傷 金 故 又 以 黃 &lt;x> 以 保 肺 當 歸 引 血 使 各 有 所 歸 甘 草 和 氣 蔓 荊 涼 血 此 四 種 者 又 制 亢 害 之 法 也 其 曰 可 一 服 已 何 其 神 哉 讀 者 當 得 此 意 
 以 升 舉 主 治 者 以 標 為 本 也 以 退 心 火 為 治 者 以 本 為 主 也 以 益 脾 胃 為 法 者 標 本 不 捨 也 東 垣 專 主 脾 胃 之 意 蓋 如 </sf> 
 </marginalia> 
 
 五 靈 脂 <sf> 不 拘 多 少 炒 令 <cf> &#28895; </cf> 盡 研 末 </sf>
<formula> 
 右 為 末 。 每 服 一 錢 。 溫 酒 調 下 。 ○ 一 方 治 血 崩 不 止 。 五 靈 脂 二 錢 炒 熱 。 加 當 歸 酒 同 煎 。 或 水 酒 童 便 各 半 盞 同 煎 服 。 ○ 一 方 五 靈 脂 半 生 半 熟 為 末 。 酒 調 服 。 ○ 一 方 水 煎 五 靈 脂 半 乾 去 渣 。 澄 清 再 熬 成 膏 。 入 神 { 麴 } 末 為 丸 。 如 桐 子 大 。 空 心 溫 酒 下 二 三 十 丸 。 便 止 。 ○ 一 方 每 服 三 錢 。 水 酒 童 便 各 半 盞 。 煎 至 八 分 通 口 服 。 名 抽 刀 散 。 治 產 後 有 病 。 服 三 服 。 散 惡 血 。 或 心 腹 { 脅 } 肋 <cf> &#33050; </cf> 痛 不 可 忍 者 。 或 止 用 童 子 小 便 尤 佳 。 ○ 或 中 風 。 即 入 草 烏 頭 半 錢 同 煎 。 亦 治 腸 風 下 血 。 如 不 飲 酒 者 。 煎 烏 梅 柏 葉 湯 調 下 。 ○ 如 心 煩 口 乾 渴 者 。 加 蒲 黃 炒 減 半 。 ○ 一 方 同 蒲 黃 各 炒 等 分 。 </formula> 
 名 失 笑 散 治 失 血 。 及 產 後 半 產 。 惡 血 攻 心 。 昏 迷 不 省 。 及 心 腹 絞 痛 欲 死 者 。 其 { 效 } 如 
 </text></document>