<?xml version="1.0" encoding="UTF-8" standalone="yes" ?>
<document>
<header>
<doctitle>
 重訂濟陰綱目 
 </doctitle>
<volume>
 第二冊, 卷 2 
 </volume>
<author>
 武 之 望   (叔卿 ) 
</author>
<date>
 清雍正六年, 1728
 </date>
<currentpage>
 text 15a 
 </currentpage>
<first>
 jiyingkangmu v.2 text2 1a.xml
</first>
<last>
 jiyingkangmu v.2 text3 26b.xml 
</last>
<prev>
 jiyingkangmu v.2 text2 14b.xml 
</prev>
<next>
 jiyingkangmu v.2 text2 15b.xml 
</next>
<image>
 jiyingkangmu v.2 text2 15a.jpg 
</image>
</header><text>
則 有 孕 矣 。 
 
 <formula> 
 通 經 下 取 方         曾 試 驗 神 { 效 } 
 海 蛤 粉 <sf> 五 錢 </sf>         苦 葶 藶         牙 皂 <sf> 各 二 錢 半 </sf>         巴 豆 <sf> 略 去 油 </sf>         天 花 粉 <sf> 五 錢 </sf>         苦 丁 香         紅 娘 子 <sf> 各 一 錢 半 </sf>         麝 香 <sf> 少 許 </sf> 
 </formula> 
 右 為 細 末 。 每 用 一 錢 。 <cf> &#33905; </cf> 汁 同 搗 為 丸 薄 綿 裹 以 五 寸 竹 管 納 陰 戶 中 。 候 熱 時 。 先 通 黃 水 。 此 則 經 行 。 
 
 血 崩 
 論 崩 中 由 傷 損 衝 任 
 良 方 論 曰 。 婦 人 崩 中 。 由 臟 腑 傷 損 衝 任 。 血 氣 俱 虛 故 也 。 衝 任 為 經 <cf> &#33033; </cf> 之 海 。 血 氣 之 行 。 外 循 經 絡 。 內 榮 臟 腑 。 若 無 傷 損 。 則 陰 陽 和 平 。 而 氣 血 調 。 適 若 勞 動 過 多 。 致 臟 腑 俱 虛 。 而 衝 任 之 氣 亦 虛 不 能 約 制 
 <marginalia> 
 <sf> 據 言 氣 虛 不 能 約 制 則 宜 補 氣 其 為 熱 所 乘 者 則 宜 涼 血 不 當 混 </sf> 
 </marginalia> 
 </text></document>