<?xml version="1.0" encoding="UTF-8" standalone="yes" ?>
<document>
<header>
<doctitle>
 重訂濟陰綱目 
 </doctitle>
<volume>
 第八冊, 卷 14 
 </volume>
<author>
 武 之 望   (叔卿 ) 
</author>
<date>
 清雍正六年, 1728
 </date>
<currentpage>
 text 4a 
 </currentpage>
<first>
 jiyingkangmu v.8 text14 1a.xml
</first>
<last>
 bao sheng sui shi 9b.xml
</last>
<prev>
 jiyingkangmu v.8 text14 3b.xml 
</prev>
<next>
 jiyingkangmu v.8 text14 4b.xml 
</next>
<image>
 jiyingkangmu v.8 text14 4a.jpg 
</image>
</header><text>
勞 動 太 早 或 誤 食 生 冷 。 若 行 起 太 早 。 則 外 傷 風 冷 。 乘 虛 入 於 腸 胃 。 
 若 誤 食 生 冷 。 則 難 化 之 物 。 傷 於 脾 胃 。 皆 令 洞 泄 水 瀉 。 甚 者 變 為 痢 也 。 若 血 滲 入 大 腸 。 則 為 血 痢 難 治 世 謂 之 產 子 痢 也 。 得 冷 則 白 。 或 如 魚 腦 。 得 熱 則 赤 黃 。 或 為 驟 血 。 若 冷 熱 相 搏 。 則 下 痢 赤 白 或 膿 血 相 雜 。 若 下 痢 青 色 。 則 極 冷 也 。 若 飲 食 不 進 。 便 利 無 常 。 日 夜 無 度 。 產 後 本 虛 。 更 加 久 痢 不 止 。 無 力 瘦 乏 。 愈 見 嬴 弱 。 謂 之 虛 嬴 下 痢 又 有 產 後 氣 血 不 順 。 而 下 痢 赤 白 。 謂 之 氣 痢 。 治 之 之 法 。 熱 則 涼 之 。 冷 則 溫 之 。 冷 熱 相 搏 則 調 之 。 滑 者 { 澀 } 之 。 虛 { 嬴 } 者 補 之 。 水 穀 不 分 者 。 當 利 小 便 。 若 產 婦 情 性 執 { 著 } 。 不 能 寬 解 。 須 當 順 其 氣 。 未 有 不 安 者 也 。 
 薛 氏 曰 ﹐ 前 證 白 屬 氣 分 。 而 赤 屬 血 分 也 。 其 論 詳 見 瀉 利 。 
 
 <marginalia> 
 <sf> 黃 赤 為 熱 青 之 為 寒 此 古 人 之 論 自 河 間 論 出 不 分 五 色 均 以 為 熱 豈 古 今 不 同 歟 大 概 始 於 傷 冷 久 變 為 熱 故 熱 者 多 而 寒 者 少 未 可 執 以 無 寒 也 必 因 症 求 之 為 當 </sf> 
 </marginalia> 
 
 一 產 婦 食 雞 子 。 腹 中 作 痛 。 面 色 青 黃 。 服 平 胃 二 陳 。 更 下 痢 腹 脹 。 服 
 </text></document>