<?xml version="1.0" encoding="UTF-8" standalone="yes" ?>
<document>
<header>
<doctitle>
 重訂濟陰綱目 
 </doctitle>
<volume>
 第七冊, 卷 13 
 </volume>
<author>
 武 之 望   (叔卿 ) 
</author>
<date>
 清雍正六年, 1728
 </date>
<currentpage>
 text 43b 
 </currentpage>
<first>
 jiyingkangmu v.7 text12 1a.xml
</first>
<last>
 jiyingkangmu v.7 text13 46b.xml
</last>
<prev>
 jiyingkangmu v.7 text13 43a.xml 
</prev>
<next>
 jiyingkangmu v.7 text13 44a.xml 
</next>
<image>
 jiyingkangmu v.7 text13 43b.jpg 
</image>
</header><text>
<formula> 
 方     治 產 後 咳 嗽 氣 喘 
 
 百 部 根     苦 梗 <sf> 各 六 分 </sf>     桑 白 皮 <sf> 二 十 分 </sf>     乾 白 合     赤 茯 苓 
 
 右 &lt;x> 咀 ﹐ 水 二 升 ﹐ 煮 取 七 合 ﹐ 去 渣 ﹐ 食 後 分 兩 服 ﹐ </formula> 
 
 <marginalia> 
 <sf> 此 保 肺 法 古 菴 曰 久 嗽 不 愈 須 用 百 部 加 以 百 合 斂 肺 桑 皮 瀉 中 有 補 苦 梗 下 藥 赤 苓 瀉 火 乃 清 降 妙 劑 也 於 結 症 亦 佳 </sf> 
 </marginalia>
 
 釋 曰 以 上 六 方 。 先 以 散 邪 為 第 一 。 以 散 中 兼 涼 血 清 心 為 第 二 。 清 肺 補 氣 利 氣 行 瘀 為 第 三 補 土 生 金 為 第 四 。 而 第 五 第 六 一 則 散 而 收 之 。 一 則 輕 而 斂 之 。 數 方 之 內 。 治 嗽 之 法 。 初 中 末 三 治 補 瀉 兼 該 。 先 後 不 紊 能 推 廣 之 。 以 治 雜 症 之 咳 嗽 亦 無 不 可 。 集 方 者 其 藥 上 藥 王 歟 
 
 ○ 喘 急 
 
 婁 氏 曰 ﹐ 產 後 喘 極 危 多 死 也 
 
 <marginalia> 
 <sf> 此 真 實 語 也 臨 症 者 慎 之 </sf> 
 </marginalia> 
 
 郭 稽 中 曰 ﹐ 產 後 喉 中 氣 急 喘 促 者 何 荅 曰 榮 者 。 血 也 。 衛 者 。 氣 也 榮 
 </text></document>