<?xml version="1.0" encoding="UTF-8" standalone="yes" ?>
<document>
<header>
<doctitle>
 重訂濟陰綱目 
 </doctitle>
<volume>
 第三冊, 卷 5 
 </volume>
<author>
 武 之 望   (叔卿 ) 
</author>
<date>
 清雍正六年, 1728
 </date>
<currentpage>
 text 16a 
 </currentpage>
<first>
 jiyingkangmu v.3 text4 1a.xml
</first>
<last>
 jiyingkangmu v.3 text6 26b.xml 
</last>
<prev>
 jiyingkangmu v.3 text5 15b.xml 
</prev>
<next>
 jiyingkangmu v.3 text5 16b.xml 
</next>
<image>
 jiyingkangmu v.3 text5 16a.jpg 
</image>
</header><text>
<formula>大 黃         黃 苓         芒 硝 <sf> 各 半 兩 </sf>         甘 草 <sf> 大 如 指 一 尺 炙 </sf>         烏 { 賊 } 魚 骨 <sf> 二 枚 </sf>   莢 <sf> 六 枚 去 皮 弦 子 酥 炙 </sf></formula>右 搗 以 水 六 升 。 煮 之 三 數 沸 。 絞 去 滓 。 下 硝 。 適 寒 溫 服 之 。 十 日 一 劑 。 空 腹 服 之 。 瘕 當 下 。 
 
 <formula> 
 療 鱉 瘕 方 。 
 大 黃 <sf> 一 兩 五 錢 </sf>           乾 薑         側 子 <sf> 各 半 兩 </sf>         附 子         人 參 <sf> 各 三 錢 七 分 半 </sf>         { 蟅 } 蟲 <sf> 一 寸 七 炒 </sf>         桂 心 <sf> 一 兩 二 錢 半 </sf>         細 辛         土 &lt;x> <sf>   錢 半 </sf>         白 朮 <sf> 一 兩 </sf> 
 </formula> 
 右 搗 散 。 以 酒 服 方 寸 七 。 日 三 
 <marginalia> 
 <sf> 以 上 八 瘕 方 有 本 來 但 須 認 症 真 耳 
 土 &lt;x> 不 明 </sf> 
 </marginalia> 
 
 ○ 治 癥 瘕 
 <formula> 
 穿 山 甲 散         治 婦 人 癥 痞 。 及 惡 血 氣 攻 。 心 腹 疼 痛 。 面 無 顏 色 。 四 肢 瘦 弱 。 
 </formula></text></document>