<?xml version="1.0" encoding="UTF-8" standalone="yes" ?>
<document>
<header>
<doctitle>
 重訂濟陰綱目 
 </doctitle>
<volume>
 第四冊, 卷 8 
 </volume>
<author>
 武 之 望   (叔卿 ) 
</author>
<date>
 清雍正六年, 1728
 </date>
<currentpage>
 text 18b 
 </currentpage>
<first>
 jiyingkangmu v.4 text7 1a.xml
</first>
<last>
 jiyingkangmu v.4 text8 44b.xml 
</last>
<prev>
 jiyingkangmu v.4 text8 18a.xml 
</prev>
<next>
 jiyingkangmu v.4 text8 19a.xml 
</next>
<image>
 jiyingkangmu v.4 text8 18b.jpg 
</image>
</header><text>
大 全 云 。 { 妊 } 娠 胎 動 不 安 者 。 由 衝 任 經 虛 受 胎 不 實 也 。 亦 有 飲 酒 房 室 過 度 。 損 動 不 安 者 。 有 { 誤 } 擊 觸 而 胎 動 者 。 有 喜 怒 氣 宇 不 舒 。 傷 於 心 肝 。 觸 動 血 脈 者 。 有 信 醫 宜 服 煖 補 反 為 藥 所 害 者 。 有 因 毋 病 而 胎 動 者 。 但 治 母 病 。 其 胎 自 安 。 有 胎 不 堅 固 。 動 及 母 疾 。 但 當 安 胎 。 其 母 自 愈 。 當 以 母 形 色 察 之 。 若 面 赤 舌 青 兒 死 母 活 。 面 青 舌 赤 。 口 中 沫 出 。 母 死 子 活 。 若 唇 青 兩 邊 沫 出 者 。 子 母 俱 死 。 
 
 <formula> 
 安 胎 散         { 妊 } 娠 常 服 安 胎 。 
 白 朮         當 歸 <sf> 各 一 錢 </sf>         黃 苓 <sf> 一 錢 五 分 </sf>         甘 草 <sf> 炙 五 分 </sf> 
 </formula> 
 右 剉 。 水 煎 服 。 ○ 如 腹 脹 。 加 神 { 麴 } 麥 芽 各 二 分 半 ○ 氣 虛 泄 瀉 。 加 人 參 三 分 陳 皮 二 分 。 ○ 潮 熱 。 加 柴 胡 一 錢 。 ○ 氣 上 逆 。 加 枳 殼 三 分 。 
 <marginalia> 
 <sf> 健 脾 養 血 清 火 則 衝 任 自 足 胎 孕 自 安 </sf> 
 </marginalia> 
 </text></document>