<?xml version="1.0" encoding="UTF-8" standalone="yes" ?>
<document>
<header>
<doctitle>
 重訂濟陰綱目 
 </doctitle>
<volume>
 第一冊 
 </volume>
<author>
 武 之 望   (叔卿 ) 
</author>
<date>
 清雍正六年, 1728
 </date>
<currentpage>
 table of contents 2a 
 </currentpage>
<first>
 jiyingkangmu v.1 tp.xml
</first>
<last>
 jiyingkangmu v.1 text1 38b.xml 
</last>
<prev>
 jiyingkangmu v.1 table of contents 1b.xml 
</prev>
<next>
 jiyingkangmu v.1 table of contents 2b.xml 
</next>
<image>
 jiyingkangmu v.1 table of contents 2a.jpg 
</image>
</header><text>
治 經 候 過 期 方 
 過 期 飲 <sf> 過 期 不 行 宜 補 血 行 氣 </sf> 
 滋 血 湯 <sf> 治 心 肺 虛 損 月 水 過 期 </sf> 
                 
 治 經 水 過 多 方 
 當 歸 飲 <sf> 抑 陽 助 陰 治 月 水 過 多 無 他 證 者 </sf> 
 膠 艾 湯 <sf> 治 勞 傷 氣 血 月 水 過 多 淋 瀝 不 止 又 能 安 胎 </sf> 
 丹 溪 方 <sf> 治 稟 弱 氣 不 能 攝 血 經 水 來 多 </sf> 
 
 治 經 水 { 澀 } 少 方 
 七 沸 湯 <sf> 治 經 水 愆 期 或 多 或 少 腹 痛 </sf> 
 四 物 加 葵 花 湯 <sf> 治 經 水 { 澀 } 少 </sf> 
 四 物 加 熟 地 黃 當 歸 湯 <sf> 治 水 少 而 色 和 </sf> 
 
 治 月 水 不 利 方 
 牛 膝 散 <sf> 治 月 水 不 利 臍 腹 引 腰 痛 氣 攻 胸 膈 </sf> 
 牡 丹 散 <sf> 治 月 水 不 利 臍 腹 疼 痛 不 欲 食 </sf> 
 養 榮 湯 <sf> 治 血 虛 恍 惚 驚 悸 發 熱 經 候 不 利 </sf> 
 玄 歸 散 <sf> 治 月 經 壅 滯 臍 腹 疼 痛 </sf> 
 歸 漆 丸 <sf> 治 月 水 不 利 臍 下 逆 氣 腹 滿 </sf> 
 </text></document>