<?xml version="1.0" encoding="UTF-8" standalone="yes" ?>
<document>
<header>
<doctitle>
 重訂濟陰綱目 
 </doctitle>
<volume>
 第八冊, 卷 14 
 </volume>
<author>
 武 之 望   (叔卿 ) 
</author>
<date>
 清雍正六年, 1728
 </date>
<currentpage>
 text 29b 
 </currentpage>
<first>
 jiyingkangmu v.8 text14 1a.xml
</first>
<last>
 bao sheng sui shi 9b.xml
</last>
<prev>
 jiyingkangmu v.8 text14 29a.xml 
</prev>
<next>
 jiyingkangmu v.8 text14 30a.xml 
</next>
<image>
 jiyingkangmu v.8 text14 29b.jpg 
</image>
</header><text>
<formula>葵 子 <sf> 炒 香 </sf>     縮 砂 仁 <sf> 各 等 分 </sf> 
 右 為 細 末 ﹐ 每 服 二 錢 ﹐ 熱 酒 調 下 ﹐ </formula> 
 
 <formula> 
 雜 方     下 乳 汁 。 
 栝 蔞 子 洗 淨 。 炒 令 香 熱 。 瓦 上 &lt;x> 令 白 色 為 末 。 酒 調 下 一 錢 。 合 面               臥 。 少 時 再 服 。 
 一 方 瓜 蔞 一 枚 。 熟 搗 以 白 酒 一 斗 。 煮 取 四 升 。 去 渣 溫 飲 一 升 。 日 三 
 一 方 土 瓜 根 為 末 。 酒 調 下 一 錢 。 日 三 服 。 
 一 方 三 稜 三 箇 。 水 二 碗 。 煮 取 一 碗 。 洗 之 。 取 汁 下 為 度 妙 
 
 <marginalia> 
 <sf> 以 洗 法 通 氣 又 是 一 法 </sf> 
 </marginalia> 
 
 一 方 穿 山 甲 洗 淨 一 兩 。 灰 炒 燥 為 細 末 。 酒 服 方 寸 七 。 治 產 孔 無 汁 。 亦   治 乳 結 癰 腫 。 </formula> 
 ○ 已 上 治 乳 滯 不 行 之 劑 
 </text></document>