<?xml version="1.0" encoding="UTF-8" standalone="yes" ?>
<document>
<header>
<doctitle>
 重訂濟陰綱目 
 </doctitle>
<volume>
 第三冊, 卷 4 
 </volume>
<author>
 武 之 望   (叔卿 ) 
</author>
<date>
 清雍正六年, 1728
 </date>
<currentpage>
 text 17a 
 </currentpage>
<first>
 jiyingkangmu v.3 text4 1a.xml
</first>
<last>
 jiyingkangmu v.3 text6 26b.xml 
</last>
<prev>
 jiyingkangmu v.3 text4 16b.xml 
</prev>
<next>
 jiyingkangmu v.3 text4 17b.xml 
</next>
<image>
 jiyingkangmu v.3 text4 17a.jpg 
</image>
</header><text>
<formula><marginalia> 
 <sf> 熱 一 開 表 一 清 裏 具 見 不 同 皆 因 病 而 藥 之 也 
 
 加 法 俱 平 正 亦 可 法 
 
 較 前 方 少 四 味 而 赤 芍 又 不 同 即 可 以 得 其 補 瀉 之 意 矣 以 竹 葉 小 麥 為 引 者 重 在 心 肺 之 意     子 苓 散 
 
 此 方 較 前 黃 &lt;x> 散 無 參 &lt;x> 歸 茯 地 骨 而 加 知 母 射 干 升 麻 其 重 在 咽 喉 不 利 也 </sf> 
 </marginalia> 
 
 黃 苓 <sf> 各 七 錢 半 </sf>         赤 芍 藥         木 香         麝 香 <sf> 細 研 各 半 兩 </sf> 
 </formula> 
 右 為 { 麤 } 末 。 每 服 四 錢 。 以 水 一 中 盞 。 入 生 薑 一 錢 三 分 。 桃 柳 心 各 七 莖 。 煎 至 六 分 去 滓 。 不 拘 時 溫 服 。 
 
 <formula> 
 犀 角 散         治 婦 人 熱 勞 。 心 胸 煩 熱 。 不 思 飲 食 四 肢 多 疼 。 經 <cf> &#33033; </cf> 澀 滯 。 
 犀 角 屑         黃 苓         甘 草 <sf> 炙 各 半 兩 </sf>         赤 芍 藥         虎 杖         茯 苓         地 骨 皮         麥 門 冬 <sf> 去 心 </sf>         枳 殼 <sf> 麵 炒 微 黃 </sf>         當 歸 <sf> 各 七 錢 半 </sf>         柴 胡         紅 藍 花         鱉 甲 <sf> 醋 炙 黃 去 裙 襴 各 一 兩 </sf> 
 </formula> 
 右 為 { 麤 } 末 。 每 服 三 錢 。 以 水 一 中 盞 。 入 生 薑 半 分 。 煎 至 六 分 去 滓 。 溫 服 無 時 。 
 
 <formula> 
 紅 藍 花 散         治 婦 人 熱 勞 。 四 肢 羸 瘦 。 經 <cf> &#33033; </cf> 不 通 。 
 柴 胡 <sf> 一 兩 半 </sf>         紅 藍 花         當 歸         生 地 黃         赤 芍 藥 。 
 </formula></text></document>