<?xml version="1.0" encoding="UTF-8" standalone="yes" ?>
<document>
<header>
<doctitle>
 重訂濟陰綱目 
 </doctitle>
<volume>
 第五冊, 卷 9 
 </volume>
<author>
 武 之 望   (叔卿 ) 
</author>
<date>
 清雍正六年, 1728
 </date>
<currentpage>
 text 2a 
 </currentpage>
<first>
 jiyingkangmu v.5 text9 1a.xml
</first>
<last>
 jiyingkangmu v.5 text9 51b.xml
</last>
<prev>
 jiyingkangmu v.5 text9 1b.xml 
</prev>
<next>
 jiyingkangmu v.5 text9 2b.xml 
</next>
<image>
 jiyingkangmu v.5 text9 2a.jpg 
</image>
</header><text>
嘔 吐 惡 心 。 加 枳 殼 砂 仁 。 
 吞 酸 噯 腐 。 加 黃 連 三 分 。 吳 茱 萸 二 分 。 
 
 <formula> 
 六 君 子 湯         治 脾 胃 虛 弱 。 飲 食 難 化 。 或 腹 滿 泄 瀉 。 
 人 參         白 朮         茯 苓         甘 草 <sf> 炙 </sf>         半 夏         陳 皮 <sf> 各 一 錢 </sf> 
 </formula> 
 右 剉 加 生 薑 三 片 。 棗 一 枚 。 水 煎 服 。 
 停 滯 肉 食 。 加 山 查 。 
 停 滯 麵 食 。 倍 加 麥 蘗 。 
 停 滯 糯 米 食 。 用 白 酒 麴 一 味 。 
 停 滯 米 飲 。 倍 加 穀 蘗 。 
 魚 腥 所 傷 。 倍 加 陳 皮 。 
 傷 辛 熱 之 物 。 加 黃 連 。 
 </text></document>