<?xml version="1.0" encoding="UTF-8" standalone="yes" ?>
<document>
<header>
<doctitle>
 重訂濟陰綱目 
 </doctitle>
<volume>
 第二冊, 卷 3 
 </volume>
<author>
 武 之 望   (叔卿 ) 
</author>
<date>
 清雍正六年, 1728
 </date>
<currentpage>
 text 19b 
 </currentpage>
<first>
 jiyingkangmu v.2 text2 1a.xml
</first>
<last>
 jiyingkangmu v.2 text3 26b.xml 
</last>
<prev>
 jiyingkangmu v.2 text3 19a.xml 
</prev>
<next>
 jiyingkangmu v.2 text3 20a.xml 
</next>
<image>
 jiyingkangmu v.2 text3 19b.jpg 
</image>
</header><text>
<marginalia> 
 <sf> 常 須 識 此 
 既 曰 血 氣 俱 虛 而 本 方 中 會 無 一 味 氣 藥 而 血 藥 又 止 一 味 當 歸 豈 真 陽 已 竭 即 甘 濕 之 味 亦 未 易 為 力 也 芍 地 能 帶 陽 氣 故 亦 不 用 
 妙 在 前 四 件 用 酒 煮 又 以 酒 糊 丸 者 峻 補 其 下 使 真 陽 之 氣 生 于 九 淵 上 于 九 天 也 其 後 九 種 或 引 之 于 </sf> 
 </marginalia> 
 
<formula> 
 鶴 頂 丸         治 帶 下 之 證 有 三 。 未 嫁 之 女 。 月 經 初 下 。 止 而 即 得 。 或 浴 之 以 冷 水 。 或 熱 而 扇 。 或 當 風 。 此 室 女 病 帶 下 之 由 。 有 嫁 之 婦 。 陰 陽 過 多 。 即 傷 胞 絡 。 風 邪 乘 虛 而 入 。 胞 經 觸 冷 。 遂 成 穢 液 。 與 血 水 相 連 而 下 。 產 後 帶 下 。 由 亡 血 失 氣 。 傷 動 胞 絡 。 門 開 而 外 風 襲 。 肌 體 虛 。 而 冷 風 入 。 冷 風 與 熱 氣 相 連 。 故 成 液 而 下 。 冷 則 多 白 。 熱 則 多 赤 。 冷 熱 相 交 。 赤 白 俱 下 。 
 當 歸 <sf> 七 錢 半 酒 浸 </sf>         附 子 <sf> 炮 去 皮 半 兩 </sf>         龍 骨 <sf> <cf> &#30416; </cf> 泥 包 &lt;x> </sf>         吳 茱 萸 <sf> 湯 泡 去 涎 </sf>         赤 石 脂 <sf> 火 &lt;x> 醋 淬 </sf>         乾 薑 <sf> 炮 各 兩 半 </sf>         牡 蠣 <sf> 一 兩 二 錢 <cf> &#30416; </cf> 泥 包 &lt;x> </sf>         艾 葉 <sf> 一 兩 以 醋 半 盞 浸 乾 </sf> 
 </formula> 
 右 為 細 末 。 研 勻 醋 糊 和 丸 。 如 桐 子 大 。 以 赤 石 脂 為 衣 。 每 服 五 十 丸 。 空 心 用 艾 葉 。 食 鹽 烏 梅 煎 湯 下 。 
 
 <formula> 
 白 蘞 丸         治 室 女 衝 任 虛 寒 帶 下 純 白 
 </formula></text></document>