<?xml version="1.0" encoding="UTF-8" standalone="yes" ?>
<document>
<header>
<doctitle>
 重訂濟陰綱目 
 </doctitle>
<volume>
 第一冊 
 </volume>
<author>
 武 之 望   (叔卿 ) 
</author>
<date>
 清雍正六年, 1728
 </date>
<currentpage>
 table of contents 41b 
 </currentpage>
<first>
 jiyingkangmu v.1 tp.xml
</first>
<last>
 jiyingkangmu v.1 text1 38b.xml 
</last>
<prev>
 jiyingkangmu v.1 table of contents 41a.xml 
</prev>
<next>
 jiyingkangmu v.1 table of contents 42a.xml 
</next>
<image>
 jiyingkangmu v.1 table of contents 41b.jpg 
</image>
</header><text>
復 元 湯 <sf> 治 產 後 子 宮 不 收 </sf> 
 一 方 <sf> 有 臨 產 子 腸 先 出 產 後 腸 不 收 名 曰 盤 腸 獻 花 產 </sf> 
 一 方 <sf> 產 腸 出 俗 用 冷 水 噀 母 面 其 腸 自 收 虛 弱 之 人 切 不 可 用 恐 驚 怯 成 病 或 即 脫 絕 以 此 方 治 之 </sf> 
 又 方 <sf> 治 腸 出 久 而 不 收 為 風 吹 乾 不 能 收 者 </sf> 
 丹 溪 方 <sf> 治 產 後 腸 不 收 。 </sf> 
 雜 方 <sf> 治 盤 腸 產 </sf> 
 又 方 <sf> 計 十 一 首 </sf> 
 炙 法 <sf> 計 五 首 </sf> 
 
 產 門 不 閉 腫 痛 
 十 全 大 補 湯 <sf> 治 產 後 血 氣 大 虛 陰 門 不 閉 發 熱 惡 寒     </sf> 
 硫 黃 湯 <sf> 治 產 後 玉 門 開 不 閉 </sf> 
 斂 陰 法 <sf> 治 新 產 後 陰 腫 下 脫 及 產 門 不 合 </sf> 
 當 歸 湯 <sf> 治 產 後 臟 中 風 冷 陰 戶 腫 痛 </sf> 
 一 方 <sf> 治 婦 人 子 宮 大 痛 不 可 忍 並 產 後 生 腸 不 收 </sf> 
 桃 仁 膏 <sf> 治 產 後 陰 腫 妨 悶 </sf> 
 一 方 <sf> 治 產 後 陰 腫 </sf> 
 萬 應 丸 <sf> 治 產 後 小 戶 痛 不 可 忍 </sf> 
 一 方 <sf> 治 產 後 陰 內 兩 傍 腫 痛 手 足 不 能 舒 伸 者 </sf> 
 
 乳 汁 不 行 
 通 草 湯 <sf> 治 產 後 血 氣 盛 實 乳 汁 不 通 </sf> 
 </text></document>