<?xml version="1.0" encoding="UTF-8" standalone="yes" ?>
<document>
<header>
<doctitle>
 重訂濟陰綱目 
 </doctitle>
<volume>
 第四冊, 卷 7 
 </volume>
<author>
 武 之 望   (叔卿 ) 
</author>
<date>
 清雍正六年, 1728
 </date>
<currentpage>
 text 4b 
 </currentpage>
<first>
 jiyingkangmu v.4 text7 1a.xml
</first>
<last>
 jiyingkangmu v.4 text8 44b.xml 
</last>
<prev>
 jiyingkangmu v.4 text7 4a.xml 
</prev>
<next>
 jiyingkangmu v.4 text7 5a.xml 
</next>
<image>
 jiyingkangmu v.4 text7 4b.jpg 
</image>
</header><text>
膽 瀉 肝 湯 。 加 木 香 。 若 { 概 } 投 散 血 攻 毒 之 劑 。 則 誤 甚 矣 。 ○ 又 曰 。 婦 人 陰 腫 。 因 胞 絡 素 虛 。 風 邪 客 之 乘 於 陰 部 。 血 氣 相 搏 故 也 。 ○ 薛 氏 曰 。 婦 人 陰 腫 。 若 氣 血 虛 弱 。 用 補 中 益 氣 湯 。 舉 而 補 之 。 肝 經 濕 熱 。 用 龍 膽 瀉 肝 湯 。 滲 而 清 之 。 ○ 李 氏 曰 。 陰 戶 兩 傍 腫 痛 。 手 足 不 能 舒 伸 者 。 用 四 物 湯 。 入 乳 香 末 同 搗 成 餅 。 安 陰 中 立 { 效 } 。 ○ 陰 腫 痛 極 。 便 秘 欲 死 者 。 枳 橘 熨 。 但 腫 痛 者 。 四 物 湯 加 柴 胡 。 山 梔 。 牡 丹 皮 。 龍 膽 草 。 如 時 常 陰 痛 者 。 四 物 湯 加 { 槁 } 本 防 風 。 ○ 陰 戶 腫 痛 不 閉 者 。 逍 遙 散 。 十 全 大 補 湯 。 腫 消 不 閉 者 。 補 中 益 氣 湯 。 腫 痛 者 。 加 山 梔 牡 丹 皮 。 ○ 濕 痒 出 水 又 痛 者 。 憂 思 過 也 。 歸 脾 湯 。 加 柴 胡 山 梔 。 牡 丹 皮 。 芍 藥 生 甘 草 。 ○ 潰 爛 者 。 逍 遙 散 。 ○ 陰 戶 腫 痛 不 閉 。 寒 熱 溺 { 澀 } 。 體 倦 少 食 者 。 補 中 益 氣 湯 。 加 升 麻 。 柴 胡 至 一 錢 。 量 入 茯 苓 山 梔 。 ○ 陰 戶 不 閉 。 小 便 淋 
 <marginalia> 
 <sf> 以 不 閉 屬 虛 故 宜 補 以 脾 痛 屬 寔 故 宜 涼 </sf> 
 </marginalia> 
 </text></document>