<?xml version="1.0" encoding="UTF-8" standalone="yes" ?>
<document>
<header>
<doctitle>
 重訂濟陰綱目 
 </doctitle>
<volume>
 第七冊, 卷 13 
 </volume>
<author>
 武 之 望   (叔卿 ) 
</author>
<date>
 清雍正六年, 1728
 </date>
<currentpage>
 text 39b 
 </currentpage>
<first>
 jiyingkangmu v.7 text12 1a.xml
</first>
<last>
 jiyingkangmu v.7 text13 46b.xml
</last>
<prev>
 jiyingkangmu v.7 text13 39a.xml 
</prev>
<next>
 jiyingkangmu v.7 text13 40a.xml 
</next>
<image>
 jiyingkangmu v.7 text13 39b.jpg 
</image>
</header><text>
<formula>芍 藥 <sf> 二 兩 半 </sf>     當 歸     知 母     生 薑     蒲 黃 <sf> 各 二 兩 </sf>     紅 花 <sf> 半 兩 </sf>     荷 葉 心 中 蒂 <sf> 一 個 </sf>     生 地 黃 汁 <sf> 一 盞 </sf> 
 
 右 &lt;x> 咀 水 二 升 ﹐ 煎 至 一 升 去 渣 ﹐ 下 蒲 黃 煎 數 沸 ﹐ 空 心 分 三 帖 </formula> 
 
 <marginalia> 
 <sf> 當 歸 治 惡 露 不 下 生 薑 止 嘔 安 胃 是 矣 若 生 地 知 母 芍 藥 能 不 寒 胃 乎 要 知 此 三 味 又 為 壯 熱 者 設 初 無 壯 熱 其 敢 用 乎 況 在 三 四 日 之 間 芍 藥 尤 為 所 忌 讀 方 者 當 知 其 源 </sf> 
 </marginalia>
<formula> 
 橘 紅 半 夏 湯     治 產 後 胃 虛 嘔 逆 。 
 橘 皮 <sf> 一 兩 </sf>     半 夏     甘 草 <sf> 炙 各 半 兩 </sf>     藿 香 <sf> 三 兩 </sf> 
 右 剉 ﹐ 每 服 五 錢 ﹐ 加 生 薑 五 片 ﹐ 水 煎 服 ﹐ </formula> 
 
 <formula> 
 開 胃 散     治 產 後 胃 虛 嘔 吐 。 胸 滿 不 食 。 
 人 參 <sf> 一 兩 </sf>     訶 子 <sf> 一 兩 半 </sf>     甘 草 <sf> 炙 半 兩 </sf> 
 右 剉 ﹐ 每 服 五 錢 ﹐ 加 生 薑 五 片 ﹐ 水 煎 服 </formula>
<marginalia> 
 <sf> 此 方 治 痰 理 氣 為 治 嘔 正 方 前 方 一 寒 一 熱 之 治 淤 血 者 不 同 當 知 此 竅 
 人 參 益 胃 氣 訶 子 治 胸 滿 一 益 氣 一 斂 氣 自 與 前 後 諸 方 不 同 別 是 一 種 見 解 人 所 未 知 </sf> 
 </marginalia>
<formula> 
 薑 術 散     治 產 後 更 無 他 疾 。 但 多 嘔 逆 。 不 能 食 。 
 白 術 <sf> 一 兩 二 錢 半 </sf>     生 薑 <sf> 一 兩 半 </sf> 
 </formula></text></document>