<?xml version="1.0" encoding="UTF-8" standalone="yes" ?>
<document>
<header>
<doctitle>
 重訂濟陰綱目 
 </doctitle>
<volume>
 第七冊, 卷 12 
 </volume>
<author>
 武 之 望   (叔卿 ) 
</author>
<date>
 清雍正六年, 1728
 </date>
<currentpage>
 text 3b 
 </currentpage>
<first>
 jiyingkangmu v.7 text12 1a.xml
</first>
<last>
 jiyingkangmu v.7 text13 46b.xml
</last>
<prev>
 jiyingkangmu v.7 text12 3a.xml 
</prev>
<next>
 jiyingkangmu v.7 text12 4a.xml 
</next>
<image>
 jiyingkangmu v.7 text12 3b.jpg 
</image>
</header><text>
表 治 風 之 藥 。 
 
 大 全 云 ﹐ 產 後 下 血 過 多 。 虛 極 生 風 者 何 。 答 曰 ﹐ 婦 人 以 榮 血 為 主 。 因 產 血 下 太 多 。 氣 無 所 主 。 脣 青 肉 冷 。 汗 出 。 目 眩 神 昏 。 命 在 須 臾 者 。 此 虛 極 生 風 也 。 宜 急 服 濟 危 上 丹     若 以 風 藥 治 之 則 誤 矣 。 
 
 <marginalia> 
 <sf> 釣 藤 是 肝 經 風 熱 藥 附 子 是 脾 腎 虛 寒 藥 豈 並 行 不 悖 乎 </sf> 
 </marginalia> 
 
 薛 氏 曰 ﹐ 前 證 若 心 脾 血 氣 俱 虛 用 大 補 湯 。 如 不 應 。 加 附 子 釣 藤 鉤 。 若 肝 經 血 虛 用 消 遙 散 。 加 釣 藤 。 經 云 ﹐ 脾 之 榮 在 唇 。 心 之 液 在 汗 。 若 心 脾 二 藏 虛 極 。 急 用 參 服 湯 救 之 。 
 
 一 婦 人 患 前 證 。 用 諸 補 劑 。 四 肢 逆 冷 。 自 汗 泄 瀉 。 腸 鳴 腹 痛 。 余 以 陽 氣 虛 寒 。 用 六 君 子 加 薑 附 各 五 錢 。 不 應 。 以 參 附 各 一 兩 始 應 。 良 久 不 服 。 乃 腸 鳴 腹 痛 。 復 炙 { 關 } 元 穴 百 餘 壯 及 服 十 全 大 補 湯 方 { 效 } 。 
 
 大 全 云 ﹐ 產 後 中 風 口 噤 者 。 是 血 氣 虛 而 風 入 于 頜 頰 夾 口 之 筋 也 。 
 
 </text></document>