<?xml version="1.0" encoding="UTF-8" standalone="yes" ?>
<document>
<header>
<doctitle>
 重訂濟陰綱目 
 </doctitle>
<volume>
 第七冊, 卷 12 
 </volume>
<author>
 武 之 望   (叔卿 ) 
</author>
<date>
 清雍正六年, 1728
 </date>
<currentpage>
 text 13a 
 </currentpage>
<first>
 jiyingkangmu v.7 text12 1a.xml
</first>
<last>
 jiyingkangmu v.7 text13 46b.xml
</last>
<prev>
 jiyingkangmu v.7 text12 12b.xml 
</prev>
<next>
 jiyingkangmu v.7 text12 13b.xml 
</next>
<image>
 jiyingkangmu v.7 text12 13a.jpg 
</image>
</header><text>
<formula>右 &lt;x> 咀 ﹐ 作 二 帖 每 帖 加 生 薑 三 片 水 煎 食 遠 服  </formula> 
 ○ 拘 攣 
 
 大 全 云 ﹐ 產 後 中 風 。 筋 脈 四 肢 攣 急 者 是 氣 血 不 足 臟 腑 俱 虛 月 內 未 滿 。 起 早 勞 役 。 動 傷 臟 腑 。 虛 損 未 復 。 為 風 所 乘 。 風 邪 冷 氣     初 客 于 皮 膚 經 絡 則 令 人 頑 痺 不 仁 。 嬴 乏 少 氣 風 氣 入 于 筋 脈 挾 寒 則 攣 急 也 。 
 
 薛 氏 曰 ﹐ 肝 屬 木 而 主 筋 。 前 證 若 肝 經 風 熱 血 燥 用 加 味 逍 遙 散 如 不 應 。 當 用 六 味 地 黃 丸 。 以 補 腎 水 。 經 云 。 風 客 &lt;x> 氣 。 精 乃 亡 邪 傷 肝 也 。 仍 { 參 } 前 證 。 諸 風 血 方 論 之 。 
 一 產 婦 。 筋 攣 臂 軟 。 肌 肉 掣 動 。 此 氣 血 俱 虛 。 而 自 熱 也 。 用 十 全 大 補 湯 而 安 。 
 </text></document>