<?xml version="1.0" encoding="UTF-8" standalone="yes" ?>
<document>
<header>
<doctitle>
 重訂濟陰綱目 
 </doctitle>
<volume>
 第一冊 
 </volume>
<author>
 武 之 望   (叔卿 ) 
</author>
<date>
 清雍正六年, 1728
 </date>
<currentpage>
 table of contents 34b 
 </currentpage>
<first>
 jiyingkangmu v.1 tp.xml
</first>
<last>
 jiyingkangmu v.1 text1 38b.xml 
</last>
<prev>
 jiyingkangmu v.1 table of contents 34a.xml 
</prev>
<next>
 jiyingkangmu v.1 table of contents 35a.xml 
</next>
<image>
 jiyingkangmu v.1 table of contents 34b.jpg 
</image>
</header><text>
乾 熟 地 黃 散 <sf> 治 產 後 心 神 驚 悸 </sf> 
 產 乳 七 寶 散 <sf> 治 產 後 調 和 氣 血 補 虛 安 神 鎮 驚 </sf> 
 人 參 散 <sf> 治 產 後 心 虛 驚 悸 語 言 錯 亂 </sf> 
 琥 珀 散 <sf> 治 血 虛 驚 悸 敗 血 停 留 </sf> 
 茯 苓 散 <sf> 治 產 後 精 神 昏 亂   </sf> 
 一 方 <sf> 治 產 後 虛 弱 或 汗 下   重 虛 或 中 風 昏 悶 </sf> 
 歸 脾 湯 <sf> 治 產 後 血 氣 大 虛 驚 悸 不 寐 嗜 臥 少 食 等 症 </sf> 
 遠 志 丸 <sf> 治 產 後 心 神 驚 悸 腹 中 急 痛 夜 臥 不 寧 </sf> 
 白 茯 苓 丸 <sf> 治 產 後 心 虛 驚 悸 </sf> 
 
 恍 惚 
 千 金 方 <sf> 治 產 後 暴 苦 心 悸 語 言 錯 亂 恍 惚 </sf> 
 經 效 方 <sf> 治 產 後 心 虛 驚 悸 煩 燥 恍 惚 </sf> 
 琥 珀 散 <sf> 治 產 後 中 風 恍 惚 心 神 煩 悶 四 肢 不 隨 </sf> 
 遠 志 散 <sf> 治 產 後 中 風 心 神 恍 惚 言 語 錯 亂 誰 臥 不 安 </sf> 
 天 麻 丸 <sf> 治 產 後 中 風 恍 惚 語 { 澀 } 四 肢 不 隨 </sf> 
 辰 砂 遠 志 丸 <sf> 治 產 後 中 風 消 風 化 痰 安 神 鎮 心 </sf> 
 
 卷 之 十 三 
 產 後 下 
 虛 煩 
 </text></document>