<?xml version="1.0" encoding="UTF-8" standalone="yes" ?>
<document>
<header>
<doctitle>
 重訂濟陰綱目 
 </doctitle>
<volume>
 第六冊, 卷 11 
 </volume>
<author>
 武 之 望   (叔卿 ) 
</author>
<date>
 清雍正六年, 1728
 </date>
<currentpage>
 text 36b 
 </currentpage>
<first>
 jiyingkangmu v.6 text10 1a.xml
</first>
<last>
 jiyingkangmu v.6 text11 38b.xml
</last>
<prev>
 jiyingkangmu v.6 text11 36a.xml 
</prev>
<next>
 jiyingkangmu v.6 text11 37a.xml 
</next>
<image>
 jiyingkangmu v.6 text11 36b.jpg 
</image>
</header><text>
<formula> 
 生 薑 <sf> 各 五 錢 </sf>                         甘 草 <sf> 炙 </sf>                             韭 白 <sf> 各 三 錢 半 </sf> 
 </formula> 
 右 &lt;x> 咀 每 服 五 錢 水 煎 服 ○ 加 桑 寄 生 半 兩 尤 佳 
 <marginalia> 
 <sf> 若 外 感 重 者 不 可 輕 用 </sf> 
 </marginalia> 
 五 積 散                     治 產 後 身 痛 。 兼 感 寒 傷 食 。 
 方 見 前 腹 痛 條 。 ○ 與 四 物 湯 各 半 服 之 穩 當 。 
 加 味 四 物 湯                     治 產 後 血 虛 身 痛 。 
 <formula> 
 當 歸                     川 芎                 人 參                 芍 藥                 熟 地                   白 朮 
   乾 薑 <sf> 炒 各 一 錢             </sf> 
 </formula> 
 右 剉 作 一 服 水 煎 服 
 大 全 方                     治 產 後 遍 身 青 腫 疼 痛 及 眾 疾 。 
 <formula> 
   牛 膝                           大 麥 蘗 <sf> 各 等 分   </sf> 
 </formula> 
 <marginalia> 
 <sf> 此 專 治 血 流 諸 經 青 腫 作 痛 </sf> 
 </marginalia> 
 右 為 細 末 以 新 瓦 &lt;x> [ 罐 ] 子 中 。 填 一 重 麥 蘗 。 一 重 牛 膝 。 如 此 填 滿 。 用 鹽 泥 固 濟 。 火 煆 過 赤 。 放 冷 研 為 散 但 是 產 後 諸 疾 。 熱 酒 調 下 二 
 <marginalia> 
 <sf> 只 此 四 方 類 集 有 法 目 之 </sf> 
 </marginalia> 
 </text></document>