<?xml version="1.0" encoding="UTF-8" standalone="yes" ?>
<document>
<header>
<doctitle>
 重訂濟陰綱目 
 </doctitle>
<volume>
 第一冊 
 </volume>
<author>
 武 之 望   (叔卿 ) 
</author>
<date>
 清雍正六年, 1728
 </date>
<currentpage>
 table of contents 25b 
 </currentpage>
<first>
 jiyingkangmu v.1 tp.xml
</first>
<last>
 jiyingkangmu v.1 text1 38b.xml 
</last>
<prev>
 jiyingkangmu v.1 table of contents 25a.xml 
</prev>
<next>
 jiyingkangmu v.1 table of contents 26a.xml 
</next>
<image>
 jiyingkangmu v.1 table of contents 25b.jpg 
</image>
</header><text>
一 方 <sf> 療 { 妊 } 娠 數 月 小 便 淋 瀝 疼 痛 </sf> 
 忘 憂 散 <sf> 治 { 妊 } 娠 心 經 蘊 熱 小 便 赤 { 澀 } 淋 瀝 </sf> 
 補 遺 方 <sf> 治 胎 前 諸 淋 瀝 小 便 不 通 </sf> 
 一 方 <sf> 治 子 淋 及 子 煩 </sf> 
 雜 方 <sf> 治 { 妊 } 娠 子 淋 </sf> 
 
 遺 尿 
 日 薇 散 <sf> 治 { 妊 } 娠 尿 出 不 知 </sf> 
 桑 螵 蛸 散 <sf> 治 { 妊 } 娠 小 便 不 禁 </sf> 
 一 方 
 一 方 <sf> 並 治 { 妊 } 婦 遺 尿 </sf> 
 
 尿 血 
 續 斷 湯 <sf> 治 { 妊 } 娠 下 血 及 尿 血 </sf> 
 一 方 <sf> 治 { 妊 } 娠 尿 血 </sf> 
 薑 蜜 湯 <sf> 治 { 妊 } 娠 小 便 尿 血 </sf> 
 加 減 五 苓 散 
 雜 方 <sf> 計 六 方 </sf> 
 
 眼 目 
 天 門 冬 飲 子 <sf> 治 { 妊 } 娠 肝 經 風 熱 上 攻 眼 目 帶 &lt;?> 失 明 </sf> 
 </text></document>