<?xml version="1.0" encoding="UTF-8" standalone="yes" ?>
<document>
<header>
<doctitle>
 重訂濟陰綱目 
 </doctitle>
<volume>
 第七冊, 卷 13 
 </volume>
<author>
 武 之 望   (叔卿 ) 
</author>
<date>
 清雍正六年, 1728
 </date>
<currentpage>
 text 6a 
 </currentpage>
<first>
 jiyingkangmu v.7 text12 1a.xml
</first>
<last>
 jiyingkangmu v.7 text13 46b.xml
</last>
<prev>
 jiyingkangmu v.7 text13 5b.xml 
</prev>
<next>
 jiyingkangmu v.7 text13 6b.xml 
</next>
<image>
 jiyingkangmu v.7 text13 6a.jpg 
</image>
</header><text>
<formula>右 另 用 麥 門 冬 二 十 粒 ﹐ 水 二 鍾 ﹐ 煎 一 盞 ﹐ 水 中 沉 冷 ﹐ 空 心 溫 服 ﹐ ○ </formula> 
發 熱 加 柴 胡 薄 荷  <marginalia><sf> 方 名 清 心 理 宜 保 肺 以 生 水 導 赤 以 瀉 火 也 攷 諸 藥 性 能 知 其 理 
 
 用 遠 志 石 菖 蒲 以 治 煩 恐 有 未 當 處 </sf> 
 </marginalia>
<formula> 
 產 寶 方     療 產 後 大 渴 不 止 
 
 蘆 根 <sf> 切 一 升 </sf>     麥 門 冬 <sf> 生 四 兩 </sf>     瓜 蔞 根     人 參     茯 苓     甘 草 <sf> 各 三 兩 </sf>     大 棗 <sf> 二 十 枚 </sf> 
 
 右 以 水 九 升 ﹐ 煮 取 三 升 ﹐ 分 三 服 ﹐ 頓 服 四 劑 即 瘥 ﹐ 忌 菽 菜 ﹐ </formula>
<marginalia> 
 <sf> 大 渴 妙 藥 亦 有 補 土 生 金 之 理 </sf> 
 </marginalia>
<formula> 
 括 蔞 根 湯     療 產 後 血 渴 
 括 蔞 根 <sf> 四 兩 </sf>     麥 門 冬 <sf> 去 心 </sf>     人 參 <sf> 各 三 兩 </sf>     生 乾 地 黃     甘 草 <sf> 各 二 兩 </sf>     土 瓜 根 <sf> 五 兩 </sf>     大 棗 <sf> 二 十 枚 </sf> 
 右 &lt;x> 咀 ﹐ 以 水 八 升 煮 取 二 升 半 ﹐ 分 三 服 ﹐ </formula>
<marginalia> 
 <sf> 血 渴 者 血 虛 而 渴 也 故 加 生 地 此 二 方 不 惟 產 後 宜 服 與 消 渴 証 [ 症 ] 亦 相 宜 </sf> 
 </marginalia>
<formula> 
 黃 芩 散     治 產 後 血 渴 飲 水 不 止 。 
 </formula></text></document>