<?xml version="1.0" encoding="UTF-8" standalone="yes" ?>
<document>
<header>
<doctitle>
 重訂濟陰綱目 
 </doctitle>
<volume>
 第六冊, 卷 11 
 </volume>
<author>
 武 之 望   (叔卿 ) 
</author>
<date>
 清雍正六年, 1728
 </date>
<currentpage>
 text 27a 
 </currentpage>
<first>
 jiyingkangmu v.6 text10 1a.xml
</first>
<last>
 jiyingkangmu v.6 text11 38b.xml
</last>
<prev>
 jiyingkangmu v.6 text11 26b.xml 
</prev>
<next>
 jiyingkangmu v.6 text11 27b.xml 
</next>
<image>
 jiyingkangmu v.6 text11 27a.jpg 
</image>
</header><text>
<formula> 
 桂 心                           薑 黃 <sf> 各 等 分                 </sf>               
 </formula> 
 右 為 細 末 酒 調 方 寸 七 血 下 盡 妙 
 延 胡 索 <sf> 一 名 三 聖 散 一 名 如 神 湯 </sf>                     治 產 後 臍 下 痛 並 腰 疼 
 <formula> 
 延 胡 索                   桂 心 <sf> 各 半 兩 </sf>                     當 歸 <sf> 一 兩 </sf>       
 </formula> 
 右 為 細 末 熱 酒 調 下 二 錢 
 香 桂 散               治 產 後 臍 下 疼 痛 不 止 
 <formula> 
 當 歸                       川 芎 <sf> 各 二 錢 半 </sf>                     桂 心 <sf> 半 兩 </sf>       
 </formula> 
 右 為 細 末 分 為 三 服 每 服 酒 一 盞 煎 三 五 沸 更 入 童 便 少 許 煎 至 七 分 溫 服 甚 者 不 過 再 服 即 瘥 
 當 歸 血 竭 丸                     治 產 後 惡 露 不 盡 結 聚 成 塊 心 胸 痞 悶 及 臍 下 堅 痛 
 <formula> 
 當 歸                       血 竭                     芍 藥                       蓬 朮 <sf> 炮 各 二 兩 </sf>                     五 靈 脂 <sf> 四 兩 </sf>       
 </formula> 
 右 為 細 末 醋 糊 和 丸 如 梧 桐 子 大 每 服 五 十 丸 食 前 溫 酒 送 下 
 <marginalia> 
 <sf> 破 血 為 主 </sf> 
 </marginalia> 
 </text></document>