<?xml version="1.0" encoding="UTF-8" standalone="yes" ?>
<document>
<header>
<doctitle>
 重訂濟陰綱目 
 </doctitle>
<volume>
 第七冊, 卷 13 
 </volume>
<author>
 武 之 望   (叔卿 ) 
</author>
<date>
 清雍正六年, 1728
 </date>
<currentpage>
 text 28a 
 </currentpage>
<first>
 jiyingkangmu v.7 text12 1a.xml
</first>
<last>
 jiyingkangmu v.7 text13 46b.xml
</last>
<prev>
 jiyingkangmu v.7 text13 27b.xml 
</prev>
<next>
 jiyingkangmu v.7 text13 28b.xml 
</next>
<image>
 jiyingkangmu v.7 text13 28a.jpg 
</image>
</header><text>
薛 氏 曰 ﹐ 前 證 若 敗 血 傷 於 脾 胃 。 宜 用 前 方 。 若 飲 食 停 於 脾 。 宜 用 六 君 加 厚 朴 。 若 飲 食 傷 於 胃 。 宜 用 六 君 子 湯 大 凡 損 其 脾 者 當 節 其 飲 食 為 善 
 
 <marginalia> 
 <sf> 節 飲 食 者 損 谷 自 愈 之 理 </sf> 
 </marginalia> 
 
 一 產 婦 患 前 證 。 或 用 抵 當 湯 。 敗 血 已 下 前 證 益 甚 。 小 腹 重 墜 。 似 欲 去 後 。 余 謂 此 脾 氣 虛 而 下 陷 。 用 補 中 益 氣 湯 。 加 炮 薑 溫 補 脾 氣 。 血 墜 如 故 。 又 用 六 君 子 湯 而 安 。 
 
 <formula> 
 抵 聖 湯       治 產 後 腹 脹 滿 悶 。 嘔 吐 不 定 。 蓋 敗 血 入 於 脾 胃 。 而 脾 不 能 運 化 。 故 胃 不 能 納 穀 。 以 致 嘔 吐 。 腹 脹 等 症 <sf> 薛 氏 曰 此 方 最 宜 用 </sf> 
 赤 芍 藥     半 夏 <sf> 湯 泡 </sf>     澤 蘭 葉     陳 皮 <sf> 去 白 </sf>     人 參 <sf> 各 一 錢 </sf>     甘 草 <sf> 炙 五 分 </sf> 
 右 作 一 服 ﹐ 加 生 薑 三 片 水 煎 溫 服 ﹐ ○ 惡 露 過 多 者 。 去 澤 蘭 赤 芍 藥 ﹐ 倍 加 陳 皮 生 薑 </formula>
<marginalia> 
 <sf> 抵 當 湯 太 畯 似 非 產 後 所 宜 即 參 用 之 亦 不 得 已 也 如 下 後 重 墜 即 不 用 抵 當 亦 宜 升 補 
 
 此 方 亦 穩 當 即 半 夏 能 破 血 立 齊 曰 最 宜 以 其 有 和 胃 益 氣 之 物 也 </sf> 
 </marginalia> 
 </text></document>