<?xml version="1.0" encoding="UTF-8" standalone="yes" ?>
<document>
<header>
<doctitle>
 重訂濟陰綱目 
 </doctitle>
<volume>
 第四冊, 卷 8 
 </volume>
<author>
 武 之 望   (叔卿 ) 
</author>
<date>
 清雍正六年, 1728
 </date>
<currentpage>
 text 10a 
 </currentpage>
<first>
 jiyingkangmu v.4 text7 1a.xml
</first>
<last>
 jiyingkangmu v.4 text8 44b.xml 
</last>
<prev>
 jiyingkangmu v.4 text8 9b.xml 
</prev>
<next>
 jiyingkangmu v.4 text8 10b.xml 
</next>
<image>
 jiyingkangmu v.4 text8 10a.jpg 
</image>
</header><text>
右 &lt;x> 咀 。 以 酢 漿 一 斗 。 煮 取 三 升 分 四 服 。 先 日 服 。 七 日 後 服 一 劑 ○ 腰 痛 者 加 桑 寄 生 二 兩 <sf> 深 師 有 薤 白 二 兩 麻 子 一 升 </sf> 
<formula> 
 菊 花 湯         { 妊 } 娠 四 月 。 有 寒 。 心 下 慍 慍 欲 嘔 胸 膈 滿 。 不 欲 食 。 有 熱 。 小 便 難 。 數 數 如 淋 。 臍 下 苦 急 。 卒 風 寒 。 頸 項 強 痛 。 寒 熱 。 或 驚 動 身 軀 。 腰 背 腹 痛 。 往 來 有 時 。 胎 上 迫 胸 。 心 煩 不 得 安 。 卒 有 所 下 。 宜 服 此 。 
 菊 花 <sf> 雞 子 大 一 枚 </sf>         麥 門 冬 <sf> 一 升 </sf>         人 參 <sf> 一 兩 半 </sf>         甘 草         當 歸 <sf> 各 二 兩 </sf>         麻 黃         阿 膠 <sf> 各 二 兩 </sf>         半 夏 <sf> 四 兩 </sf>         生 薑 <sf> 五 兩 </sf>         大 棗 <sf> 十 二 枚 </sf> 
 </formula> 
 右 &lt;x> 咀 。 以 水 八 升 。 煮 減 半 。 內 清 酒 三 升 。 并 阿 膠 煎 。 取 三 升 。 分 三 服 溫 臥 當 汗 。 以 粉 粉 之 。 護 風 寒 四 五 日 。 ○ 一 方 用 烏 雌 雞 一 隻 煮 汁 煎 藥 
 <marginalia> 
 <sf> 有 寒 有 熱 卒 風 寒 或 驚 動 是 四 症 矣 而 以 一 方 治 之 何 耶 總 之 有 人 參 麥 門 歸 甘 等 藥 以 植 其 本 則 雖 有 雜 症 之 來 餘 藥 自 能 調 之 </sf> 
 </marginalia> 
 
<formula> 
 調 中 湯         若 曾 傷 四 月 胎 者 。 當 預 服 此 。 
 </formula></text></document>