<?xml version="1.0" encoding="UTF-8" standalone="yes" ?>
<document>
<header>
<doctitle>
 重訂濟陰綱目 
 </doctitle>
<volume>
 第四冊, 卷 8 
 </volume>
<author>
 武 之 望   (叔卿 ) 
</author>
<date>
 清雍正六年, 1728
 </date>
<currentpage>
 text 27b 
 </currentpage>
<first>
 jiyingkangmu v.4 text7 1a.xml
</first>
<last>
 jiyingkangmu v.4 text8 44b.xml 
</last>
<prev>
 jiyingkangmu v.4 text8 27a.xml 
</prev>
<next>
 jiyingkangmu v.4 text8 28a.xml 
</next>
<image>
 jiyingkangmu v.4 text8 27b.jpg 
</image>
</header><text>
<formula> 
 竹 葉 湯         治 { 妊 } 娠 心 驚 膽 怯 。 終 日 煩 悶 。 名 曰 子 煩 。 
 白 茯 苓 <sf> 三 錢 </sf>         麥 門 冬 <sf> 去 心 </sf>         防 風         黃 苓 <sf> 各 二 錢 </sf> 
 </formula> 
 右 作 一 服 。 加 竹 葉 十 片 。 水 煎 服 。 無 時 。 ○ 一 方 有 知 母 無 黃 苓 ○ 一 方 有 人 參 無 黃 苓 。 
 
 <formula> 
 知 母 飲         治 { 妊 } 娠 心 脾 壅 熱 。 咽 膈 渴 苦 。 煩 悶 多 驚 。 
 知 母         麥 門 冬 <sf> 去 心 </sf>         赤 茯 苓 <sf> 各 一 錢 半 </sf>         黃 苓         黃 蓍 <sf> 各 二 錢 </sf>       甘 草 <sf> 一 錢 </sf> 
 </formula> 
 右 作 一 服 。 水 二 鍾 。 入 桑 白 皮 半 錢 。 煎 至 一 鍾 。 再 入 竹 瀝 些 少 。 同 煎 一 二 沸 。 服 無 時 。 
 <marginalia> 
 <sf> 壅 熱 用 黃 &lt;x> 要 知 是 虛 非 實 </sf> 
 </marginalia> 
 
<formula> 
 犀 角 散         治 子 煩 
 犀 角 尖 <sf> 磨 水 時 入 </sf>         地 骨 皮         條 苓         麥 門 冬 <sf> 去 心 </sf>         甘 草 <sf> 五 分 </sf> 
 </formula></text></document>