<?xml version="1.0" encoding="UTF-8" standalone="yes" ?>
<document>
<header>
<doctitle>
 重訂濟陰綱目 
 </doctitle>
<volume>
 第四冊, 卷 8 
 </volume>
<author>
 武 之 望   (叔卿 ) 
</author>
<date>
 清雍正六年, 1728
 </date>
<currentpage>
 text 33a 
 </currentpage>
<first>
 jiyingkangmu v.4 text7 1a.xml
</first>
<last>
 jiyingkangmu v.4 text8 44b.xml 
</last>
<prev>
 jiyingkangmu v.4 text8 32b.xml 
</prev>
<next>
 jiyingkangmu v.4 text8 33b.xml 
</next>
<image>
 jiyingkangmu v.4 text8 33a.jpg 
</image>
</header><text>
<formula> 
 仲 景 附 子 湯         婦 人 懷 { 妊 } 六 七 月 。 脈 弦 。 發 熱 。 其 胎 愈 脹 腹 痛 惡 寒 者 。 少 腹 如 扇 。 所 以 然 者 。 子 臟 寒 故 也 。 當 以 此 湯 溫 其 臟 。 
 附 子 <sf> 二 枚 炮 去 皮 破 八 片 </sf>         白 朮 <sf> 四 兩 </sf>         茯 苓           芍 藥         人 參 <sf> 二 兩 </sf> 
 </formula> 
 右 五 味 。 以 水 八 升 煮 取 三 升 。 去 渣 。 溫 服 一 升 。 日 三 服 。 
 
 ○ 心 痛 
 大 全 云 { 妊 } 娠 心 痛 乃 風 邪 痰 飲 交 結 。 若 傷 心 正 經 。 為 真 心 痛 。 旦 發 夕 死 夕 發 旦 死 若 傷 心 支 絡 。 則 乍 安 乍 作 。 若 傷 於 子 藏 。 則 胎 動 而 血 下 。 
 
 薛 氏 曰 。 前 證 若 飲 食 所 傷 。 用 平 胃 散 。 加 枳 殼 山 查 。 若 因 錯 雜 諸 邪 。 當 審 其 因 而 治 之 。 
 
 一 { 妊 } 婦 心 痛 。 煩 熱 作 渴 。 用 白 朮 散 即 愈 。 後 因 停 食 。 其 痛 仍 作 。 腹 腹 。 
 </text></document>