<?xml version="1.0" encoding="UTF-8" standalone="yes" ?>
<document>
<header>
<doctitle>
 重訂濟陰綱目 
 </doctitle>
<volume>
 第六冊, 卷 11 
 </volume>
<author>
 武 之 望   (叔卿 ) 
</author>
<date>
 清雍正六年, 1728
 </date>
<currentpage>
 text 7b 
 </currentpage>
<first>
 jiyingkangmu v.6 text10 1a.xml
</first>
<last>
 jiyingkangmu v.6 text11 38b.xml
</last>
<prev>
 jiyingkangmu v.6 text11 7a.xml 
</prev>
<next>
 jiyingkangmu v.6 text11 8a.xml 
</next>
<image>
 jiyingkangmu v.6 text11 7b.jpg 
</image>
</header><text>
一 方 生 男 吞 小 豆 七 枚 生 女 吞 十 四 枚 即 出 
 一 方 浸 苧 水 濃 煮 飲 三 碗 立 下 
 一 方 取 產 母 鞋 底 炙 熱 慰 大 小 腹 上 下 二 七 次 
 一 方 取 初 洗 兒 湯 服 下 一 盞 勿 令 產 母 知 
 一 方 &lt;x> &lt;x> 實 一 個 取 子 研 細 用 酒 童 便 各 半 盞 相 和 煎 至 七 分 去 滓 溫 服 如 <sf> 無 實 根 亦 可 </sf> 
 一 方 紅 花 一 兩 酒 煮 濃 汁 服 
 一 方 以 鹿 角 鎊 為 屑 研 細 三 分 煮 <cf> &#33905; </cf> 白 湯 調 下 
 一 方 凡 欲 產 時 。 必 先 脫 常 所 著 衣 以 籠 &lt;x> 。 胞 衣 自 下 。 仍 易 產 。 
 一 方 取 夫 單 衣 蓋 井 上 立 出 
 ○ 血 暈 <sf> 厥 逆 附 </sf> 
 </text></document>