<?xml version="1.0" encoding="UTF-8" standalone="yes" ?>
<document>
<header>
<doctitle>
 重訂濟陰綱目 
 </doctitle>
<volume>
 第五冊, 卷 9 
 </volume>
<author>
 武 之 望   (叔卿 ) 
</author>
<date>
 清雍正六年, 1728
 </date>
<currentpage>
 text 30a 
 </currentpage>
<first>
 jiyingkangmu v.5 text9 1a.xml
</first>
<last>
 jiyingkangmu v.5 text9 51b.xml
</last>
<prev>
 jiyingkangmu v.5 text9 29b.xml 
</prev>
<next>
 jiyingkangmu v.5 text9 30b.xml 
</next>
<image>
 jiyingkangmu v.5 text9 30a.jpg 
</image>
</header><text>
<formula> 
 冬 葵 子 散         治 孕 婦 轉 胞 。 小 便 不 通 。 及 男 子 小 便 不 通 皆 效 。 
 冬 葵 子         山 梔 子 <sf> 炒 </sf>         滑 石 <sf> 各 半 兩 </sf>         木 通 <sf> 三 錢 </sf> 
 </formula> 
 右 剉 一 劑 。 水 煎 。 空 心 溫 服 。 外 以 冬 葵 子 滑 石 梔 子 為 末 。 田 螺 肉 搗 膏 。 或 <cf> &#33905; </cf> 汁 調 膏 。 貼 臍 中 立 通 。 
 
 <formula> 
 全 生 茯 苓 散         治 { 妊 } 娠 小 便 不 通 。 
 赤 茯 苓         冬 葵 子 <sf> 各 等 分 </sf> 
 </formula> 
 右 &lt;x> 咀 每 服 五 錢 。 水 煎 空 心 服 。 ○ 濟 生 方 。 加 髮 灰 少 許 極 效 。 
 
 <formula> 
 葵 榆 湯         治 { 妊 } 娠 小 便 不 通 。 臍 下 妨 悶 。 心 神 煩 亂 。 
 葵 子 研         榆 白 皮 <sf> 切 各 一 兩 </sf> 
 </formula> 
 右 水 煎 。 分 三 服 。 
 
 <formula> 
 獨 聖 散         治 { 妊 } 娠 小 便 不 通 。 
 </formula></text></document>