<?xml version="1.0" encoding="UTF-8" standalone="yes" ?>
<document>
<header>
<doctitle>
 重訂濟陰綱目 
 </doctitle>
<volume>
 第二冊, 卷 2 
 </volume>
<author>
 武 之 望   (叔卿 ) 
</author>
<date>
 清雍正六年, 1728
 </date>
<currentpage>
 text 30b 
 </currentpage>
<first>
 jiyingkangmu v.2 text2 1a.xml
</first>
<last>
 jiyingkangmu v.2 text3 26b.xml 
</last>
<prev>
 jiyingkangmu v.2 text2 30a.xml 
</prev>
<next>
 jiyingkangmu v.2 text2 31a.xml 
</next>
<image>
 jiyingkangmu v.2 text2 30b.jpg 
</image>
</header><text>
<formula>縮 砂 不 拘 多 少 。 於 新 瓦 上 炒 香 為 細 末 米 飲 調 下 三 錢 。 
 </formula> 
 
 <formula> 
 加 減 四 物 湯         治 室 女 二 七 天 癸 至 。 亦 有 當 時 未 至 。 而 後 至 者 。 亦 有 卒 然 暴 下 。 淋 瀝 不 止 。 有 若 崩 漏 者 。 失 血 過 多 。 變 生 諸 證 。 悉 宜 服 之 。 
 四 物 湯 <sf> 四 錢 </sf>         香 附 子 <sf> 炒 去 毛 一 錢 半 </sf></formula>
 右 加 生 薑 五 片 水 煎 食 前 服 ○ 如 血 色 鮮 而 不 止 者 。 去 熟 地 黃 加 生 地 黃 
 <marginalia> 
 <sf> 去 熟 加 生 可 不 思 之 </sf> 
 </marginalia> 
 
 治 崩 漏 虛 寒 
 <formula> 
 丁 香 膠 艾 湯         治 崩 漏 不 止 。 蓋 心 氣 不 足 。 勞 役 及 飲 食 不 節 所 得 。 經 隔 少 時 。 其 <cf> &#33033; </cf> 兩 尺 俱 弦 緊 而 洪 。 按 之 無 力 。 其 證 自 覺 臍 下 如 水 。 求 厚 衣 被 以 御 其 寒 。 白 帶 白 滑 之 物 雖 多 。 間 下 如 屋 漏 水 。 下 
 <marginalia> 
 <sf> 東 垣 所 論 <cf> &#33033; </cf> 證 必 析 宜 宗 之 </sf> 
 </marginalia> 
 </formula></text></document>