<?xml version="1.0" encoding="UTF-8" standalone="yes" ?>
<document>
<header>
<doctitle>
 重訂濟陰綱目 
 </doctitle>
<volume>
 第四冊, 卷 7 
 </volume>
<author>
 武 之 望   (叔卿 ) 
</author>
<date>
 清雍正六年, 1728
 </date>
<currentpage>
 text 18b 
 </currentpage>
<first>
 jiyingkangmu v.4 text7 1a.xml
</first>
<last>
 jiyingkangmu v.4 text8 44b.xml 
</last>
<prev>
 jiyingkangmu v.4 text7 18a.xml 
</prev>
<next>
 jiyingkangmu v.4 text7 19a.xml 
</next>
<image>
 jiyingkangmu v.4 text7 18b.jpg 
</image>
</header><text>
治 交 接 血 作 痛 
 <formula> 
 千 金 方         治 女 人 交 接 出 血 
 桂 心         伏 龍 肝 <sf> 各 五 錢 </sf> 
 </formula> 
 右 為 末 。 酒 服 方 寸 七 瘥 止 
 
 <formula> 
 又 方         黃 連 <sf> 六 分 </sf>         牛 膝         甘 草 <sf> 各 四 分 每 一 分 二 錢 半 也 </sf> 
 </formula> 
 右 細 切 。 以 水 四 升 煮 取 二 升 洗 日 三 四 度 瘥 。 
 
 <formula> 
 又 方         亂 髮         青 皮         二 味 燒 灰 敷 之 。 </formula> <marginalia> 
 <sf> 溫 養 其 陰 則 陽 舒 而 受 矣 蓋 寒 則 氣 閉 故 致 傷 焉 </sf> 
 </marginalia> 
 
<formula> 
 又 方         用 熟 艾 緊 裹 一 團 然 後 以 綿 裹 內 陰 中 
 </formula> 
 
 <formula> 
 集 驗 方         療 女 人 交 接 。 陽 道 違 理 。 及 他 物 所 傷 犯 。 血 流 瀝 不 止 者 。 取 釜 底 墨 斷 葫 蘆 塗 藥 內 之 。 
 </formula> 
 
 <formula> 
 又 方         療 女 童 交 接 。 陽 道 違 理 。 血 出 不 止 。 用 燒 髮 并 青 布 末 。 為 粉 
 <marginalia> 
 <sf> 以 何 物 調 塗 之 </sf> 
 </marginalia> 
 </formula></text></document>