<?xml version="1.0" encoding="UTF-8" standalone="yes" ?>
<document>
<header>
<doctitle>
 重訂濟陰綱目 
 </doctitle>
<volume>
 第七冊, 卷 12 
 </volume>
<author>
 武 之 望   (叔卿 ) 
</author>
<date>
 清雍正六年, 1728
 </date>
<currentpage>
 text 20a 
 </currentpage>
<first>
 jiyingkangmu v.7 text12 1a.xml
</first>
<last>
 jiyingkangmu v.7 text13 46b.xml
</last>
<prev>
 jiyingkangmu v.7 text12 19b.xml 
</prev>
<next>
 jiyingkangmu v.7 text12 20b.xml 
</next>
<image>
 jiyingkangmu v.7 text12 20a.jpg 
</image>
</header><text>
服 
 
 <formula> 
 抱 膽 丸     治 產 後 過 驚 發 狂 。 或 遇 經 行 發 狂 。 
 
 水 銀 <sf> 二 兩 </sf>     黑 鈆 <sf> 一 兩 五 錢 </sf>     硃 砂 <sf> 一 兩 細 研 </sf>     乳 香 <sf> 一 兩 細 研 </sf> 
 </formula> 
 
 右 將 黑 鈆 入 銚 內 。 火 鎔 開 。 下 水 銀 。 攪 結 成 砂 子 。 下 硃 砂 。 乳 香 。 乘 熱 用 梆 子 槌 。 研 勻 。 丸 如 雞 頭 實 大 。 每 服 一 丸 。 空 心 薄 荷 湯 下 。 得 睡 勿 驚 覺 覺 來 即 安       ○ 妙 香 散 亦 善 
 
 <marginalia> 
 <sf> 人 之 神 以 心 為 宅 水 銀 之 液 以 硃 砂 為 宅 硃 之 色 通 乎 心 水 銀 之 液 通 乎 神 神 以 妙 應 &lt;x> 方 銀 以 圓 通 不 滯 二 者 皆 萬 劫 不 衰 故 以 類 從 焉 然 心 火 之 下 陰 精 承 之 則 安 水 銀 之 流 真 鈆 制 之 則 定 所 以 者 皆 以 真 水 制 真 火 也 本 方 以 乳 香 通 心 氣 硃 砂 養 心 血 鈆 永 交 心 腎 于 頃 刻 而 引 神 歸 舍 神 歸 則 睡 安 矣 </sf> 
 </marginalia>
<formula> 
 辰 砂 遠 志 丸     治 產 後 中 風 。 驚 狂 起 臥 不 安 。 或 痰 涎 上 湧 。 
 石 菖 蒲     遠 志 <sf> 去 心 </sf>     人 參     茯 神 <sf> 去 木 </sf>     辰 砂 <sf> 各 三 錢 </sf>     川 芎     山 藥     鐵 粉     細 辛     麥 門 冬 <sf> 去 心 </sf>     大 麻     半 夏 <sf> 湯 泡 </sf>     南 星     白 附 子 <sf> 各 一 兩 </sf> 
 </formula> 
 
 右 為 末 。 薑 汁 煮 糊 丸 。 如 { 綠 } 豆 大 。 別 以 硃 砂 為 衣 。 每 服 三 十 丸 。 臨 
 </text></document>