<?xml version="1.0" encoding="UTF-8" standalone="yes" ?>
<document>
<header>
<doctitle>
 重訂濟陰綱目 
 </doctitle>
<volume>
 第八冊, 卷 14 
 </volume>
<author>
 武 之 望   (叔卿 ) 
</author>
<date>
 清雍正六年, 1728
 </date>
<currentpage>
 text 15  16a 
 </currentpage>
<first>
 jiyingkangmu v.8 text14 1a.xml
</first>
<last>
 bao sheng sui shi 9b.xml
</last>
<prev>
 jiyingkangmu v.8 text14 14b.xml 
</prev>
<next>
 jiyingkangmu v.8 text14 15&amp;16b.xml 
</next>
<image>
 jiyingkangmu v.8 text14 15&amp;16a.jpg 
</image>
</header><text>
<formula> 
 張 氏 方     療 產 後 小 便 不 通 。 淋 悶 。 
 陳 皮 一 兩 。 去 白 為 末 。 空 心 溫 酒 調 下 二 錢 。 一 服 便 通 。 </formula> 
 
 <marginalia> 
 <sf> 小 腸 氣 道 也 肝 主 之 陳 皮 杏 仁 皆 利 氣 藥 故 有 驗 </sf> 
 </marginalia>
<formula> 
 療 卒 不 得 小 便 方 
 杏 仁 十 四 枚 。 去 皮 尖 炒 為 末 。 和 飲 頓 服 。 </formula> 
 
 <formula> 
 炙 臍 法     治 產 後 小 便 不 通 。 腹 脹 如 &lt;x> 。 悶 亂 不 醒 。 蓋 緣 未 產 之 前 。 內 積 冷 氣 。 遂 致 產 時 尿 胞 運 動 不 順 。 
 用 鹽 填 臍 中 。 { 卻 } 以 <cf> &#33905; </cf> 白 剝 去 麤 皮 。 十 餘 根 作 一 縛 。 切 一 指 厚 安 鹽 上 。 用 大 艾 炷 滿 <cf> &#33905; </cf> 餅 上 。 以 火 炙 之 。 覺 熱 氣 入 腹 內 。 即 時 便 通 神 驗 。 </formula>
<marginalia> 
 <sf> 積 冷 者 用 此 所 謂 氣 化 則 能 出 矣 </sf> 
 </marginalia> 
 
 ○ 小 便 數 
 大 全 云 ﹐ 夫 產 後 小 便 數 者 。 乃 氣 虛 不 能 制 故 也 。 
 </text></document>