<?xml version="1.0" encoding="UTF-8" standalone="yes" ?>
<document>
<header>
<doctitle>
 重訂濟陰綱目 
 </doctitle>
<volume>
 第一冊, 卷 1 
 </volume>
<author>
 武 之 望   (叔卿 ) 
</author>
<date>
 清雍正六年, 1728
 </date>
<currentpage>
 text 19a 
 </currentpage>
<first>
 jiyingkangmu v.1 tp.xml
</first>
<last>
 jiyingkangmu v.1 text1 38b.xml 
</last>
<prev>
 jiyingkangmu v.1 text1 18b.xml 
</prev>
<next>
 jiyingkangmu v.1 text1 19b.xml 
</next>
<image>
 jiyingkangmu v.1 text1 19a.jpg 
</image>
</header><text>
<marginalia> 
 <sf> 不 可 據 信 也 </sf> 
 </marginalia> 
 
 若 寒 熱 { 往 } 來 加 炮 乾 薑 <sf> 同 寒 然 而 乾 姜 炮 姜 不 同 何 故 </sf> 牡 丹 皮 <sf> 各 二 分 半 </sf> 
 
 若 平 常 些 少 虛 肐 肢 體 瘦 倦 。 月 信 不 通 只 用 生 &#23004; 薄 荷 <sf> 以 專 須 通 <cf> &#23004; </cf> 于 內 以 薄 荷 散 濟 于 外 </sf> 此 是 婦 人 常 服 之 藥 。 蓋 味 寡 而 性 緩 。 效 遲 而 功 深 。 
 <marginalia> 
 <sf> 意 延 散 以 薄 荷 為 引 即 此 意 </sf> 
 </marginalia> 
 
 若 大 渴 。 加 知 母 石 膏 
 
 若 水 停 心 下 微 吐 逆 者 加 <cf> &#64022; </cf> 苓 茯 苓 防 已 。 
 
 若 心 腹 脹 滿 。 加 枳 殼 青 皮 
 
 虛 汗 加 麻 黃 根 。 <sf> 引 回 陷 陰 </sf> 
 
 汗 多 。 加 浮 麥 。 <sf> 歛 氣 養 心 </sf> 
 
 腸 風 下 血 。 加 槐 角 槐 花 枳 殼 荊 芥 黃 苓 大 腹 皮 。 紅 內 消 地 梅 石 楠 藤 白 雞 冠 花 為 散 煎 。 一 半 為 末 。 空 心 鹽 湯 。 舊 酒 調 下 。 <sf> 新 酒 有 毒 故 用 陳 者 </sf> 
 
 鼻 { 衄 } 吐 血 加 竹 青 蒲 黃 藕 節 半 夏 丁 香 訶 子 桂 花 紅 棗 飛 羅 麵 白 
 <marginalia> 
 <sf> 槐 花 桂 心 也 槐 與 一 半 以 治 吐 { 衄 } 今 人 難 知 古 法 多 </sf> 
 </marginalia> 
 </text></document>