<?xml version="1.0" encoding="UTF-8" standalone="yes" ?>
<document>
<header>
<doctitle>
 重訂濟陰綱目 
 </doctitle>
<volume>
 第二冊, 卷 3 
 </volume>
<author>
 武 之 望   (叔卿 ) 
</author>
<date>
 清雍正六年, 1728
 </date>
<currentpage>
 text 21a 
 </currentpage>
<first>
 jiyingkangmu v.2 text2 1a.xml
</first>
<last>
 jiyingkangmu v.2 text3 26b.xml 
</last>
<prev>
 jiyingkangmu v.2 text3 20b.xml 
</prev>
<next>
 jiyingkangmu v.2 text3 21b.xml 
</next>
<image>
 jiyingkangmu v.2 text3 21a.jpg 
</image>
</header><text>
<marginalia> 
 <sf> 氣 中 行 血 所 謂 氣 行 血 流 自 無 病 也 
 夫 醫 者 意 也 凡 風 寒 由 外 而 襲 內 以 至 下 焦 生 寒 証 者 以 此 方 薰 而 散 之 所 謂 摩 之 浴 之 開 之 發 之 也 
 此 茱 萸 湯 至 下 四 方 皆 外 治 法 于 上 熱 下 寒 難 服 溫 補 之 藥 者 宜 之 蓋 以 人 功 挽 回 造 化 今 罕 知 此 亦 有 病 者 不 能 言 </sf> 
 </marginalia>
<formula> 
 坐 藥 龍 鹽 膏         治 帶 下 
 玄 胡 索 <sf> 五 錢 </sf>         厚 朴 <sf> 二 錢 </sf>         當 歸         茴 香         炒 黃 鹽         酒 防 己         肉 桂         紅 豆         龍 骨 <sf> 各 二 錢 </sf>         川 烏 頭 <sf> 炮 </sf>         丁 香         木 香 <sf> 各 一 錢 五 分 </sf>         良 薑         木 通 <sf> 各 一 錢 </sf>         全 <cf> &#34638; </cf> <sf> 三 枚 </sf>         枯 礬 <sf> 五 分 </sf> 
 </formula> 
 右 為 末 煉 蜜 丸 <cf> &#24377; </cf> 子 大 。 綿 裹 留 絲 在 外 納 陰 戶 內 。 
 
 <formula> 
 勝 陰 丹           為 上 藥 力 小 。 再 加 三 錢 。 內 加 行 性 熱 藥 。 
 羌 活         柴 胡 <sf> 各 二 錢 </sf>         大 蒜 <sf> 一 錢 </sf>         破 故 紙 <sf> 與 蒜 同 焙 一 錢 </sf>         三 奈 子         川 烏 頭         大 椒 <sf> 各 一 分 </sf>         甘 松 <sf> 三 分 </sf>         升 麻         枯 白 礬 <sf> 各 二 分 </sf>         全 <cf> &#34638; </cf> <sf> 三 個 </sf>         麝 香 <sf> 少 許 </sf> 
 </formula> 
 右 為 細 末 。 同 前 法 製 用 
 
 <formula> 
 回 陽 丹 
 </formula></text></document>