<?xml version="1.0" encoding="UTF-8" standalone="yes" ?>
<document>
<header>
<doctitle>
 重訂濟陰綱目 
 </doctitle>
<volume>
 第三冊, 卷 6 
 </volume>
<author>
 武 之 望   (叔卿 ) 
</author>
<date>
 清雍正六年, 1728
 </date>
<currentpage>
 text 2b 
 </currentpage>
<first>
 jiyingkangmu v.3 text4 1a.xml
</first>
<last>
 jiyingkangmu v.3 text6 26b.xml 
</last>
<prev>
 jiyingkangmu v.3 text6 2a.xml 
</prev>
<next>
 jiyingkangmu v.3 text6 3a.xml 
</next>
<image>
 jiyingkangmu v.3 text6 2b.jpg 
</image>
</header><text>
紫 石 英 之 類 是 也 。 直 至 積 去 滯 行 虛 回 。 然 後 氣 血 和 平 能 孕 子 也 。 予 每 治 經 不 調 者 。 只 一 味 香 附 末 。 醋 為 丸 服 之 。 亦 百 發 百 中 也 。 
 <marginalia> 
 <sf> 回 則 新 生 之 氣 不 鼓 一 味 香 附 有 去 舊 生 新 之 妙 </sf> 
 </marginalia> 
 
 ○ 論 求 子 貴 養 精 血 
 袁 了 凡 先 生 云 。 聚 精 之 道 。 一 曰 寡 慾 。 二 曰 節 勞 。 三 曰 息 怒 。 四 曰 戒 酒 。 五 曰 慎 味 。 今 之 談 養 生 者 。 多 言 採 陰 補 陽 。 久 戰 不 泄 。 
 <marginalia> 
 <sf> 此 五 者 非 特 求 子 者 之 良 藥 亦 可 為 攝 生 者 之 真 方 </sf> 
 </marginalia> 
 此 為 大 謬 。 腎 為 精 之 府 。 凡 男 女 交 接 。 必 擾 其 腎 。 腎 動 則 精 血 隨 之 而 流 。 外 雖 不 泄 。 精 已 離 宮 。 未 能 堅 忍 者 。 亦 必 有 真 精 數 點 。 隨 陽 之 痿 而 溢 出 。 此 其 驗 也 。 如 火 之 有 <cf> &#28895; </cf> 焰 。 豈 有 復 反 於 薪 者 哉 。 是 故 貴 寡 慾 。 精 成 於 血 。 不 獨 房 勞 之 交 。 損 吾 之 精 。 凡 日 用 損 血 之 事 。 皆 當 深 戒 。 如 目 勞 於 視 。 則 血 於 視 耗 。 耳 勞 於 聽 。 則 血 以 聽 耗 。 心 勞 於 思 。 則 血 於 思 耗 。 吾 隨 事 而 節 之 。 則 血 得 其 養 。 而 與 日 俱 積 矣 。 是 故 貴 節 勞 主 閉 。 
 </text></document>