<?xml version="1.0" encoding="UTF-8" standalone="yes" ?>
<document>
<header>
<doctitle>
 重訂濟陰綱目 
 </doctitle>
<volume>
 第二冊, 卷 3 
 </volume>
<author>
 武 之 望   (叔卿 ) 
</author>
<date>
 清雍正六年, 1728
 </date>
<currentpage>
 text 9b 
 </currentpage>
<first>
 jiyingkangmu v.2 text2 1a.xml
</first>
<last>
 jiyingkangmu v.2 text3 26b.xml 
</last>
<prev>
 jiyingkangmu v.2 text3 9a.xml 
</prev>
<next>
 jiyingkangmu v.2 text3 10a.xml 
</next>
<image>
 jiyingkangmu v.2 text3 9b.jpg 
</image>
</header><text>
數 則 為 陰 中 痒 。 痛 則 生 瘡 。 弦 則 陰 中 掣 痛 。 ○ 婦 人 帶 下 。 <cf> &#33033; </cf> 浮 惡 寒 者 不 治 。 
 <marginalia> 
 <sf> 帶 下 不 治 症 </sf> 
 </marginalia> 
 
 ○ 治 濕 熱 帶 下 
 <formula> 
 清 白 散         治 白 帶 
 當 歸         川 芎         白 芍 藥 <sf> 炒 </sf>         生 地 黃         黃 柏 <sf> <cf> &#30416; </cf> 水 炒 </sf>         樗 根 皮 <sf> 酒 炒 </sf>         貝 母 <sf> 各 一 錢 </sf>         乾 薑 <sf> 炒 黑 </sf>         甘 草 <sf> 各 五 分 </sf> 
 </formula> 
 右 剉 加 生 薑 三 片 水 煎 ○ 肥 白 人 多 濕 痰 。 加 白 朮 半 夏 。 ○ 赤 帶 加 酒 炒 條 苓 荊 芥 。 ○ 久 下 。 加 熟 地 黃 牡 蠣 。 ○ 氣 虛 。 加 人 參 黃 &lt;x> 。 ○ 腰 腿 酸 痛 。 加 鹿 角 膠 。 或 只 以 二 陳 湯 。 加 蒼 白 朮 。 ○ 如 升 膀 胱 之 濕 。 加 升 麻 柴 胡 蒼 白 朮 。 
 <marginalia> 
 <sf> { 得 } 丹 溪 法 然 配 四 物 似 與 瘦 人 有 火 者 相 宜 
 黃 柏 清 小 焦 之 熱 樗 皮 燥 下 部 之 濕 乾 姜 從 火 甘 草 和 中 若 貝 母 者 必 有 所 兼 症 也 
 非 升 膀 胱 之 濕 <cf> &#30422; </cf> 氣 陷 之 濕 也 </sf> 
 </marginalia> 
 
<formula> 
 解 帶 散         治 血 氣 不 調 。 濕 熱 白 帶 。 四 肢 倦 怠 。 五 心 煩 熱 。 痰 &lt;?> &lt;?> 雜 。 
 </formula></text></document>