<?xml version="1.0" encoding="UTF-8" standalone="yes" ?>
<document>
<header>
<doctitle>
 重訂濟陰綱目 
 </doctitle>
<volume>
 第一冊 
 </volume>
<author>
 武 之 望   (叔卿 ) 
</author>
<date>
 清雍正六年, 1728
 </date>
<currentpage>
 table of contents 6a 
 </currentpage>
<first>
 jiyingkangmu v.1 tp.xml
</first>
<last>
 jiyingkangmu v.1 text1 38b.xml 
</last>
<prev>
 jiyingkangmu v.1 table of contents 5b.xml 
</prev>
<next>
 jiyingkangmu v.1 table of contents 6b.xml 
</next>
<image>
 jiyingkangmu v.1 table of contents 6a.jpg 
</image>
</header><text>
治 崩 漏 血 瘀 昏 暈 疼 痛 等 證 方 
 五 靈 脂 散 <sf> 治 血 崩 不 止 昏 暈 不 省 附 八 法 </sf> 
 香 附 子 散 <sf> 治 血 崩 五 色 不 止 併 治 產 後 小 產 腹 痛 血 不 止 是 婦 人 仙 藥 </sf> 
 煮 附 丸 <sf> 治 崩 漏 帶 下 積 聚 &lt;x> 痛 方 見 調 經 疼 痛 門 </sf> 
 備 金 散 <sf> 治 血 崩 不 止 </sf> 
 如 神 散 <sf> 治 血 崩 赤 白 帶 下 </sf> 
 立 效 散 <sf> 治 血 崩 臍 腹 下 痛 </sf> 
 一 方 <sf> 同 前 </sf> 
 縮 砂 散 <sf> 治 血 崩 </sf> 
 加 減 四 物 湯 <sf> 治 天 癸 至 或 後 至 卒 暴 淋 瀝 不 止 若 崩 者 或 過 多 變 生 諸 症 者 悉 宜 </sf> 
 
 治 崩 漏 虛 寒 方 
 丁 香 膠 艾 湯 <sf> 治 心 氣 不 足 飲 食 不 節 崩 漏 不 止 尺 <cf> &#33033; </cf> 弦 緊 而 洪 按 之 無 力 者 </sf> 
 芎 藭 湯 <sf> 治 風 寒 冷 熱 勞 損 衝 任 月 水 不 調 崩 中 暴 下 腰 重 裏 急 虛 羸 腹 痛 及 胎 動 </sf> 
 斷 下 湯 <sf> 治 衝 任 氣 虛 崩 漏 不 調 每 月 候 將 來 臍 腹 腰 腳 先 痛 食 減 乏 力 </sf> 
 加 味 四 物 湯 <sf> 治 崩 漏 </sf> 
 熟 附 丸 <sf> 溫 { 澀 } 之 劑 </sf> 
 </text></document>