<?xml version="1.0" encoding="UTF-8" standalone="yes" ?>
<document>
<header>
<doctitle>
 重訂濟陰綱目 
 </doctitle>
<volume>
 第五冊, 卷 9 
 </volume>
<author>
 武 之 望   (叔卿 ) 
</author>
<date>
 清雍正六年, 1728
 </date>
<currentpage>
 text 26a 
 </currentpage>
<first>
 jiyingkangmu v.5 text9 1a.xml
</first>
<last>
 jiyingkangmu v.5 text9 51b.xml
</last>
<prev>
 jiyingkangmu v.5 text9 25b.xml 
</prev>
<next>
 jiyingkangmu v.5 text9 26b.xml 
</next>
<image>
 jiyingkangmu v.5 text9 26a.jpg 
</image>
</header><text>
亞 卿 李 浦 汀 。 側 室 { 妊 } 娠 。 大 小 便 不 利 。 或 用 降 火 理 氣 之 劑 。 元 氣 反 虛 。 肝 脈 弦 急 。 脾 脈 遲 滯 。 視 其 面 色 。 青 黃 不 澤 。 余 曰 此 鬱 怒 所 致 也 。 用 加 味 歸 脾 湯 為 主 。 佐 以 加 味 逍 遙 散 而 安 。 
 
 主 政 王 天 成 之 內 。 { 妊 } 娠 痢 疾 愈 後 。 二 便 不 通 。 其 家 世 醫 。 自 用 清 熱 之 劑 未 效 。 余 診 其 脈 。 浮 大 而 濇 。 此 氣 血 虛 也 。 朝 用 八 珍 湯 。 加 桃 仁 杏 仁 。 夕 用 加 味 逍 遙 。 加 車 前 子 而 痊 。 
 
 <formula> 
 大 腹 皮 散         治 { 妊 } 娠 大 小 便 不 通 。 
 大 腹 皮         赤 茯 苓         枳 殼 <sf> 麩 炒 各 一 兩 </sf>         甘 草 <sf> 炙 一 錢 </sf> 
 </formula> 
 右 為 細 末 。 每 服 二 錢 。 濃 煎 <cf> &#33905; </cf> 白 湯 調 下 。 ○ 一 方 剉 作 散 入 郁 李 仁 去 皮 尖 一 錢 半 。 水 煎 空 心 連 服 。 以 通 為 度 。 如 不 通 。 必 六 腑 熱 秘 。 用 枳 殼 炒 一 錢 半 。 大 黃 炮 二 錢 。 甘 草 炙 一 錢 。 研 為 細 末 。 作 三 
 </text></document>