<?xml version="1.0" encoding="UTF-8" standalone="yes" ?>
<document>
<header>
<doctitle>
 重訂濟陰綱目 
 </doctitle>
<volume>
 第七冊, 卷 13 
 </volume>
<author>
 武 之 望   (叔卿 ) 
</author>
<date>
 清雍正六年, 1728
 </date>
<currentpage>
 text 6b 
 </currentpage>
<first>
 jiyingkangmu v.7 text12 1a.xml
</first>
<last>
 jiyingkangmu v.7 text13 46b.xml
</last>
<prev>
 jiyingkangmu v.7 text13 6a.xml 
</prev>
<next>
 jiyingkangmu v.7 text13 7a.xml 
</next>
<image>
 jiyingkangmu v.7 text13 6b.jpg 
</image>
</header><text>
<formula>黃 芩     麥 門 冬 <sf> 各 等 分 </sf> 
 
 右 &lt;x> 咀 ﹐ 每 服 三 錢 ﹐ 水 一 盞 ﹐ 煎 八 分 ﹐ 溫 服 無 時 ﹐ 
 </formula> 
 
 <formula> 
 當 歸 補 血 湯     治 產 後 血 脫 煩 躁 引 飲 。 晝 夜 不 息 。 脈 洪 大 而 虛 。 重 按 全 無 者 。 
 當 歸 <sf> 二 錢 </sf>     黃 蓍 <sf> 炙 一 兩 </sf> 
 右 剉 ﹐ 作 一 服 ﹐ 水 煎 服 ﹐  </formula> 
 <marginalia> 
 <sf> 原 東 垣 治 脫 血 方 也 移 之 以 治 產 後 煩 渴 非 有 見 者 不 能 
 
 以 下 三 方 一 清 心 一 涼 血 一 生 血 如 一 山 一 水 一 琴 一 &lt;x> [ 瑟 ] 各 得 其 趣 </sf> 
 </marginalia>
<formula> 
 一 方     療 血 渴 及 產 後 渴 。 
 用 蓮 子 心 取 為 細 末 ﹐ 米 飲 調 下 二 錢 { 效 } ﹐ 
 一 方     治 產 後 出 血 太 多 ﹐ 虛 煩 發 渴 。 
 用 真 正 蒲 黃 末 二 錢 ﹐ 白 湯 調 下 ﹐ 如 渴 燥 甚 ﹐ 井 花 水 下     
 一 方     治 產 後 中 風 煩 渴 。 
 </formula></text></document>