<?xml version="1.0" encoding="UTF-8" standalone="yes" ?>
<document>
<header>
<doctitle>
 重訂濟陰綱目 
 </doctitle>
<volume>
 第七冊, 卷 13 
 </volume>
<author>
 武 之 望   (叔卿 ) 
</author>
<date>
 清雍正六年, 1728
 </date>
<currentpage>
 text 8b 
 </currentpage>
<first>
 jiyingkangmu v.7 text12 1a.xml
</first>
<last>
 jiyingkangmu v.7 text13 46b.xml
</last>
<prev>
 jiyingkangmu v.7 text13 8a.xml 
</prev>
<next>
 jiyingkangmu v.7 text13 9a.xml 
</next>
<image>
 jiyingkangmu v.7 text13 8b.jpg 
</image>
</header><text>
<formula>人 參     甘 草 <sf> 炙 各 等 分 </sf> 
 
 右 剉 每 服 四 錢 ﹐ 水 煎 服  </formula> 
 <marginalia> 
 <sf> 耳 非 從 陽 引 陰 歸 根 之 意 乎 要 知 用 藥 自 有 至 理 </sf> 
 </marginalia>
<formula> 
 止 汗 散     治 產 後 盜 汗 不 止 。 一 應 汗 多 者 。 皆 可 服 
 牡 蠣 <sf> 煆 成 粉 </sf>     小 麥 麩 <sf> 炒 令 黃 色 碾 成 粉 各 等 分 </sf> 
 右 和 勻 ﹐ 煮 生 豬 肉 汁 調 下 二 錢 ﹐ 無 時  </formula>
<marginalia> 
 <sf> 小 麥 生 于 陽 至 成 于 陰 至 內 陽 而 外 陰 也 今 用 其 麩 亦 用 其 陽 中 陰 耳 且 汗 為 心 液 而 小 麥 養 心 用 其 麩 斂 液 心 也 又 腎 之 液 入 心 為 汗 而 豬 水 畜 也 調 以 肉 汁 能 不 又 歸 之 腎 乎 服 無 時 者 以 此 藥 力 緩 功 遲 宜 頻 服 多 &lt;?>   耳 </sf> 
 </marginalia>
<formula> 
 當 歸 二 黃 湯     治 產 後 自 汗 盜 汗 胃 氣 虛 弱 。 服 別 藥 則 嘔 吐 不 能 入 。 
 當 歸     黃 蓍 <sf> 各 一 兩 </sf>     麻 黃 根 <sf> 半 兩 </sf> 
 右 &lt;x> 咀 ﹐ 每 服 三 錢 ﹐ 水 煎 服 ﹐ ○ 一 方 無 麻 黃 根 用 白 芍 藥 ﹐  </formula>
<marginalia> 
 <sf> 麻 黃 根 引 陽 歸 </sf> 
 </marginalia>
<formula> 
 當 歸 六 黃 湯     治 血 氣 虛 熱 盜 汗 不 止 ﹐ 
 當 歸     黃 蓍 <sf> 炒 </sf>     熟 地 黃 <sf> 各 二 錢 </sf>     生 地 黃     黃 蘗 <sf> 炒 黑 </sf>     黃 芩 <sf> 炒 黑 </sf>     黃 連 <sf> 炒 黑 各 一 錢 </sf> 
 </formula></text></document>