<?xml version="1.0" encoding="UTF-8" standalone="yes" ?>
<document>
<header>
<doctitle>
 重訂濟陰綱目 
 </doctitle>
<volume>
 第五冊, 卷 9 
 </volume>
<author>
 武 之 望   (叔卿 ) 
</author>
<date>
 清雍正六年, 1728
 </date>
<currentpage>
 text 38b 
 </currentpage>
<first>
 jiyingkangmu v.5 text9 1a.xml
</first>
<last>
 jiyingkangmu v.5 text9 51b.xml
</last>
<prev>
 jiyingkangmu v.5 text9 38a.xml 
</prev>
<next>
 jiyingkangmu v.5 text9 39a.xml 
</next>
<image>
 jiyingkangmu v.5 text9 38b.jpg 
</image>
</header><text>
<formula> 
 桂 心 散         治 { 妊 } 娠 因 病 。 胎 不 能 安 者 。 可 下 之 。 
 桂 心         瓜 蔞         牛 膝         &lt;x> 麥 <sf> 各 五 分 </sf>         當 歸 <sf> 一 錢 </sf> 
 </formula> 
 右 剉 水 煎 服 。 
 
 <formula> 
 一 方         <cf> &#21333; </cf> 用 牛 膝 一 兩 。 酒 一 鍾 。 煎 七 分 。 作 二 服 。 
 </formula> 
 
 <formula> 
 千 金 神 造 湯         婦 人 脈 陰 陽 俱 盛 。 名 曰 雙 驅 。 若 少 陰 微 緊 者 。 血 即 凝 濁 。 經 養 不 周 。 胎 即 偏 夭 。 其 一 獨 生 。 其 一 獨 死 。 不 去 其 死 。 害 母 失 胎 。 此 方 主 之 。 
 蟹 爪 <sf> 一 升 </sf>         阿 膠 <sf> 三 兩 </sf>         甘 草 <sf> 二 兩 </sf> 
 </formula> 
 右 剉 。 取 東 流 水 一 斗 。 先 煮 蟹 爪 甘 草 至 三 升 。 去 滓 。 下 膠 。 令 烊 頓 服 之 。 不 能 分 再 服 。 
 <marginalia> 
 <sf> 阿 膠 固 胎 蟹 爪 破 血 甘 草 和 中 並 行 不 悖 奇 哉 </sf> 
 </marginalia> 
 
 <formula> 
 下 胎 方         治 { 妊 } 母 因 疾 病 。 胎 不 能 安 。 可 下 之 。 
 </formula></text></document>