<?xml version="1.0" encoding="UTF-8" standalone="yes" ?>
<document>
<header>
<doctitle>
 重訂濟陰綱目 
 </doctitle>
<volume>
 第七冊, 卷 13 
 </volume>
<author>
 武 之 望   (叔卿 ) 
</author>
<date>
 清雍正六年, 1728
 </date>
<currentpage>
 text 44a 
 </currentpage>
<first>
 jiyingkangmu v.7 text12 1a.xml
</first>
<last>
 jiyingkangmu v.7 text13 46b.xml
</last>
<prev>
 jiyingkangmu v.7 text13 43b.xml 
</prev>
<next>
 jiyingkangmu v.7 text13 44b.xml 
</next>
<image>
 jiyingkangmu v.7 text13 44a.jpg 
</image>
</header><text>
行 脈 中 。 衛 行 脈 外 。 相 隨 上 下 。 謂 之 榮 衛 因 產 所 下 過 多 榮 血 暴 竭 衛 氣 無 主 。 獨 聚 肺 中 。 故 令 喘 也 此 名 孤 陽 絕 陰 為 難 治 若 惡 露 不 快 。 敗 血 停 凝 。 上 薰 于 肺 。 亦 令 喘 急 。 但 服 奪 命 丹 。 見 胞 衣 不 下     血 去 喘 自 定 。 
 
 陳 無 擇 評 曰 ﹐ 產 後 喘 急 固 可 畏 。 若 是 敗 血 上 薰 於 肺 。 猶 可 責 效 。 奪 命 丹 。 若 感 風 寒 。 或 因 憂 思 。 飲 食 鹹 冷 等 致 病 者 。 奪 命 丹 未 可 均 濟 。 況 孤 陽 絕 陰 乎 。 若 榮 血 暴 絕 。 宜 大 料 煮 散 穹 窮 湯 亦 可 救 。 傷 風 寒 宜 旋 覆 花 湯 性 理 鬱 發 。 宜 小 調 經 散 。 用 桑 白 皮 杏 仁 煎 湯 調 下 。 傷 食 宜 服 見 &lt;x> 丸 五 積 散 穹 窮 湯 
 薛 氏 曰 ﹐ 前 證 若 脾 肺 氣 虛 弱 。 用 六 君 桔 梗 若 兼 外 邪 。 更 加 紫 蘇 若 中 氣 虛 寒 。 用 補 中 益 氣 。 加 炮 薑 肉 桂 。 若 陽 氣 虛 脫 。 更 加 附 子 。 若 瘀 
 <marginalia> 
 <sf> 專 一 補 似 太 泥 </sf> 
 </marginalia> 
 </text></document>