<?xml version="1.0" encoding="UTF-8" standalone="yes" ?>
<document>
<header>
<doctitle>
 重訂濟陰綱目 
 </doctitle>
<volume>
 第五冊, 卷 9 
 </volume>
<author>
 武 之 望   (叔卿 ) 
</author>
<date>
 清雍正六年, 1728
 </date>
<currentpage>
 text 17a 
 </currentpage>
<first>
 jiyingkangmu v.5 text9 1a.xml
</first>
<last>
 jiyingkangmu v.5 text9 51b.xml
</last>
<prev>
 jiyingkangmu v.5 text9 16b.xml 
</prev>
<next>
 jiyingkangmu v.5 text9 17b.xml 
</next>
<image>
 jiyingkangmu v.5 text9 17a.jpg 
</image>
</header><text>
內 搏 五 臟 。 橫 連 幕 原 。 其 道 遠 。 其 氣 深 。 其 行 遲 。 不 能 日 作 也 。 { 妊 } 娠 而 發 。 多 傷 於 肺 。 
 
 薛 氏 曰 。 前 證 因 脾 胃 虛 弱 。 飲 食 停 滯 。 或 外 邪 所 感 。 或 鬱 怒 傷 脾 。 或 暑 邪 所 伏 。 審 係 飲 食 停 滯 。 用 六 君 子 。 加 桔 梗 蒼 朮 藿 香 。 外 邪 多 。 而 飲 食 少 。 用 藿 香 正 氣 散 。 外 邪 少 。 而 飲 食 多 。 用 人 參 養 胃 湯 。 勞 傷 元 氣 。 用 補 中 益 氣 湯 。 若 鬱 怒 所 傷 。 用 小 柴 胡 。 兼 歸 脾 湯 。 若 木 侮 土 。 久 而 不 愈 。 用 六 君 子 為 主 。 佐 以 安 胎 藥 。 仍 參 三 陰 三 陽 經 。 而 治 之 
 
 <formula> 
 七 寶 。 散 治 男 婦 一 切 瘧 疾 。 或 先 寒 後 熱 。 或 先 熱 後 寒 。 或 寒 多 熱 少 。 或 熱 多 寒 少 。 或 一 日 一 發 。 或 一 日 兩 三 發 。 或 連 日 發 。 或 間 日 發 。 或 三 四 日 一 發 。 不 問 塊 瘧 食 瘧 。 不 伏 水 土 。 山 嵐 瘴 氣 。 似 瘧 者 。 並 皆 治 之 。 
 </formula></text></document>