<?xml version="1.0" encoding="UTF-8" standalone="yes" ?>
<document>
<header>
<doctitle>
 重訂濟陰綱目 
 </doctitle>
<volume>
 第三冊, 卷 5 
 </volume>
<author>
 武 之 望   (叔卿 ) 
</author>
<date>
 清雍正六年, 1728
 </date>
<currentpage>
 text 20a 
 </currentpage>
<first>
 jiyingkangmu v.3 text4 1a.xml
</first>
<last>
 jiyingkangmu v.3 text6 26b.xml 
</last>
<prev>
 jiyingkangmu v.3 text5 19b.xml 
</prev>
<next>
 jiyingkangmu v.3 text5 20b.xml 
</next>
<image>
 jiyingkangmu v.3 text5 20a.jpg 
</image>
</header><text>
數 沸 去 滓 。 入 溫 酒 服 。 不 拘 時 候 
 
 <formula> 
 地 榆 散         治 敗 血 
 何 首 烏         肉 桂         地 榆         香 白 芷 <sf> 各 等 分 </sf> 
 </formula> 
 右 為 { 麤 } 末 每 服 二 錢 。 米 泔 一 盞 半 。 沙 糖 一 小 塊 。 煎 至 八 分 去 滓 。 空 心 食 前 服 。 
 <marginalia> 
 <sf> 何 首 烏 白 芷 有 奇 處 </sf> 
 </marginalia> 
 
 ○ 治 &lt;x> 癖 
 <formula> 
 麝 香 丸         治 婦 人 &lt;x> 癖 。 冷 氣 兼 症 氣 。 心 腹 痛 不 可 忍 。 
 麝 香 <sf> 半 兩 另 研 </sf>         阿 魏 <sf> 二 錢 半 { 麵 } 裹 煨 令 { 麵 } 熟 </sf>         五 靈 脂         三 稜 <sf> 各 七 錢 半 </sf>         桃 仁 <sf> 七 錢 </sf>         芫 花 <sf> 醋 炒 </sf>         檳 榔 <sf> 各 一 兩   </sf>       莪 茂         桂 心         沒 藥         木 香         當 歸 <sf> 各 半 兩 </sf> 
 </formula> 
 右 為 細 末 。 入 麝 香 令 勻 。 粳 米 飲 飯 為 丸 。 如 桐 子 大 。 每 服 十 丸 。 淡 
 <marginalia> 
 <sf> 此 治 氣 血 痰 飲 無 往 不 可 </sf> 
 </marginalia> 
 </text></document>