<?xml version="1.0" encoding="UTF-8" standalone="yes" ?>
<document>
<header>
<doctitle>
 重訂濟陰綱目 
 </doctitle>
<volume>
 第二冊, 卷 3 
 </volume>
<author>
 武 之 望   (叔卿 ) 
</author>
<date>
 清雍正六年, 1728
 </date>
<currentpage>
 text 5b 
 </currentpage>
<first>
 jiyingkangmu v.2 text2 1a.xml
</first>
<last>
 jiyingkangmu v.2 text3 26b.xml 
</last>
<prev>
 jiyingkangmu v.2 text3 5a.xml 
</prev>
<next>
 jiyingkangmu v.2 text3 6a.xml 
</next>
<image>
 jiyingkangmu v.2 text3 5b.jpg 
</image>
</header><text>
<cf> &#33033; </cf> 微 細 沉 緊 或 洪 大 而 虛 用 補 陽 調 經 。 乃 兼 責 其 虛 也 。 丹 溪 用 海 石 南 星 椿 根 皮 之 類 。 乃 治 其 濕 痰 也 。 竊 謂 前 証 皆 當 壯 脾 胃 升 陽 氣 為 主 。 佐 以 各 經 見 証 之 藥 。 色 青 者 屬 肝 。 用 小 柴 胡 。 加 山 梔 防 風 。 濕 熱 壅 滯 。 
 <marginalia> 
 <sf> 前 論 五 色 分 屬 五 臟 而 無 治 法 此 以 五 臟 之 中 分 治 法 分 虛 實 尤 見 的 據 
 下 數 方 為 此 翁 家 法 </sf> 
 </marginalia> 
 小 便 赤 濇 。 用 龍 <cf> &#32966; </cf> 瀉 肝 湯 。 肝 血 不 足 。 或 燥 熱 風 熱 。 用 六 味 丸 色 赤 者 屬 心 。 用 小 柴 胡 。 加 黃 連 山 梔 當 歸 。 思 慮 過 傷 。 用 妙 香 散 等 藥 。 色 白 者 屬 肺 。 用 補 中 益 氣 加 山 梔 。 色 黃 者 屬 脾 。 用 六 君 子 加 山 梔 柴 胡 。 不 應 。 用 歸 脾 湯 。 色 黑 者 屬 腎 。 用 六 味 丸 。 氣 血 俱 虛 。 八 珍 湯 陽 氣 下 陷 。 補 中 益 氣 湯 。 濕 痰 下 注 。 前 湯 加 茯 苓 半 夏 蒼 朮 黃 檗 。 氣 虛 痰 飲 下 注 。 四 七 湯 送 六 味 丸 。 不 可 拘 。 肥 人 多 痰 。 瘦 人 多 火 。 而 以 燥 濕 瀉 火 之 藥 輕 治 之 也 。 
 
 一 孀 婦 腹 脹 { 脅 } 痛 。 內 熱 &lt;x> 熱 。 月 經 不 調 。 肢 體 痠 痲 。 不 時 吐 痰 。 或 用 
 <marginalia> 
 <sf> 肥 痰 瘦 火 之 說 為 丹 溪 先 生 認 病 總 訣 何 嘗 教 人 泥 定 一 方 也 雖 不 可 輕 治 而 火 濕 二 字 終 莫 能 逃 若 以 此 穩 當 之 言 不 可 輕 則 潔 古 之 十 棗 子 和 之 汗 吐 下 </sf> 
 </marginalia> 
 </text></document>