<?xml version="1.0" encoding="UTF-8" standalone="yes" ?>
<document>
<header>
<doctitle>
 重訂濟陰綱目 
 </doctitle>
<volume>
 第二冊, 卷 2 
 </volume>
<author>
 武 之 望   (叔卿 ) 
</author>
<date>
 清雍正六年, 1728
 </date>
<currentpage>
 text 11a 
 </currentpage>
<first>
 jiyingkangmu v.2 text2 1a.xml
</first>
<last>
 jiyingkangmu v.2 text3 26b.xml 
</last>
<prev>
 jiyingkangmu v.2 text2 10b.xml 
</prev>
<next>
 jiyingkangmu v.2 text2 11b.xml 
</next>
<image>
 jiyingkangmu v.2 text2 11a.jpg 
</image>
</header><text>
<formula>土 牛 膝         當 歸 尾 <sf> 各 一 兩 </sf>         桃 仁 <sf> 去 皮 麩 炒 </sf>         紅 花 <sf> 各 半 兩 </sf> 
 </formula> 
 右 為 細 末 。 每 服 二 錢 。 空 心 溫 酒 下 。 
 <marginalia> 
 <sf> 專 主 血 閉 曾 借 此 以 治 婦 人 血 塊 作 痛 有 { 效 } </sf> 
 </marginalia> 
 
<formula> 
 當 歸 散         治 血 <cf> &#33033; </cf> 不 通 
 當 歸         穿 山 甲 <sf> 微 炒 </sf>         蒲 黃 <sf> 炒 各 半 兩 </sf>         辰 砂 <sf> 另 研 一 錢 </sf>         麝 香 <sf> 少 許 </sf> 
 </formula> 
 右 為 細 末 研 勻 每 服 二 錢 食 前 熱 酒 調 下 
 <marginalia> 
 <sf> 專 主 在 <cf> &#33033; </cf> 絡 </sf> 
 </marginalia> 
 
<formula> 
 琥 珀 散         治 心 膈 迷 悶 。 腹 臟 撮 痛 。 氣 急 氣 悶 。 月 信 不 通 等 疾 
 天 台 烏 藥 <sf> 二 兩 </sf>         當 歸         { 蓬 } <cf> &#26415; </cf> f <sf> 煨 切 各 一 兩 </sf> 
 </formula> 
 右 為 細 末 每 服 二 錢 。 溫 酒 調 下 。 後 以 食 壓 之 。 忌 生 冷 油 膩 。 產 後 諸 疾 。 炒 薑 酒 調 下 
 <marginalia> 
 <sf> 此 專 在 氣 </sf> 
 </marginalia> 
 
<formula> 
 桃 奴 飲 子         治 婦 人 室 女 。 月 經 不 通 。 漸 成 脹 滿 。 及 治 男 子 墜 馬 跌 撲 損 傷 以 致 瘀 血 停 積 。 欲 成 血 蠱 病 者 。 悉 皆 治 之 。 
 <marginalia> 
 <sf> 此 脹 滿 根 血 瘀 來 </sf> 
 </marginalia> 
 </formula></text></document>