<?xml version="1.0" encoding="UTF-8" standalone="yes" ?>
<document>
<header>
<doctitle>
 重訂濟陰綱目 
 </doctitle>
<volume>
 第三冊, 卷 6 
 </volume>
<author>
 武 之 望   (叔卿 ) 
</author>
<date>
 清雍正六年, 1728
 </date>
<currentpage>
 text 11b 
 </currentpage>
<first>
 jiyingkangmu v.3 text4 1a.xml
</first>
<last>
 jiyingkangmu v.3 text6 26b.xml 
</last>
<prev>
 jiyingkangmu v.3 text6 11a.xml 
</prev>
<next>
 jiyingkangmu v.3 text6 12a.xml 
</next>
<image>
 jiyingkangmu v.3 text6 11b.jpg 
</image>
</header><text>
脈 經 云 。 婦 人 少 腹 冷 。 惡 寒 久 。 年 少 者 得 之 。 此 為 無 子 。 年 大 者 得 之 絕 產 。 ○ 脈 微 弱 而 濇 。 年 少 得 此 為 無 子 中 年 得 此 為 。 絕 產 。 ○ 肥 人 脈 細 胞 有 寒 。 故 令 少 子 。 其 色 黃 者 。 胸 中 有 寒 
 
 ○ 治 血 虛 不 孕 
 <formula> 
 加 味 四 物 湯         治 婦 人 不 孕 。 久 服 有 子 甚 好 。 
 當 歸         川 芎 <sf> 各 二 錢 </sf>       白 朮 <sf> 微 炒 </sf>         熟 地 黃 <sf> 酒 洗 各 一 錢 半 </sf>         白 茯 苓         芍 藥 <sf> 微 炒 </sf>         續 斷         阿 膠 <sf> 各 一 錢   </sf>       香 附 <sf> 醋 煮 八 分 </sf>         橘 紅 <sf> 七 分 </sf>         甘 草 <sf> 炙 三 分 </sf> 
 </formula> 
 右 剉 。 水 二 鐘 。 煎 八 分 食 遠 服 。 
 <marginalia> 
 <sf> 極 穩 當 但 氣 旺 血 熱 者 須 去 芎 朮 而 當 歸 味 辛 有 熱 症 者 亦 須 裁 酌 </sf> 
 </marginalia> 
 
<formula> 
 加 味 四 物 湯         治 血 氣 兩 虛 不 孕 
 當 歸 <sf> 酒 洗 </sf>         白 芍 藥 <sf> 炒 </sf>         肉 蓯 蓉 <sf> 各 二 錢 </sf>         熟 地 黃 <sf> 酒 洗 </sf> 
 <marginalia> 
 <sf> 肉 蓯 蓉 治 絕 陰 不 產 </sf> 
 </marginalia> 
 </formula></text></document>