<?xml version="1.0" encoding="UTF-8" standalone="yes" ?>
<document>
<header>
<doctitle>
 重訂濟陰綱目 
 </doctitle>
<volume>
 第七冊, 卷 13 
 </volume>
<author>
 武 之 望   (叔卿 ) 
</author>
<date>
 清雍正六年, 1728
 </date>
<currentpage>
 text 15b 
 </currentpage>
<first>
 jiyingkangmu v.7 text12 1a.xml
</first>
<last>
 jiyingkangmu v.7 text13 46b.xml
</last>
<prev>
 jiyingkangmu v.7 text13 15a.xml 
</prev>
<next>
 jiyingkangmu v.7 text13 16a.xml 
</next>
<image>
 jiyingkangmu v.7 text13 15b.jpg 
</image>
</header><text>
又 一 婦 產 後 惡 露 未 盡 。 因 起 抹 身 寒 氣 客 於 經 絡 。 乍 寒 乍 熱 脈 緊 而 弦 。 以 <cf> &#33905; </cf> 白 散 二 帖 安 。 
 一 少 婦 初 產 四 日 。 冷 物 傷 脾 胃 但 覺 身 分 不 快 。 嘔 逆 飲 食 少 。 心 腹 滿 悶 。 時 或 腹 { 脅 } 刺 痛 。 晨 惡 寒 。 晚 潮 熱 。 夜 則 恍 惚 膽 語 。 晝 則 抽 搐 。 頗 類 風 狀 。 變 異 多 端 。 諸 醫 莫 測 或 作 虛 風 。 或 云 血 凝 實 熱 。 用 甘 溫 而 行 血 。 以 寒 涼 退 實 熱 。 如 此 半 月 不 { 效 } 。 汪 至 。 見 醫 滿 座 。 亦 跼 縮 。 診 其 脈 弦 而 緊 遂 令 按 之 。 小 腹 急   痛 。 知 瘀 血 未 盡 也 思 患 者 大 勢 。 惡 露 已 下 。 未 必 還 有 餘 血 。 偶 因 寒 涼 所 傷 。 瘀 血 停 滯 下 焦 。 日 久 客 於 經 絡 。 所 以 變 生 諸 證 。 須 得 大 調 經 散 。 倍 入 琥 珀 化 諸 惡 血 成 水 其 患 方 愈 。 遂 合 前 藥 服 之 。 五 日 後 。 行 惡 水 斗 許 。 臭 不 可 近 。 患 人 覺 倦 。 病 勢 漸 減 。 然 後 以 人 參 養 榮 湯 。 數 十 帖 。 月 餘 如 初 。 
 
 <marginalia> 
 <sf> 冷 物 是 病 根 故 諸 症 皆 從 瘀 血 { 變 } 怪 
 
 弦 緊 為 寒 
 審 症 法 尤 宜 如 是 察 識 
 
 重 在 琥 珀 豈 大 豆 有 如 是 之 神 也 </sf> 
 </marginalia> 
 </text></document>