<?xml version="1.0" encoding="UTF-8" standalone="yes" ?>
<document>
<header>
<doctitle>
 重訂濟陰綱目 
 </doctitle>
<volume>
 第一冊, 卷 1 
 </volume>
<author>
 武 之 望   (叔卿 ) 
</author>
<date>
 清雍正六年, 1728
 </date>
<currentpage>
 text 7a 
 </currentpage>
<first>
 jiyingkangmu v.1 tp.xml
</first>
<last>
 jiyingkangmu v.1 text1 38b.xml 
</last>
<prev>
 jiyingkangmu v.1 text1 6b.xml 
</prev>
<next>
 jiyingkangmu v.1 text1 7b.xml 
</next>
<image>
 jiyingkangmu v.1 text1 7a.jpg 
</image>
</header><text>
○ 論 月 水 不 利 
 良 方 云 。 婦 人 月 水 不 利 者 。 由 勞 傷 氣 血 。 體 虛 而 風 冷 客 於 胞 內 。 傷 於 衝 任 之 <cf> &#33033; </cf> 故 也 。 若 寸 &#33033; 弦 。 關 <cf> &#33033; </cf> 沉 。 是 肝 病 也 。 兼 主 腹 痛 。 孔 竅 生 瘡 。 尺 <cf> &#33033; </cf> 滑 。 血 氣 實 。 經 絡 不 利 。 或 尺 <cf> &#33033; </cf> 絕 不 至 。 兼 主 小 腹 引 腰 痛 氣 攻 胸 膈 也 。 
 <marginalia> 
 <sf> 弦 與 沉 主 氣 病 
 滑 為 實 絕 為 虛 </sf> 
 </marginalia> 
 
 薛 氏 曰 。 前 證 屬 肝 膽 二 經 。 蓋 肝 相 為 表 裏 。 多 因 恚 怒 所 傷 。 膽 若 本 經 風 熱 。 用 補 肝 散 <sf> 方 見 脅 痛 門 </sf> 血 虛 用 四 物 加 酸 棗 仁 。 若 腎 水 不 足 。 用 六 味 丸 。 若 患 諸 瘡 瘍 。 治 見 後 
 
 ○ 論 月 水 不 斷 
 準 繩 云 。 婦 人 月 水 不 斷 。 淋 瀝 無 時 。 或 因 勞 損 氣 血 。 而 傷 衝 任 。 或 因 經 行 而 合 陰 陽 。 皆 令 氣 虛 不 能 攝 血 。 若 時 止 時 行 。 腹 痛 <cf> &#33033; </cf> 沉 細 。 此 
 </text></document>