<?xml version="1.0" encoding="UTF-8" standalone="yes" ?>
<document>
<header>
<doctitle>
 重訂濟陰綱目 
 </doctitle>
<volume>
 第六冊, 卷 11 
 </volume>
<author>
 武 之 望   (叔卿 ) 
</author>
<date>
 清雍正六年, 1728
 </date>
<currentpage>
 text 4b 
 </currentpage>
<first>
 jiyingkangmu v.6 text10 1a.xml
</first>
<last>
 jiyingkangmu v.6 text11 38b.xml
</last>
<prev>
 jiyingkangmu v.6 text11 4a.xml 
</prev>
<next>
 jiyingkangmu v.6 text11 5a.xml 
</next>
<image>
 jiyingkangmu v.6 text11 4b.jpg 
</image>
</header><text>
亦 出 如 腸 不 收 仍 用 此 膏 塗 腦 頂 則 腸 自 收 益 母 丸 亦 有 效 
 家 人 婦 胎 衣 不 落 胸 腹 脹 痛 手 不 敢 近 此 瘀 血 為 患 用 熱 酒 下 失 笑 散 一 劑 惡 露 胎 衣 並 下 
 一 產 婦 胎 衣 不 出 腹 不 脹 痛 手 按 之 痛 稍 緩 此 是 氣 虛 而 不 能 送 出 用 無 憂 散 而 下 前 證 余 詢 諸 穩 婆 云 宜 服 益 母 草 丸 或 就 以 產 婦 頭 髮 入 口 作 嘔 胎 衣 自 出 其 不 出 者 必 死 授 與 前 法 甚 { 效 } 
 <marginalia> 
 <sf> 作 嘔 者 為 借 力 出 也 設 不 能 掙 徒 傷 氣 血 </sf> 
 </marginalia> 
 一 產 婦 產 後 面 赤 五 心 煩 熱 敗 血 入 胞 胞 衣 不 下 有 冷 汗 思 但 去 其 敗 血 其 衣 自 下 遂 用 黑 豆 二 合 炒 透 然 後 燒 紅 鐵 秤 鎚 同 豆 淬 酒 將 豆 淋 酒 化 下 益 母 丹 二 丸 胞 衣 從 血 而 出 餘 證 盡 平 
 <marginalia> 
 <sf> 此 方 最 佳 </sf> 
 </marginalia> 
 奪 命 丹                     治 胎 衣 不 下 { 蓋 } 兒 之 初 生 惡 血 流 入 衣 中 為 血 所 脹 塞 故 不 得 下 須 臾 沖 上 逼 心 即 死 急 服 此 藥 
 </text></document>