<?xml version="1.0" encoding="UTF-8" standalone="yes" ?>
<document>
<header>
<doctitle>
 重訂濟陰綱目 
 </doctitle>
<volume>
 第六冊, 卷 11 
 </volume>
<author>
 武 之 望   (叔卿 ) 
</author>
<date>
 清雍正六年, 1728
 </date>
<currentpage>
 text 11a 
 </currentpage>
<first>
 jiyingkangmu v.6 text10 1a.xml
</first>
<last>
 jiyingkangmu v.6 text11 38b.xml
</last>
<prev>
 jiyingkangmu v.6 text11 10b.xml 
</prev>
<next>
 jiyingkangmu v.6 text11 11b.xml 
</next>
<image>
 jiyingkangmu v.6 text11 11a.jpg 
</image>
</header><text>
奪 命 散                       治 產 後 血 暈 。 血 入 心 經 。 言 語 顛 倒 健 忘 失 志 。 及 產 後 百 病 。 
 <formula> 
 血 竭                                     沒 藥 <sf> 各 等 分 </sf> 
 </formula> 
 右 為 末 纔 產 下 便 用 童 便 與 細 酒 各 半 盞 煎 一 二 沸 調 下 二 錢 良 久 再 服 其 惡 血 自 下 行 更 不 沖 上 或 只 用 白 湯 調 下 
 四 味 散                     治 產 後 一 切 諸 疾 纔 方 分 娩 。 一 服 尤 妙 
 <formula> 
 當 歸                                     玄 胡 素                           血 竭                       沒 藥 <sf> 各 等 分 </sf> 
 </formula> 
 右 為 細 末 每 服 二 錢 用 童 子 小 便 一 盞 煎 六 分 通 口 服 ○ 如 心 膈 寒 倍 當 歸 ○ 氣 悶 喘 急 倍 玄 胡 索 。 ○ 惡 露 不 快 倍 血 竭 。 ○ 心 腹 撮 痛 倍 沒 藥 。 
 黑 神 散                     治 產 後 惡 露 不 盡 。 或 胎 衣 不 下 。 血 氣 攻 沖 。 心 腹 痞 滿 。 或 
 </text></document>