<?xml version="1.0" encoding="UTF-8" standalone="yes" ?>
<document>
<header>
<doctitle>
 重訂濟陰綱目 
 </doctitle>
<volume>
 第三冊, 卷 4 
 </volume>
<author>
 武 之 望   (叔卿 ) 
</author>
<date>
 清雍正六年, 1728
 </date>
<currentpage>
 text 20a 
 </currentpage>
<first>
 jiyingkangmu v.3 text4 1a.xml
</first>
<last>
 jiyingkangmu v.3 text6 26b.xml 
</last>
<prev>
 jiyingkangmu v.3 text4 19b.xml 
</prev>
<next>
 jiyingkangmu v.3 text4 20b.xml 
</next>
<image>
 jiyingkangmu v.3 text4 20a.jpg 
</image>
</header><text>
<formula><marginalia> 
 <sf> 清 水 火 之 熱 桑 地 知 母 所 以 瀉 肺 金 之 熱 柴 胡 鱉 甲 青 蒿 解 骨 蒸 勞 熱 然 肺 瀉 則 氣 傷 于 上 火 去 則 土 無 以 生 故 用 黃 &lt;x> 白 朮 甘 草 者 所 以 發 巨 橋 之 粟 以 保 赤 子 于 干 戈 之 地 也 
 
 此 方 重 在 咳 嗽 痰 壅 腹 { 脅 } 妨 悶 上 故 用 大 黃 半 夏 然 大 黃 半 夏 為 今 人 所 擯 豈 </sf> 
 </marginalia> 
 
 人 參 <sf> 去 蘆 </sf>         黃 苓 <sf> 各 七 錢 半 </sf>         百 合         枳 殼 <sf> 去 欀 麩 炒 </sf>         赤 芍 藥         知 母         秦 艽 <sf> 各 半 兩 </sf>         鱉 甲 <sf> 製 二 兩 </sf> 
 </formula> 
 右 為 細 末 。 煉 蜜 丸 桐 子 大 。 清 粥 吞 下 三 十 丸 。 無 時 。 
 
 <formula> 
 地 黃 煎 丸         解 勞 。 生 肌 。 進 食 。 活 血 。 養 心 。 
 生 地 黃 汁         杏 仁 汁         生 薑 汁         藕 汁 <sf> 各 五 升 </sf>         薄 荷 汁         鵝 梨 汁 <sf> 各 一 升 </sf>         法 酒 <sf> 二 升 </sf>         沙 蜜 <sf> 四 升 </sf> 
 右 共 合 一 處 慢 火 熬 成 膏 。 入 後 藥 。 
 北 柴 胡 <sf> 三 兩 </sf>         木 香         人 參         茯 苓         柏 子 仁 <sf> 去 皮 尖 研 </sf>         山 藥         遠 志 肉         枳 實 <sf> 麩 炒 </sf>         白 朮 <sf> 各 一 兩 </sf>         秦 艽         苦 梗 <sf> 各 二 兩 </sf>         麝 香 <sf> 半 兩 研 </sf>         熟 地 黃 <sf> 洗 焙 酒 蒸 四 兩 </sf> 
 </formula> 
 右 為 細 末 以 前 膏 和 丸 如 桐 子 大 。 食 後 甘 草 湯 下 。 二 三 十 丸 。 
 </text></document>