<?xml version="1.0" encoding="UTF-8" standalone="yes" ?>
<document>
<header>
<doctitle>
 重訂濟陰綱目 
 </doctitle>
<volume>
 第二冊, 卷 3 
 </volume>
<author>
 武 之 望   (叔卿 ) 
</author>
<date>
 清雍正六年, 1728
 </date>
<currentpage>
 text 20b 
 </currentpage>
<first>
 jiyingkangmu v.2 text2 1a.xml
</first>
<last>
 jiyingkangmu v.2 text3 26b.xml 
</last>
<prev>
 jiyingkangmu v.2 text3 20a.xml 
</prev>
<next>
 jiyingkangmu v.2 text3 21a.xml 
</next>
<image>
 jiyingkangmu v.2 text3 20b.jpg 
</image>
</header><text>
<marginalia> 
 <sf> 女 子 二 七 而 天 癸 至 正 當 氣 旺 之 年 豈 可 輕 用 溫 熱 之 劑 獨 以 純 白 二 字 推 之 便 得 虛 寒 之 真 故 可 用 鹿 茸 耳 </sf> 
 </marginalia> 
 
 右 各 另 研 為 細 末 。 合 一 處 研 勻 。 水 丸 如 龍 眼 核 大 。 每 用 一 丸 。 溫 酒 磨 。 下 不 拘 時 。 ○ 胎 息 不 順 。 腹 內 疼 痛 。 一 切 產 難 。 酒 童 便 磨 下 。 ○ 產 後 血 暈 。 敗 血 奔 心 。 口 噤 舌 強 。 或 惡 露 未 盡 。 發 渴 面 浮 。 煎 烏 梅 湯 和 童 便 磨 下 。 ○ 室 女 月 候 不 調 。 溫 酒 磨 下 半 丸 。 ○ 產 後 血 氣 不 調 。 童 便 磨 下 
 <marginalia> 
 <sf> 經 曰 氣 有 是 動 血 為 所 生 病 據 此 所 言 病 症 先 由 血 海 虛 寒 故 氣 不 能 溫 又 為 風 冷 外 乘 故 致 血 結 不 能 散 非 溫 行 不 可 故 此 方 乃 於 血 中 行 氣 </sf> 
 </marginalia> 
 
<formula> 
 茱 萸 浴 湯         治 下 焦 虛 冷 。 臍 腹 疼 痛 。 帶 下 五 色 。 月 水 崩 漏 。 淋 瀝 不 斷 。 
 吳 茱 萸 <sf> 湯 泡 </sf>         杜 仲 <sf> 炒 去 系 </sf>         蛇 床 子         五 味 子         丁 皮 <sf> 各 一 兩 </sf>         木 香         丁 香 <sf> 各 半 兩 </sf> 
 </formula> 
 右 剉 如 麻 豆 大 。 每 用 半 兩 以 生 絹 袋 盛 。 水 三 大 碗 。 煎 x x 。 乘 熱 薰 下 部 。 通 手 淋 浴 。 早 晚 二 次 薰 洗 。 
 </text></document>