<?xml version="1.0" encoding="UTF-8" standalone="yes" ?>
<document>
<header>
<doctitle>
 重訂濟陰綱目 
 </doctitle>
<volume>
 第三冊, 卷 6 
 </volume>
<author>
 武 之 望   (叔卿 ) 
</author>
<date>
 清雍正六年, 1728
 </date>
<currentpage>
 text 19a 
 </currentpage>
<first>
 jiyingkangmu v.3 text4 1a.xml
</first>
<last>
 jiyingkangmu v.3 text6 26b.xml 
</last>
<prev>
 jiyingkangmu v.3 text6 18b.xml 
</prev>
<next>
 jiyingkangmu v.3 text6 19b.xml 
</next>
<image>
 jiyingkangmu v.3 text6 19a.jpg 
</image>
</header><text>
<formula>或 不 行 。 皆 血 寒 血 少 也 。 尺 <cf> &#33033; </cf> 必 微 弱 加 桂 心 五 錢 <sf> 夏 月 三 錢 </sf> 黃 &lt;x> 一 兩 炙 。 ○ 先 期 而 來 者 。 血 熱 也 。 <cf> &#33033; </cf> 來 必 數 。 加 條 實 黃 苓 二 兩 。 炒 酒 製 生 地 黃 一 兩 五 錢 。 腹 痛 加 白 芍 藥 一 兩 。 ○ 凡 經 將 行 而 腹 中 先 作 痛 者 。 血 實 而 氣 滯 也 。 去 血 成 塊 者 。 氣 凝 也 <cf> &#33033; </cf> 來 弦 數 滑 大 。 加 玄 胡 索 一 兩 。 <sf> 酒 炒 </sf> 陳 皮 八 錢 。 廣 木 香 柴 胡 稍 各 五 錢 。 ○ 凡 經 水 行 後 作 痛 者 。 氣 血 俱 虛 也 。 尺 <cf> &#33033; </cf> 必 虛 { 澀 } 而 兼 緊 。 加 炒 乾 姜 三 錢 。 白 茯 苓 一 兩 。 桂 心 夏 月 二 錢 。 餘 月 五 錢 。 ○ 凡 經 行 三 五 日 後 。 腹 中 綿 綿 作 痛 。 或 淋 瀝 不 止 。 血 因 氣 滯 未 盡 也 。 尺 <cf> &#33033; </cf> 見 沉 { 澀 } 。 或 沉 弦 。 加 廣 木 香 五 錢 。 柴 胡 六 錢 。 ○ 凡 經 水 紫 色 及 黑 色 。 血 熱 之 甚 也 。 尺 &#33033; 見 洪 數 。 加 條 實 黃 苓 一 兩 。 黃 柏 一 兩 。 <sf> 炒 </sf> 生 地 黃 一 兩 。 五 錢 。 酒 浸 。 ○ 凡 過 期 行 經 而 色 淡 者 。 肥 人 則 有 濕 痰 。 加 白 茯 苓 <sf> 水 淘 </sf> 
 <marginalia> 
 <sf> 在 氣 血 兩 虛 之 人 而 先 類 者 將 行 腹 痛 者 經 水 紫 黑 者 肥 人 濕 者 婢 妾 多 鬱 者 如 此 之 類 皆 非 所 宜 雖 有 加 減 亦 須 斟 酌 </sf> 
 </marginalia> 
 </formula></text></document>