<?xml version="1.0" encoding="UTF-8" standalone="yes" ?>
<document>
<header>
<doctitle>
 重訂濟陰綱目 
 </doctitle>
<volume>
 第五冊, 卷 9 
 </volume>
<author>
 武 之 望   (叔卿 ) 
</author>
<date>
 清雍正六年, 1728
 </date>
<currentpage>
 text 37a 
 </currentpage>
<first>
 jiyingkangmu v.5 text9 1a.xml
</first>
<last>
 jiyingkangmu v.5 text9 51b.xml
</last>
<prev>
 jiyingkangmu v.5 text9 36b.xml 
</prev>
<next>
 jiyingkangmu v.5 text9 37b.xml 
</next>
<image>
 jiyingkangmu v.5 text9 37a.jpg 
</image>
</header><text>
請 禱 備 至 。 終 不 應 。 予 忽 憶 金 匱 有 一 證 云 。 婦 人 臟 燥 悲 傷 欲 哭 象 如 神 靈 。 數 欠 伸 者 。 宜 甘 麥 大 棗 湯 。 予 急 令 治 藥 。 盡 劑 而 愈 。 古 人 識 病 制 方 。 種 種 絕 妙 如 此 。 
 <marginalia> 
 <sf> 瀉 無 不 愈 矣 </sf> 
 </marginalia> 
 
 薛 氏 曰 。 前 證 或 因 寒 水 攻 心 。 或 肺 有 風 邪 者 。 治 當 審 察 。 
 
 一 { 妊 } 婦 無 故 自 悲 。 用 大 棗 湯 二 劑 而 愈 。 後 腹 患 。 又 用 前 湯 。 佐 以 四 君 子 。 加 山 梔 而 安 。 
 
 一 { 妊 } 婦 悲 哀 煩 躁 。 其 夫 詢 之 。 云 我 無 故 。 但 自 悲 耳 。 用 淡 竹 茹 湯 為 主 。 佐 以 八 珍 湯 而 安 。 
 
 <formula> 
 甘 麥 大 棗 湯         治 婦 人 臟 燥 。 悲 傷 不 止 。 
 甘 草 <sf> 三 兩 </sf>         小 麥 <sf> 一 升 </sf>         大 棗 <sf> 十 枚 </sf> 
 </formula> 
 右 以 水 六 升 。 煮 取 三 升 。 溫 分 三 服 。 亦 補 脾 氣 。 
 <marginalia> 
 <sf> 悲 傷 肺 病 此 方 補 脾 所 謂 補 母 也 此 甘 能 生 濕 濕 生 則 又 何 燥 焉 </sf> 
 </marginalia> 
 </text></document>