<?xml version="1.0" encoding="UTF-8" standalone="yes" ?>
<document>
<header>
<doctitle>
 重訂濟陰綱目 
 </doctitle>
<volume>
 第四冊, 卷 8 
 </volume>
<author>
 武 之 望   (叔卿 ) 
</author>
<date>
 清雍正六年, 1728
 </date>
<currentpage>
 text 18a 
 </currentpage>
<first>
 jiyingkangmu v.4 text7 1a.xml
</first>
<last>
 jiyingkangmu v.4 text8 44b.xml 
</last>
<prev>
 jiyingkangmu v.4 text8 17b.xml 
</prev>
<next>
 jiyingkangmu v.4 text8 18b.xml 
</next>
<image>
 jiyingkangmu v.4 text8 18a.jpg 
</image>
</header><text>
<formula> 
 白 朮 散         治 { 妊 } 娠 胎 氣 不 和 。 不 進 飲 食 。 
 白 朮 <sf> 炒 </sf>         人 參         紫 蘇 <sf> 各 一 錢 </sf>         青 皮 <sf> 去 白 </sf>         川 芎         訶 子 <sf> 各 八 分 </sf>         甘 草 <sf> 炙 五 分 </sf> 
 </formula> 
 右 &lt;x> 咀 。 作 一 服 。 加 生 薑 三 片 。 水 煎 服 。 
 <marginalia> 
 <sf> 以 上 數 條 方 法 俱 備 </sf> 
 </marginalia> 
 
<formula> 
 保 生 湯         治 { 妊 } 娠 惡 阻 。 少 食 嘔 吐 。 或 兼 吐 瀉 作 渴 。 
 人 參 <sf> 一 錢 </sf>         白 朮 <sf> 炒 </sf>         甘 草 <sf> 炒 </sf>         香 附         烏 梅 <sf> 一 方 作 烏 藥 </sf>         橘 紅 <sf> 各 五 分 </sf> 
 </formula> 
 右 剉 加 生 薑 水 煎 服 。 ○ 覺 惡 心 嘔 吐 加 丁 香 。 
 <marginalia> 
 <sf> 吐 瀉 作 渴 則 效 在 烏 梅 矣 作 烏 藥 者 非 </sf> 
 </marginalia> 
 
<formula> 
 縮 砂 散         治 { 妊 } 娠 胃 虛 氣 逆 。 嘔 吐 不 食 。 
 縮 砂 仁 為 末 。 每 服 二 錢 。 生 薑 或 米 飲 調 服 。 
 </formula>○ 胎 動 不 安 
 </text></document>