<?xml version="1.0" encoding="UTF-8" standalone="yes" ?>
<document>
<header>
<doctitle>
 重訂濟陰綱目 
 </doctitle>
<volume>
 第八冊, 卷 14 
 </volume>
<author>
 武 之 望   (叔卿 ) 
</author>
<date>
 清雍正六年, 1728
 </date>
<currentpage>
 text 17a 
 </currentpage>
<first>
 jiyingkangmu v.8 text14 1a.xml
</first>
<last>
 bao sheng sui shi 9b.xml
</last>
<prev>
 jiyingkangmu v.8 text14 15&amp;16b.xml 
</prev>
<next>
 jiyingkangmu v.8 text14 17b.xml 
</next>
<image>
 jiyingkangmu v.8 text14 17a.jpg 
</image>
</header><text>
<formula>厚 朴     赤 石 脂 <sf> 各 二 兩 </sf> 
 右 為 末 ﹐ 每 服 二 錢 ﹐ 空 心 粥 飲 調 下 
 外 臺 方 無 厚 朴 石 脂 ﹐ 有 甘 草 生 姜 ﹐ </formula> 
 
 <marginalia> 
 <sf> 治 氣 虛 頻 數 遺 尿 </sf> 
 </marginalia>
<formula> 
 栝 蔞 湯     療 產 後 小 便 數 煎 渴 。 
 栝 蔞 根     人 參 <sf> 各 三 兩 </sf>     黃 連     桑 螵 蛸     甘 草 <sf> 炙 </sf>     生 姜 <sf> 各 二 兩 </sf>     大 棗 <sf> 五 十 枚 </sf> 
 右 細 切 ﹐ 用 水 七 升 ﹐ 煮 二 升 半 ﹐ 分 三 服 ﹐ 忌 { 豬 } 肉 冷 水 ﹐ </formula> 
 
 <marginalia> 
 <sf> 此 治 虛 熱 </sf> 
 </marginalia>
<formula> 
 補 遺 方     療 產 後 小 便 數 。 及 遺 尿 。 
               益 智 仁 為 末 ﹐ 米 飲 調 服 ﹐ </formula> 
 
 <marginalia> 
 <sf> 此 命 門 藥 也 專 主 縮 小 便 虛 寒 者 宜 之 </sf> 
 </marginalia> 
 
 ○ 小 便 不 禁 
 陳 氏 曰 ﹐ 婦 人 產 蓐 。 產 理 不 順 。 致 傷 膀 胱 。 遺 尿 無 時 。 
 </text></document>