<?xml version="1.0" encoding="UTF-8" standalone="yes" ?>
<document>
<header>
<doctitle>
 重訂濟陰綱目 
 </doctitle>
<volume>
 第五冊, 卷 9 
 </volume>
<author>
 武 之 望   (叔卿 ) 
</author>
<date>
 清雍正六年, 1728
 </date>
<currentpage>
 text 12b 
 </currentpage>
<first>
 jiyingkangmu v.5 text9 1a.xml
</first>
<last>
 jiyingkangmu v.5 text9 51b.xml
</last>
<prev>
 jiyingkangmu v.5 text9 12a.xml 
</prev>
<next>
 jiyingkangmu v.5 text9 13a.xml 
</next>
<image>
 jiyingkangmu v.5 text9 12b.jpg 
</image>
</header><text>
<formula> 
 羌 活 酒         治 { 妊 } 娠 中 風 痙 口 噤 。 四 肢 強 直 。 角 弓 反 張 。 
 羌 活 <sf> 去 <cf> 蘆 </cf> 一 兩 半 </sf>         防 風 <sf> 去 <cf> 蘆 </cf> 一 兩 </sf>         黑 豆 <sf> 一 合 去 皮 </sf> 
 </formula> 
 右 前 二 味 &lt;x> 咀 。 好 酒 五 斤 浸 一 宿 。 每 服 用 黑 豆 一 合 炒 令 熱 。 投 入 藥 酒 一 大 盞 。 候 沸 即 住 。 去 滓 。 分 兩 服 灌 之 。 
 <marginalia> 
 <sf> 此 方 甚 佳 可 通 雜 症 </sf> 
 </marginalia> 
 
 ○ 瘈 瘲 
 薛 氏 曰 。 瘈 者 筋 脈 急 而 縮 也 。 瘲 者 筋 脈 緩 而 伸 也 。 一 縮 一 伸 。 手 足 相 引 。 搐 搦 不 已 。 與 嬰 兒 發 搐 相 似 。 謂 之 瘈 瘲 也 。 此 證 多 屬 風 。 蓋 風 主 搖 動 也 。 駱 龍 吉 云 。 心 主 脈 肝 主 筋 。 心 屬 火 。 肝 屬 木 。 火 主 熱 。 木 主 風 。 風 火 相 熾 。 則 為 瘈 瘲 也 。 治 法 若 因 風 熱 用 鉤 藤 湯 。 加 柴 胡 山 梔 。 黃 苓 白 朮 。 以 平 肝 木 。 降 心 火 。 養 氣 血 。 若 風 痰 上 涌 。 加 竹 瀝 。 南 星 半 夏 。 若 風 邪 急 搐 。 加 全 <cf> &#34638; </cf> 僵 <cf> 蠶 </cf> 。 虧 損 氣 血 。 用 八 珍 湯 。 加 鉤 藤 山 梔 為 
 <marginalia> 
 <sf> 此 風 皆 本 內 熱 故 立 方 亦 皆 從 內 </sf> 
 </marginalia> 
 </text></document>