<?xml version="1.0" encoding="UTF-8" standalone="yes" ?>
<document>
<header>
<doctitle>
 重訂濟陰綱目 
 </doctitle>
<volume>
 第五冊, 卷 9 
 </volume>
<author>
 武 之 望   (叔卿 ) 
</author>
<date>
 清雍正六年, 1728
 </date>
<currentpage>
 text 46b 
 </currentpage>
<first>
 jiyingkangmu v.5 text9 1a.xml
</first>
<last>
 jiyingkangmu v.5 text9 51b.xml
</last>
<prev>
 jiyingkangmu v.5 text9 46a.xml 
</prev>
<next>
 jiyingkangmu v.5 text9 47a.xml 
</next>
<image>
 jiyingkangmu v.5 text9 46b.jpg 
</image>
</header><text>
病 可 愈 
 <marginalia> 
 <sf> 寒 熱 溫 涼 各 從 其 事 也 用 者 審 之 </sf> 
 </marginalia> 
 ○ 已 上 治 惡 血 不 出 之 劑 
 
 <formula> 
 當 歸 湯         治 { 妊 } 娠 墮 胎 。 胞 衣 不 出 。 
 當 歸 <sf> 切 炒 </sf>         牛 膝 <sf> 酒 浸 各 一 兩 半 </sf>         木 通         滑 石 <sf> 研 各 二 兩 </sf>         冬 葵 子 <sf> 炒 三 合 </sf>         瞿 麥 穗 <sf> 一 兩 </sf> 
 </formula> 
 右 &lt;x> 咀 。 每 服 三 錢 。 水 煎 服 。 未 下 。 再 服 。 以 下 為 度 。 
 <marginalia> 
 <sf> 此 方 治 血 滑 利 催 生 下 胞 俱 可 用 </sf> 
 </marginalia>
<formula> 
 地 黃 湯         治 胞 衣 不 出 
 蒲 黃 <sf> 炒 </sf>         生 薑 <sf> 切 炒 各 二 錢 半 </sf>         生 地 黃 <sf> 半 兩 以 銅 竹 刀 切 炒 </sf> 
 </formula> 
 右 以 無 灰 酒 三 盞 。 於 銀 器 內 同 煎 。 至 二 盞 。 去 滓 。 分 三 服 。 未 下 再 作 服 。 
 <marginalia> 
 <sf> 方 法 俱 妙 宜 詳 之 </sf> 
 </marginalia>
<formula> 
 澤 蘭 湯         治 胞 衣 不 出 。 
 </formula></text></document>