<?xml version="1.0" encoding="UTF-8" standalone="yes" ?>
<document>
<header>
<doctitle>
 重訂濟陰綱目 
 </doctitle>
<volume>
 第六冊, 卷 10 
 </volume>
<author>
 武 之 望   (叔卿 ) 
</author>
<date>
 清雍正六年, 1728
 </date>
<currentpage>
 text 7b 
 </currentpage>
<first>
 jiyingkangmu v.6 text10 1a.xml
</first>
<last>
 jiyingkangmu v.6 text11 38b.xml
</last>
<prev>
 jiyingkangmu v.6 text10 7a.xml 
</prev>
<next>
 jiyingkangmu v.6 text10 8a.xml 
</next>
<image>
 jiyingkangmu v.6 text10 7b.jpg 
</image>
</header><text>
大 法 寒 者 。 熱 以 行 之 。 熱 者 。 涼 以 行 之 。 燥 者 。 滑 以 潤 之 。 危 急 者 。 毒 藥 下 之 。 
 <marginalia> 
 <sf> 其 有 用 攻 擊 之 藥 而 無 益 者 以 產 母 之 本 氣 竭 而 神 不 使 也 宜 補 之 </sf> 
 </marginalia> 
 一 穩 婆 之 女 。 勤 苦 負 重 。 { 妊 } 娠 腹 中 。 陰 冷 重 墜 口 中 甚 穢 。 余 意 其 胎 必 死 。 令 視 其 舌 。 果 青 黑 。 與 朴 硝 半 兩 許 服 之 。 隨 下 利 水 而 愈 。 
 一 婦 胎 死 。 服 朴 硝 而 下 穢 水 。 肢 體 倦 怠 。 氣 息 奄 奄 。 用 四 君 為 主 佐 以 四 物 薑 桂 調 補 而 愈 。 
 <marginalia> 
 <sf> 愚 意 虛 劇 者 朴 硝 同 補 劑 下 之 何 如 </sf> 
 </marginalia> 
 
 ○ 臨 產 脈 法   <sf> 附 驗 看 生 死 法 </sf> 
 脈 經 云 懷 { 妊 } 六 七 月 。 脈 寔 太 牢 。 強 弦 緊 者 生 。 沉 細 者 死 。 ○ 脈 勻 細 易 產 。 大 浮 緩 氣 散 難 產 。 
 脈 訣 云 。 欲 產 之 婦 。 脈 離 經 。 沉 細 而 滑 也 。 同 名 。 夜 半 覺 痛 應 分 誕 。 來 朝 日 午 定 知 生 。 ○ 身 重 體 熱 寒 又 頻 。 舌 下 之 脈 黑 復 青 。 反 舌 上 冷 
 </text></document>