<?xml version="1.0" encoding="UTF-8" standalone="yes" ?>
<document>
<header>
<doctitle>
 重訂濟陰綱目 
 </doctitle>
<volume>
 第六冊, 卷 10 
 </volume>
<author>
 武 之 望   (叔卿 ) 
</author>
<date>
 清雍正六年, 1728
 </date>
<currentpage>
 text 20a 
 </currentpage>
<first>
 jiyingkangmu v.6 text10 1a.xml
</first>
<last>
 jiyingkangmu v.6 text11 38b.xml
</last>
<prev>
 jiyingkangmu v.6 text10 19b.xml 
</prev>
<next>
 jiyingkangmu v.6 text10 20b.xml 
</next>
<image>
 jiyingkangmu v.6 text10 20a.jpg 
</image>
</header><text>
一 錢 。 童 便 調 下 。 名 救 苦 散 
 平 胃 散                     治 死 胎 不 下 。 指 甲 青 。 舌 青 脹 悶 口 中 作 屎 臭 。 
 <formula> 
   蒼 <cf> 術 </cf> <sf> 米 泔 浸 </sf>                           陳 皮             厚 朴 <sf> 薑 汁 炒 各 一 錢 </sf>             甘 草 <sf> 炙 五 分 </sf>   
 </formula> 
 右 剉 一 劑 酒 水 各 一 盞 煎 至 一 盞 投 朴 硝 半 兩 再 煎 三 五 沸 溫 服 其 胎 化 血 水 下 ○ 或 只 用 朴 硝 半 兩 研 細 以 童 便 調 溫 服 亦 妙 或 用 二 錢 以 順 流 水 調 下 
 <marginalia> 
 <sf> 一 平 胃 散 也 而 用 以 下 死 胎 可 見 用 法 之 不 窮 如 此 蓋 胃 行 則 死 胎 自 行 更 投 朴 硝 則 無 不 下 矣 妙 妙 </sf> 
 </marginalia> 
 一 方             治 { 妊 } 娠 三 五 個 月 胎 死 在 腹 中 不 出 
 <formula> 
   大 腹 子                 赤 芍 藥                   榆 白 皮 <sf> 各 三 兩 </sf>               當 歸 <sf> 炒 一 兩 </sf>               滑 石 <sf> 七 錢 半 </sf> 
   瞿 麥                 葵 子 <sf> 炒   </sf>               茯 苓                     粉 草                                 黃 芩 <sf> 各 半 兩 </sf>     
 </formula> 
 右 為 &lt;x> 末 每 服 四 錢 水 煎 服 
 千 金 神 造 湯                     治 動 胎 及 產 難 子 死 腹 中 並 { 妊 } 娠 兩 兒 。 一 死 一 生 。 
 </text></document>