<?xml version="1.0" encoding="UTF-8" standalone="yes" ?>
<document>
<header>
<doctitle>
 重訂濟陰綱目 
 </doctitle>
<volume>
 第六冊, 卷 11 
 </volume>
<author>
 武 之 望   (叔卿 ) 
</author>
<date>
 清雍正六年, 1728
 </date>
<currentpage>
 text 38a 
 </currentpage>
<first>
 jiyingkangmu v.6 text10 1a.xml
</first>
<last>
 jiyingkangmu v.6 text11 38b.xml
</last>
<prev>
 jiyingkangmu v.6 text11 37b.xml 
</prev>
<next>
 jiyingkangmu v.6 text11 38b.xml 
</next>
<image>
 jiyingkangmu v.6 text11 38a.jpg 
</image>
</header><text>
內 攻 。 兩 脛 緩 縱 。 攣 痛 痺 弱 。 或 皮 肉 紫 破 。 足 膝 攣 重 。 又 專 治 產 後 <cf> &#33050; </cf> 氣 。 
 <formula> 
 川 獨 活 <sf> 三 兩 </sf>                     桑 寄 生 <sf> 如 無 以 續 斷 代 </sf>                             杜 仲 <sf> 炒 </sf>                 牛 膝 <sf> 去 蘆 酒 浸 </sf> 
 細 辛                                     官 桂 <sf> 不 見 火 </sf>                                                     白 茯 苓               防 風 
   川 芎                                     當 歸                                                                         人 參                       熟 地 黃 <sf> 酒 洗 </sf> 
 芍 藥                                     秦 艽 <sf> 各 二 兩 </sf>                                                                   甘 草 <sf> 炙 一 兩 </sf> 
 </formula> 
 右 &lt;x> 咀 每 服 四 錢 薑 五 片 水 煎 溫 服 
 大 防 風 湯                     治 陰 虛 邪 襲 腿 膝 腫 痛 等 證 。 
 <formula> 
 防 風                 附 子 <sf> 炮 </sf>                                       牛 膝 <sf> 酒 浸 </sf>                 白 朮 <sf> 炒 </sf>                             羌 活                   人 參 
 肉 桂                 黃 &lt;x> <sf> 炒 各 一 錢 </sf>               川 芎                               熟 地 黃 <sf> 各 一 錢 </sf>                                             芍 藥 <sf> 炒 </sf> 
 杜 仲 <sf> 薑 汁 炒 </sf>                 甘 草 <sf> 炙 各 五 分 </sf> 
 </formula> 
 <marginalia> 
 <sf> 按 一 方 俱 小 續 命 湯 變 法 但 去 麻 黃 而 佐 四 物 是 不 舍 產 後 二 字 </sf> 
 </marginalia> 
 </text></document>