<?xml version="1.0" encoding="UTF-8" standalone="yes" ?>
<document>
<header>
<doctitle>
 重訂濟陰綱目 
 </doctitle>
<volume>
 第六冊, 卷 10 
 </volume>
<author>
 武 之 望   (叔卿 ) 
</author>
<date>
 清雍正六年, 1728
 </date>
<currentpage>
 text 19b 
 </currentpage>
<first>
 jiyingkangmu v.6 text10 1a.xml
</first>
<last>
 jiyingkangmu v.6 text11 38b.xml
</last>
<prev>
 jiyingkangmu v.6 text10 19a.xml 
</prev>
<next>
 jiyingkangmu v.6 text10 20a.xml 
</next>
<image>
 jiyingkangmu v.6 text10 19b.jpg 
</image>
</header><text>
<formula> 
 軍 薑 <sf> 去 皮 </sf>                           粉 草 <sf> 各 一 兩 </sf>                       小 黑 豆 <sf> 四 兩 </sf>                       百 草 霜 <sf> 五 錢 </sf> 
 </formula> 
 右 為 末 每 用 二 錢 米 醋 半 合 許 。 沸 湯 六 七 分 浸 起 溫 服 疑 貳 之 際 且 進 佛 手 散 。 酒 水 合 煎 二 三 服 探 之 。 若 未 死 。 子 母 俱 安 。 若 胎 已 死 。 立 便 逐 下 。 的 知 其 胎 死 。 進 此 藥 後 。 更 進 香 桂 散 。 須 臾 如 手 推 下 。 常 用 催 生 。 更 加 好 滑 石 末 半 兩 葵 子 五 十 粒 槌 碎 黃 柞 葉 七 八 皮 <cf> &#33905; </cf> 白 二 寸 。 順 流 水 煎 湯 調 下 蓋 滑 石 能 利 小 便 柞 葉 行 氣 逐 血 。 <cf> &#33905; </cf> 白 內 通 陽 氣 。 氣 盛 血 行 即 產 矣 
 香 桂 散                     下 死 胎 
 <formula> 
   麝 香 <sf> 五 分 另 研 一 方 用 當 門 子 一 個 </sf>                           官 桂 <sf> 三 錢 為 末 一 方 用 桂 枝 二 錢 </sf>   
 </formula> 
 右 和 勻 作 一 服 。 溫 童 便 酒 或 蔥 湯 調 服 須 臾 如 手 推 下 。 此 方 比 之 用 水 銀 等 不 損 血 氣 。 ○ 一 方 加 白 芷 三 錢 ○ 一 方 單 用 桂 末 
 <marginalia> 
 <sf> 服 法 妙 </sf> 
 </marginalia> 
 </text></document>