<?xml version="1.0" encoding="UTF-8" standalone="yes" ?>
<document>
<header>
<doctitle>
 重訂濟陰綱目 
 </doctitle>
<volume>
 第四冊, 卷 8 
 </volume>
<author>
 武 之 望   (叔卿 ) 
</author>
<date>
 清雍正六年, 1728
 </date>
<currentpage>
 text 30b 
 </currentpage>
<first>
 jiyingkangmu v.4 text7 1a.xml
</first>
<last>
 jiyingkangmu v.4 text8 44b.xml 
</last>
<prev>
 jiyingkangmu v.4 text8 30a.xml 
</prev>
<next>
 jiyingkangmu v.4 text8 31a.xml 
</next>
<image>
 jiyingkangmu v.4 text8 30b.jpg 
</image>
</header><text>
安 。 兩 醫 治 之 無 效 。 遂 說 胎 已 死 也 。 用 蓽 麻 子 研 爛 和 麝 香 調 貼 臍 中 以 下 之 。 命 在 垂 亡 。 召 陳 診 視 。 兩 尺 脈 絕 。 他 脈 平 和 。 陳 問 二 醫 作 何 證 治 之 。 答 曰 。 死 胎 也 。 陳 曰 何 以 知 之 。 曰 兩 尺 脈 沉 絕 。 以 此 知 之 。 陳 曰 此 說 出 何 經 。 二 醫 無 答 。 陳 曰 此 子 懸 也 。 若 是 胎 死 。 <cf> &#21364; </cf> 有 辨 處 。 面 赤 舌 青 。 子 死 母 恬 。 面 青 舌 赤 。 吐 沫 。 母 死 子 活 。 唇 口 俱 青 。 子 母 俱 死 。 今 面 不 赤 。 口 不 青 。 其 子 未 死 。 是 胎 上 逼 心 。 宜 以 紫 蘇 飲 治 之 。 至 十 服 而 胎 近 下 矣 。 
 
 <formula> 
 訶 黎 勒 散         療 { 妊 } 娠 心 煩 脹 滿 。 氣 衝 胸 膈 煩 悶 。 四 肢 少 力 。 不 思 飲 食 。 
 訶 黎 勒         赤 茯 苓       前 胡 <sf> 各 一 兩 </sf>         陳 皮         大 腹 皮         桑 白 皮 <sf> 各 七 錢 半 </sf>         枳 殼         川 芎         白 朮 <sf> 各 半 兩 </sf> 
 </formula> 
 </text></document>