<?xml version="1.0" encoding="UTF-8" standalone="yes" ?>
<document>
<header>
<doctitle>
 重訂濟陰綱目 
 </doctitle>
<volume>
 第二冊, 卷 2 
 </volume>
<author>
 武 之 望   (叔卿 ) 
</author>
<date>
 清雍正六年, 1728
 </date>
<currentpage>
 text 30a 
 </currentpage>
<first>
 jiyingkangmu v.2 text2 1a.xml
</first>
<last>
 jiyingkangmu v.2 text3 26b.xml 
</last>
<prev>
 jiyingkangmu v.2 text2 29b.xml 
</prev>
<next>
 jiyingkangmu v.2 text2 30b.xml 
</next>
<image>
 jiyingkangmu v.2 text2 30a.jpg 
</image>
</header><text>
<marginalia> 
 <sf> 附 <cf> &#20307; </cf> 重 氣 溫 味 苦 辛 苦 以 入 血 分 辛 以 散 結 氣 氣 行 血 流 故 痛 自 止 </sf> 
 </marginalia> 
 
<formula> 
 如 神 散         治 血 崩 不 止 赤 白 帶 下 
 香 附 子 <sf> 炒 </sf>         赤 芍 藥 <sf> 炒 各 等 分 </sf> 
 </formula>

右 為 末 。 入 鹽 一 捻 。 水 煎 食 前 溫 服 。 <sf> 一 方 用 香 附 白 芷 為 丸 </sf>
<formula> 
 立 { 效 } 散         治 婦 人 血 崩 。 臍 腹 痛 。 
 香 附 <sf> 炒 三 兩 </sf>         當 歸 <sf> 一 兩 </sf>         赤 芍 藥         良 薑         五 靈 脂 <sf> 各 半 兩 </sf> 
 </formula> 
 右 為 細 末 每 服 三 錢 。 酒 一 盞 。 童 便 少 許 。 同 煎 服 
 <marginalia> 
 <sf> 崩 而 內 有 瘀 者 宜 之 
 數 方 皆 用 破 血 之 劑 
 良 薑 妙 </sf> 
 </marginalia> 
 
<formula> 
 一 方         治 血 崩 。 臍 腹 痛 。 
 當 歸         赤 芍 藥         熟 地 黃         香 附 子         牡 丹 皮         木 賊 <sf> 去 節 各 二 兩 </sf>         沒 藥         丁 香         桂 <sf> 去 皮 各 三 錢 </sf></formula>右 為 細 末 。 酒 調 三 錢 。 溫 服 
<formula>縮 砂 散         治 血 崩 
 </formula></text></document>