<?xml version="1.0" encoding="UTF-8" standalone="yes" ?>
<document>
<header>
<doctitle>
 重訂濟陰綱目 
 </doctitle>
<volume>
 第七冊, 卷 12 
 </volume>
<author>
 武 之 望   (叔卿 ) 
</author>
<date>
 清雍正六年, 1728
 </date>
<currentpage>
 text 7a 
 </currentpage>
<first>
 jiyingkangmu v.7 text12 1a.xml
</first>
<last>
 jiyingkangmu v.7 text13 46b.xml
</last>
<prev>
 jiyingkangmu v.7 text12 6b.xml 
</prev>
<next>
 jiyingkangmu v.7 text12 7b.xml 
</next>
<image>
 jiyingkangmu v.7 text12 7a.jpg 
</image>
</header><text>
<formula> 
 大 豆 紫 湯           治 產 後 風 虛 。 五 緩 六 急 。 手 足 頑 麻 。 氣 血 不 調 等 證 。 
 獨 活 <sf> 去 蘆 兩 半 </sf>           大 豆 <sf> 半 升 </sf>           酒 <sf> 三 升 </sf> 
 </formula> 
 
 <marginalia> 
 <sf> 此 方 以 獨 活 一 味 而 治 風 則 妙 矣 于 治 虛 則 未 也 五 緩 六 急 者 陰 緩 而 陽 急 也 皆 風 寒 所 為 故 服 法 如 此 </sf> 
 </marginalia> 
 
 右 先 用 酒 浸 獨 活 ﹐ 煎 二 三 沸 ﹐ 別 炒 大 豆 令 極 熱 焦 煙 出 以 酒 沃 之 去 渣 ﹐ 每 服 一 二 合 許 得 少 汗 則 愈 日 夜 數 服 ﹐ 一 以 去 風 一 以 消 血 結 ﹐ 如 { 妊 } 婦 折 傷 ﹐ 胎 死 在 腹 中 ﹐ 服 此 即 產 ﹐ ○ 一 方 無 獨 活 ﹐ 只 用 大 豆 炒 焦 ﹐ 淋 酒 服 
 
 <formula> 
 獨 活 酒     治 產 後 中 風 ﹐ 
 
 獨 活 <sf> 一 斤 </sf>           桂 心 <sf> 三 兩 </sf>         秦 艽 <sf> 五 兩 </sf> 
 </formula> 
 
 右 三 味 ﹐ &lt;x> 咀 ﹐ 以 酒 一 斗 半 漬 三 日 飲 五 合 稍 加 至 一 升 不 能 多 飲 ﹐ 隨 性 服 ﹐ 
 
 <formula> 
 雞 矢 酒           治 產 後 中 風 。 及 白 病 。 並 男 子 中 一 切 風 。 神 { 效 } 
 <marginalia> 
 <sf> 雞 糞 入 肝 治 污 濁 之 血 豆 </sf> 
 </marginalia> 
 </formula></text></document>