<?xml version="1.0" encoding="UTF-8" standalone="yes" ?>
<document>
<header>
<doctitle>
 重訂濟陰綱目 
 </doctitle>
<volume>
 第二冊, 卷 2 
 </volume>
<author>
 武 之 望   (叔卿 ) 
</author>
<date>
 清雍正六年, 1728
 </date>
<currentpage>
 text 21b 
 </currentpage>
<first>
 jiyingkangmu v.2 text2 1a.xml
</first>
<last>
 jiyingkangmu v.2 text3 26b.xml 
</last>
<prev>
 jiyingkangmu v.2 text2 21a.xml 
</prev>
<next>
 jiyingkangmu v.2 text2 22a.xml 
</next>
<image>
 jiyingkangmu v.2 text2 21b.jpg 
</image>
</header><text>
而 痛 。 在 { 脅 } 下 急 縮 。 有 積 。 當 臍 有 動 氣 腹 中 鳴 。 下 氣 大 便 難 。 諸 
 <marginalia> 
 <sf> 前 是 虛 此 是 實 </sf> 
 </marginalia> 
 虛 證 極 多 。 不 能 盡 錄 。 擬 先 治 其 本 。 餘 證 可 以 皆 去 。 與 安 心 定 志 。 鎮 墜 其 驚 。 調 和 脾 胃 。 大 益 元 氣 。 補 其 血 <cf> &#33033; </cf> 。 養 其 心 神 。 以 大 熱 之 劑 。 去 其 冬 寒 。 凝 在 皮 膚 。 少 加 生 地 黃 去 命 門 相 火 。 不 令 四 肢 痿 弱 。 製 黃 &lt;x> 當 歸 人 參 湯 。 
 <marginalia> 
 <sf> 此 節 尤 妙 尤 難 </sf> 
 </marginalia> 
 
 ○ 論 開 痰 行 氣 
 丹 溪 云 。 涎 鬱 胸 中 。 清 氣 不 升 。 故 經 <cf> &#33033; </cf> 壅 遏 而 降 下 。 非 開 涎 不 足 
 <marginalia> 
 <sf> 又 得 一 種 見 解 人 嘗 謂 丹 溪 先 生 善 治 痰 然 哉 </sf> 
 </marginalia> 
 以 行 氣 。 非 氣 升 則 血 不 能 歸 隧 道 。 此 論 血 泄 之 義 甚 明 。 蓋 開 胸 膈 濁 涎 。 則 清 氣 升 。 清 氣 升 。 則 血 歸 隧 道 不 崩 矣 。 故 其 症 。 或 腹 滿 如 孕 。 或 臍 腹 &lt;x> 痛 。 或 血 結 成 片 。 或 血 出 則 快 。 止 則 悶 。 或 臍 上 動 。 其 治 法 宜 開 結 痰 。 行 滯 氣 。 消 污 血 。 
 </text></document>