<?xml version="1.0" encoding="UTF-8" standalone="yes" ?>
<document>
<header>
<doctitle>
 重訂濟陰綱目 
 </doctitle>
<volume>
 第六冊, 卷 11 
 </volume>
<author>
 武 之 望   (叔卿 ) 
</author>
<date>
 清雍正六年, 1728
 </date>
<currentpage>
 text 35a 
 </currentpage>
<first>
 jiyingkangmu v.6 text10 1a.xml
</first>
<last>
 jiyingkangmu v.6 text11 38b.xml
</last>
<prev>
 jiyingkangmu v.6 text11 34b.xml 
</prev>
<next>
 jiyingkangmu v.6 text11 35b.xml 
</next>
<image>
 jiyingkangmu v.6 text11 35a.jpg 
</image>
</header><text>
<formula> 
 當 歸                             川 芎 <sf> 各 二 錢 半 </sf>             
 </formula> 
 右 為 細 末 每 服 二 錢 水 一 盞 煎 七 分 溫 服 
 芎 烏 散                     治 產 後 氣 滯 頭 痛 
 <formula> 
 天 台 烏 藥                       大 川 芎 <sf> 各 等 分   </sf>           
 </formula> 
 右 為 細 末 每 服 三 錢 燒 紅 秤 錘 淬 酒 調 服 
 <marginalia> 
 <sf> 服 法 佳 </sf> 
 </marginalia> 
 芎 附 散                     治 產 後 氣 虛 頭 痛 。 及 敗 血 作 梗 。 頭 痛 諸 藥 不 效 者 。 
 <formula> 
 川 芎 <sf> 一 兩 </sf>                                 大 附 子 <sf> 一 箇 去 皮 臍 切 四 片 拌 釅 醋 一 碗 炙 附 子 蘸 醋 盡 為 度 </sf> 
 </formula> 
 右 為 末 每 服 二 錢 清 茶 調 服 
 加 減 四 物 湯                     治 產 後 頭 痛 。 血 虛 。 痰 癖 寒 厥 。 皆 令 頭 痛 。 
 <formula> 
 蒼 朮 <sf> 一 兩 六 錢 </sf>           羌 活                                     川 芎                                 防 風                       香 附 炒       
 白 芷 <sf> 各 一 兩 </sf>                   石 羔 <sf> 二 兩 半 </sf>                 細 辛 <sf> 一 兩 半 </sf>                   當 歸                       甘 草 <sf> 各 五 錢 </sf> 
 </formula> 
 <marginalia> 
 <sf> 產 後 頭 痛 至 于 血 虛 正 治 也 求 之 瘀 血 變 法 也 似 瘀 血 而 非 瘀 血 反 下 如 蝗 虫 </sf> 
 </marginalia> 
 </text></document>