<?xml version="1.0" encoding="UTF-8" standalone="yes" ?>
<document>
<header>
<doctitle>
 重訂濟陰綱目 
 </doctitle>
<volume>
 第六冊, 卷 11 
 </volume>
<author>
 武 之 望   (叔卿 ) 
</author>
<date>
 清雍正六年, 1728
 </date>
<currentpage>
 text 31a 
 </currentpage>
<first>
 jiyingkangmu v.6 text10 1a.xml
</first>
<last>
 jiyingkangmu v.6 text11 38b.xml
</last>
<prev>
 jiyingkangmu v.6 text11 30b.xml 
</prev>
<next>
 jiyingkangmu v.6 text11 31b.xml 
</next>
<image>
 jiyingkangmu v.6 text11 31a.jpg 
</image>
</header><text>
柴 胡 若 肝 經 血 虛 用 四 物 參 朮 柴 胡 氣 血 俱 虛 用 八 珍 柴 胡 若 腎 水 不 足 。 不 能 生 肝 。 用 六 味 丸 。 若 肺 金 勢 盛 。 { 剋 } 制 肝 木 。 用 瀉 白 湯 。 仍 參 前 論 主 之 。 
 <marginalia> 
 <sf> 俱 屬 肝 經 而 有 勝 { 剋 } 乘 制 之 異 故 治 不 同 </sf> 
 </marginalia> 
 一 產 婦 因 怒 。 兩 { 脅 } 脹 痛 。 吐 血 甚 多 。 發 熱 惡 寒 。 胸 腹 脹 痛 。 余 以 為 氣 血 俱 虛 。 用 八 珍 加 柴 胡 丹 皮 炮 薑 。 而 血 頓 止 。 又 用 十 全 大 補 湯 。 而 寒 熱 漸 退 。 此 症 苟 非 用 薑 桂 辛 溫 。 &lt;x> 脾 肺 以 行 藥 勢 。 不 惟 無 以 施 功 。 而 反 &lt;x> 其 脹 矣 。 
 <marginalia> 
 <sf> 世 謂 木 淂 桂 而 枯 故 用 之 以 治 { 脅 } 痛 然 不 可 不 審 寒 執 虛 實 也 </sf> 
 </marginalia> 
 乾 地 黃 湯                     治 產 後 兩 { 脅 } 滿 痛 。 兼 除 百 病 。 
 <formula> 
   乾 地 黃                     芍 藥 <sf> 各 三 兩 </sf>                       當 歸                     蒲 黃 <sf> 各 二 兩 </sf>                       桂 心 <sf> 六 兩 </sf> 
   甘 草 <sf> 一 兩 </sf>                 生 薑 <sf> 五 兩 </sf>                             大 棗 <sf> 二 十 枚 </sf> 
 </formula> 
   右 &lt;x> 咀 以 水 一 斗 煮 取 二 升 半 分 服 日 三 
 <marginalia> 
 <sf> 此 方 以 桂 心 為 君 而 以 血 藥 為 輔 用 之 以 溫 肝 家 血 寒 之 病 則 可 用 之 以 治 肝 </sf> 
 </marginalia> 
 </text></document>