<?xml version="1.0" encoding="UTF-8" standalone="yes" ?>
<document>
<header>
<doctitle>
 重訂濟陰綱目 
 </doctitle>
<volume>
 第二冊, 卷 2 
 </volume>
<author>
 武 之 望   (叔卿 ) 
</author>
<date>
 清雍正六年, 1728
 </date>
<currentpage>
 text 18b 
 </currentpage>
<first>
 jiyingkangmu v.2 text2 1a.xml
</first>
<last>
 jiyingkangmu v.2 text3 26b.xml 
</last>
<prev>
 jiyingkangmu v.2 text2 18a.xml 
</prev>
<next>
 jiyingkangmu v.2 text2 19a.xml 
</next>
<image>
 jiyingkangmu v.2 text2 18b.jpg 
</image>
</header><text>
一 婦 人 。 性 急 。 每 怒 。 非 太 陽 耳 項 喉 齒 胸 乳 作 痛 。 則 胸 滿 吞 酸 。 吐 瀉 。 少 食 。 經 行 不 止 。 此 皆 肝 火 之 證 。 肝 自 病 則 外 證 見 。 土 受 { 剋 } 則 內 證 作 。 若 自 病 見 。 用 四 物 加 白 朮 茯 苓 柴 胡 炒 梔 。 炒 龍 膽 。 
 <marginalia> 
 <sf> 芍 柴 梔 膽 是 厥 陰 藥 白 茯 是 平 肝 藥 </sf> 
 </marginalia> 
 若 內 證 作 。 用 四 君 子 加 柴 胡 芍 藥 神 麴 吳 茱 萸 炒 過 黃 連 。 諸 證 漸 愈 。 
 <marginalia> 
 <sf> 脾 病 兼 肝 故 用 法 而 此 </sf> 
 </marginalia> 
 惟 月 經 不 止 。 是 血 分 有 熱 。 脾 氣 尚 虛 。 以 逍 遙 散 倍 用 白 朮 茯 苓 陳 皮 又 以 補 中 益 氣 。 加 酒 炒 芍 藥 。 兼 服 而 調 。 
 <marginalia> 
 <sf> 若 血 分 有 熱 當 加 丹 皮 山 梔 </sf> 
 </marginalia> 
 
 論 氣 陷 血 脫 法 當 升 舉 
 東 垣 云 。 一 婦 人 經 候 黑 血 。 凝 結 成 塊 。 左 廂 有 血 瘕 。 水 瀉 不 止 。 穀 食 有 時 化 。 有 時 不 化 。 至 今 歲 四 月 血 塊 暴 下 。 併 水 注 俱 作 。 是 前 後 二 陰 有 形 之 血 脫 竭 於 下 既 久 。 經 候 尤 不 調 。 水 瀉 日 見 三 兩 行 。 食 罷 心 煩 不 快 。 飲 食 減 少 。 甚 至 瘦 弱 。 東 垣 先 生 曰 。 夫 聖 人 治 病 必 本 四 
 </text></document>