<?xml version="1.0" encoding="UTF-8" standalone="yes" ?>
<document>
<header>
<doctitle>
 重訂濟陰綱目 
 </doctitle>
<volume>
 第八冊, 卷 14 
 </volume>
<author>
 武 之 望   (叔卿 ) 
</author>
<date>
 清雍正六年, 1728
 </date>
<currentpage>
 text 14b 
 </currentpage>
<first>
 jiyingkangmu v.8 text14 1a.xml
</first>
<last>
 bao sheng sui shi 9b.xml
</last>
<prev>
 jiyingkangmu v.8 text14 14a.xml 
</prev>
<next>
 jiyingkangmu v.8 text14 15&amp;16a.xml 
</next>
<image>
 jiyingkangmu v.8 text14 14b.jpg 
</image>
</header><text>
<formula>石 韋     黃 芩     木 通     榆 白 皮     葵 子     瞿 麥 穗     甘 草 <sf> 各 等 分 </sf> 
 右 &lt;x> 咀 ﹐ 每 服 八 錢 ﹐ 加 生 姜 三 片 ﹐ 水 煎 食 前 溫 服 
 </formula> 
 
 <formula> 
 加 味 四 物 湯     諸 淋 皆 屬 於 熱 。 用 此 累 { 效 } 。 
 當 歸     川 芎     赤 芍 藥     生 地 黃     甘 草 稍     杜 牛 膝     木 通 <sf> 各 一 錢 </sf>     桃 仁 <sf> 去 皮 尖 五                 箇 </sf>     滑 石 <sf> 一 錢 半 </sf>     木 香 
 右 剉 水 煎 服 
 </formula> 
 
 <formula> 
 一 方       療 產 後 淋 。 小 便 痛 。 及 血 淋 。 
 白 茅 根 <sf> 五 分 </sf>     瞿 麥     車 前 子 <sf> 各 二 兩 </sf>     鯉 魚 齒 <sf> 一 百 根 為 末 </sf>     通 草 <sf> 三 兩 </sf>     冬 葵 子 <sf> 三 分 </sf> 
 右 以 水 三 升 ﹐ 煮 取 一 升 入 魚 齒 末 空 心 服 ﹐ 
 </formula> 
 </text></document>