<?xml version="1.0" encoding="UTF-8" standalone="yes" ?>
<document>
<header>
<doctitle>
 重訂濟陰綱目 
 </doctitle>
<volume>
 第二冊, 卷 2 
 </volume>
<author>
 武 之 望   (叔卿 ) 
</author>
<date>
 清雍正六年, 1728
 </date>
<currentpage>
 text 13a 
 </currentpage>
<first>
 jiyingkangmu v.2 text2 1a.xml
</first>
<last>
 jiyingkangmu v.2 text3 26b.xml 
</last>
<prev>
 jiyingkangmu v.2 text2 12b.xml 
</prev>
<next>
 jiyingkangmu v.2 text2 13b.xml 
</next>
<image>
 jiyingkangmu v.2 text2 13a.jpg 
</image>
</header><text>
酒 化 開 。 臨 臥 溫 服 。 大 便 利 一 二 行 。 紅 <cf> &#33033; </cf> 自 下 。 是 調 經 之 仙 藥 也 。 ○ 一 方 加 當 歸 頭 。 ○ 一 方 加 香 附 二 兩 。 童 便 浸 炒 為 末 入 膏 丸 。 桐 子 大 。 熱 酒 下 四 十 丸 。 
 <marginalia> 
 <sf> 一 味 解 熱 通 經 其 加 當 歸 頭 香 附 者 一 榮 血 一 調 氣 也 在 人 自 擇 之 </sf> 
 </marginalia> 
 
<formula> 
 聖 惠 方         治 婦 人 月 水 澀 滯 不 快 。 結 成 瘕 塊 脹 大 欲 {死} 。 
 馬 條 草 根 苗 五 觔 剉 細 。 水 五 斗 。 煎 至 一 斗 。 去 渣 別 以 淨 器 盛 {熬} 成 膏 。 食 前 溫 酒 調 下 半 匙 。 </formula><marginalia> 
 <sf> 單 行 血 <cf> &#33033; </cf> 最 穩 當 </sf> 
 </marginalia> 
 
<formula> 
 通 經 丸         治 婦 人 室 女 月 候 不 通 或 成 血 瘕 。 
 當 歸         桂 心         青 皮         乾 薑 <sf> 炒 </sf>         川 椒 <sf> 炒 出 汗 </sf>         川 烏 <sf> 炮 </sf>         {蓬} 莪 朮         乾 漆 <sf> 炒 <cf> &#28895; </cf> 盡 </sf>         大 黃 <sf> 炮 </sf>         桃 仁 <sf> 去 皮 尖 炒 各 等 分 </sf> 
 </formula> 
 右 為 末 。 先 將 四 分 。 用 米 醋 熬 成 膏 。 和 餘 六 分 成 劑 。 臼 中 杵 丸 。 如 桐 子 大 。 晒 乾 。 每 服 二 十 丸 。 用 淡 醋 湯 下 。 加 至 三 十 丸 。 溫 酒 亦 得 
 <marginalia> 
 <sf> 此 方 類 聚 大 熱 之 藥 非 因 寒 凝 氣 滯 血 結 成 瘕 者 不 可 服 </sf> 
 </marginalia> 
 </text></document>