<?xml version="1.0" encoding="UTF-8" standalone="yes" ?>
<document>
<header>
<doctitle>
 重訂濟陰綱目 
 </doctitle>
<volume>
 第三冊, 卷 6 
 </volume>
<author>
 武 之 望   (叔卿 ) 
</author>
<date>
 清雍正六年, 1728
 </date>
<currentpage>
 text 5a 
 </currentpage>
<first>
 jiyingkangmu v.3 text4 1a.xml
</first>
<last>
 jiyingkangmu v.3 text6 26b.xml 
</last>
<prev>
 jiyingkangmu v.3 text6 4b.xml 
</prev>
<next>
 jiyingkangmu v.3 text6 5b.xml 
</next>
<image>
 jiyingkangmu v.3 text6 5a.jpg 
</image>
</header><text>
有 不 下 。 凡 子 形 肖 父 母 者 以 其 精 血 嘗 於 父 母 之 身 。 無 所 不 歷 也 。 是 以 父 一 肢 廢 。 則 子 一 肢 不 肖 其 父 。 母 一 目 虧 。 則 子 一 目 不 肖 其 母 。 精 未 通 。 而 御 女 以 通 其 精 。 則 五 體 有 不 滿 之 處 。 異 日 有 難 狀 之 疾 。 陰 已 痿 而 思 色 以 降 其 精 。 則 精 不 出 內 敗 。 小 便 道 
 { 澀 } 而 為 淋 。 
 <marginalia> 
 <sf> 血 竭 者 流 白 液 精 竭 者 必 血 來 一 以 氣 不 及 化 血 一 以 血 不 及 化 精 二 者 病 則 一 般 其 為 害 又 不 止 于 此 </sf> 
 </marginalia> 
 精 已 耗 而 復 竭 之 。 則 大 小 便 道 牽 疼 。 愈 疼 則 愈 欲 大 小 便 。 愈 便 則 愈 疼 。 女 人 天 癸 既 至 。 踰 十 年 無 男 子 合 。 則 不 調 。 未 踰 十 年 。 思 男 女 合 。 亦 不 調 。 不 調 。 則 舊 血 不 出 。 新 血 誤 行 。 或 漬 而 入 骨 。 或 變 而 之 腫 。 或 雖 合 而 難 子 。 合 男 子 多 。 則 瀝 枯 虛 人 產 乳 眾 。 則 血 枯 殺 人 觀 其 精 血 思 過 半 矣 。 
 
 ○ 論 成 胎 分 男 女 之 異 
 褚 尚 書 曰 。 男 女 之 合 。 二 精 皆 暢 。 陰 血 先 至 。 陽 精 後 衝 。 血 開 裹 精 。 精 
 </text></document>