<?xml version="1.0" encoding="UTF-8" standalone="yes" ?>
<document>
<header>
<doctitle>
 重訂濟陰綱目 
 </doctitle>
<volume>
 第八冊, 卷 14 
 </volume>
<author>
 武 之 望   (叔卿 ) 
</author>
<date>
 清雍正六年, 1728
 </date>
<currentpage>
 text 40b 
 </currentpage>
<first>
 jiyingkangmu v.8 text14 1a.xml
</first>
<last>
 bao sheng sui shi 9b.xml
</last>
<prev>
 jiyingkangmu v.8 text14 40a.xml 
</prev>
<next>
 jiyingkangmu v.8 text14 41a.xml 
</next>
<image>
 jiyingkangmu v.8 text14 40b.jpg 
</image>
</header><text>
<formula>右 用 無 根 水 丸 。 如 雞 頭 子 大 。 以 黃 丹 為 衣 。 每 服 一 丸 。 或 二 丸 。 好 酒 下 。 如 不 飲 酒 。 白 湯 下 不 可 化 開 。 亦 不 可 令 病 人 知 。 極 有 效 驗 。 </formula> 
 
 <formula> 
 一 方     治 乳 癰 及 無 名 腫 毒 初 起 。 
 用 五 葉 藤 一 名 五 龍 爪 ﹐ 不 拘 多 少 ﹐ 生 薑 一 塊 ﹐ 好 酒 一 碗 ﹐ 擂 爛 去 渣 熱 服 ﹐ 汗 出 為 度 ﹐ 仍 以 渣 敷 </formula> 
 
 <formula> 
 敷 乳 方 
 天 南 星     皂 角 刺 <sf> 燒 帶 生 </sf>     半 夏 <sf> 生 名 三 分 </sf>     白 芷     草 烏     直 殭 蠶 <sf> 焙 各 一 方 </sf> 
 右 為 細 末 ﹐ 多 用 蔥 白 研 取 汁 ﹐ 入 蜜 調 敷 ﹐ 若 破 瘡 口 ﹐ 用 膏 藥 貼 ﹐ </formula> 
 
 <marginalia> 
 <sf> 破 血 破 氣 破 痰 
 <cf> &#33905; </cf> 與 蜜 反 故 用 之 </sf> 
 </marginalia>
<formula> 
 <cf> &#33905; </cf> 熨 法 。     治 吹 乳 乳 癰 登 時 立 消 。 
 用 連 根 <cf> &#33905; </cf> 一 大 把 。 搗 爛 成 餅 。 一 指 厚 攤 乳 上 。 用 瓦 罐 盛 灰 火 
 </formula></text></document>