<?xml version="1.0" encoding="UTF-8" standalone="yes" ?>
<document>
<header>
<doctitle>
 重訂濟陰綱目 
 </doctitle>
<volume>
 第八冊, 卷 14 
 </volume>
<author>
 武 之 望   (叔卿 ) 
</author>
<date>
 清雍正六年, 1728
 </date>
<currentpage>
 text 30b 
 </currentpage>
<first>
 jiyingkangmu v.8 text14 1a.xml
</first>
<last>
 bao sheng sui shi 9b.xml
</last>
<prev>
 jiyingkangmu v.8 text14 30a.xml 
</prev>
<next>
 jiyingkangmu v.8 text14 31a.xml 
</next>
<image>
 jiyingkangmu v.8 text14 30b.jpg 
</image>
</header><text>
<formula>當 歸 <sf> 二 錢 </sf>     黃 蓍 <sf> 一 兩 </sf>     蔥 白 十 根 
 右 剉 水 煎 服 </formula> 
 
 <marginalia> 
 <sf> 此 方 亦 從 補 法 來 而 以 <cf> &#33905; </cf> 白 引 入 乳 房 尤 為 捷 徑 </sf> 
 </marginalia>
<formula> 
 通 <cf> &#33033; </cf> 散     治 女 人 乳 少 。 
 當 歸     天 花 粉     木 通     牡 蠣     穿 山 甲 
 右 為 細 末 ﹐ 用 <cf> &#64022; </cf> 蹄 湯 入 酒 少 許 ﹐ 調 服 ﹐ </formula> 
 
 <formula> 
 通 乳 湯     治 乳 後 氣 血 不 足 。 經 血 衰 弱 。 乳 汁 { 澀 } 少 。 
 <cf> &#64022; </cf> 蹄 <sf> 下 節 四 隻 </sf>     通 草 <sf> 二 兩 </sf>     川 芎 <sf> 一 兩 </sf>     穿 山 甲 <sf> 十 四 片 炒 黃 </sf>     甘 草 <sf> 一 錢 </sf> 
 右 用 水 五 升 ﹐ 煮 汁 飲 之 ﹐ 忌 生 冷 ﹐ 避 風 寒 ﹐ 夜 臥 不 宜 失 蓋 ﹐ 更 以 <cf> &#33905; </cf>           湯 頻 洗 乳 房 </formula> 
 
 <formula> 
 一 方 治 乳 汁 不 通 。 
 當 歸     穿 山 甲 <sf> 酥 炙 各 五 錢 </sf>     天 花 粉     王 不 留 行     
 </formula></text></document>