<?xml version="1.0" encoding="UTF-8" standalone="yes" ?>
<document>
<header>
<doctitle>
 重訂濟陰綱目 
 </doctitle>
<volume>
 第二冊, 卷 2 
 </volume>
<author>
 武 之 望   (叔卿 ) 
</author>
<date>
 清雍正六年, 1728
 </date>
<currentpage>
 text 37b 
 </currentpage>
<first>
 jiyingkangmu v.2 text2 1a.xml
</first>
<last>
 jiyingkangmu v.2 text3 26b.xml 
</last>
<prev>
 jiyingkangmu v.2 text2 37a.xml 
</prev>
<next>
 jiyingkangmu v.2 text2 38a.xml 
</next>
<image>
 jiyingkangmu v.2 text2 37b.jpg 
</image>
</header><text>
<marginalia> 
 <sf> 之 義 亦 咒 由 法 
 荷 葉 清 芬 可 以 升 肝 <cf> &#32966; </cf> 之 氣 而 清 血 烏 紗 染 五 倍 故 能 止 血 又 有 生 漆 可 以 破 瘀 取 常 用 者 陽 升 之 意 
 腸 風 不 用 童 便 似 有 前 後 之 分 </sf> 
 </marginalia> 
 
 右 為 末 。 酒 服 二 錢 空 心 服 。 
 <marginalia> 
 <sf> 蓮 花 心 性 濇 而 香 可 以 通 心 氣 之 和 而 濇 血 </sf> 
 </marginalia> 
 
<formula> 
 烏 金 散         治 血 崩 不 止 
 { 棕 } 櫚 毛 <sf> 燒 存 性 一 兩 </sf>         龍 骨 <sf> &lt;x> 過 二 錢 </sf> 
 </formula> 
 右 為 細 末 研 勻 。 每 三 錢 。 空 心 好 酒 調 服 。 二 服 立 止 。 
 
 <formula> 
 香 礬 散         治 血 崩 
 香 附 子 <sf> 醋 浸 一 宿 炒 焦 存 性 為 末 一 兩 </sf>         白 礬 末 <sf> 二 錢 </sf> 
 </formula> 
 右 研 勻 米 飲 調 。 空 心 服 神 { 效 } 。 一 方 用 荷 葉 調 尤 妙 。 
 
 <formula> 
 一 方         治 婦 人 血 崩 不 止 。 
 槐 花 <sf> 一 兩 </sf>         { 棕 } 毛 灰 <sf> 五 錢 </sf> 
 </formula> 
 右 為 末 。 水 二 盞 。 鹽 少 許 。 煎 至 七 分 去 滓 溫 服 。 ○ 一 方 用 陳 槐 花 一 兩 。 百 草 霜 半 兩 。 稱 錘 燒 紅 。 淬 酒 下 一 二 錢 。 ○ 一 方 槐 花 萼 燒 
 <marginalia> 
 <sf> 涼 而 能 止 </sf> 
 </marginalia> 
 </text></document>