<?xml version="1.0" encoding="UTF-8" standalone="yes" ?>
<document>
<header>
<doctitle>
 重訂濟陰綱目 
 </doctitle>
<volume>
 第七冊, 卷 13 
 </volume>
<author>
 武 之 望   (叔卿 ) 
</author>
<date>
 清雍正六年, 1728
 </date>
<currentpage>
 text 43a 
 </currentpage>
<first>
 jiyingkangmu v.7 text12 1a.xml
</first>
<last>
 jiyingkangmu v.7 text13 46b.xml
</last>
<prev>
 jiyingkangmu v.7 text13 42b.xml 
</prev>
<next>
 jiyingkangmu v.7 text13 43b.xml 
</next>
<image>
 jiyingkangmu v.7 text13 43a.jpg 
</image>
</header><text>
<formula>知 母     貝 母     白 茯 苓     人 參 <sf> 各 二 錢 </sf>     桃 仁 <sf> 去 皮 尖 </sf>     杏 仁 <sf> 去 皮 尖 各 一 錢 </sf> 
 右 &lt;x> 咀 ﹐ 作 一 服 ﹐ 水 煎 食 後 服 ﹐ </formula> 
 
 <marginalia> 
 <sf> 于 虛 熱 者 宜 之 所 謂 其 始 則 同 其 終 則 異 也 
 二 母 涼 藥 也 豈 能 治 惡 露 上 攻 人 參 補 氣 藥 也 豈 能 治 流 入 肺 經 嗽 故 立 齊 以 桃 仁 杏 仁 加 倍 蓋 謂 瀉 肺 導 瘀 也 然 亦 不 敢 妄 用 
 
 補 土 生 金 法 </sf> 
 </marginalia>
<formula> 
 異 功 散     治 脾 胃 虛 弱 。 飲 食 少 思 。 或 久 患 咳 嗽 。 或 腹 滿 不 食 。 而 浮 氣 逆 等 證 
 人 參     白 術 <sf> 炒 </sf>     白 茯 苓     甘 草 <sf> 炙 </sf>       陳 皮 <sf> 各 二 錢 </sf> 
 右 剉 一 劑 加 薑 棗 水 煎 服 ﹐ </formula> 
 
 <formula> 
 經 效 方     治 咳 嗽 多 痰 。 唾 粘 氣 急 
 前 胡     五 味 子     紫 苑     貝 母 <sf> 各 一 兩 半 </sf>     桑 白 皮     茯 苓 <sf> 各 二 兩 </sf>     淡 竹 葉 <sf> 二 十 片 </sf> 
 右 &lt;x> 咀 ﹐ 水 二 升 ﹐ 煎 取 八 合 ﹐ 去 渣 ﹐ 食 後 分 兩 服 ﹐ </formula>
<marginalia> 
 <sf> 久 嗽 多 痰 者 此 方 甚 良 蓋 為 散 中 能 斂 補 中 有 瀉 也 </sf> 
 </marginalia> 
 </text></document>