<?xml version="1.0" encoding="UTF-8" standalone="yes" ?>
<document>
<header>
<doctitle>
 重訂濟陰綱目 
 </doctitle>
<volume>
 第四冊, 卷 8 
 </volume>
<author>
 武 之 望   (叔卿 ) 
</author>
<date>
 清雍正六年, 1728
 </date>
<currentpage>
 text 7b 
 </currentpage>
<first>
 jiyingkangmu v.4 text7 1a.xml
</first>
<last>
 jiyingkangmu v.4 text8 44b.xml 
</last>
<prev>
 jiyingkangmu v.4 text8 7a.xml 
</prev>
<next>
 jiyingkangmu v.4 text8 8a.xml 
</next>
<image>
 jiyingkangmu v.4 text8 7b.jpg 
</image>
</header><text>
<sf> 下 廉 三 里 等 穴 是 也 </sf> 足 陽 明 內 屬 於 胃 。 主 其 口 目 。 六 月 之 時 。 兒 口 目 皆 成 。 調 五 味 。 食 甘 美 。 毋 太 飽 。 
 
 妊 娠 七 月 。 始 受 水 精 。 以 成 其 骨 。 勞 身 搖 肢 。 無 使 定 止 。 動 作 屈 伸 。 以 運 氣 血 。 居 處 必 燥 。 飲 食 避 寒 。 常 食 稻 粳 。 以 密 腠 理 。 是 謂 養 骨 而 堅 齒 ○ { 妊 } 娠 七 月 。 手 太 陰 脈 養 。 不 可 針 灸 其 經 。 <sf> 如 少 商 魚 際 列 缺 尺 澤 天 府 等 穴 是 也 。 </sf> 手 太 陰 內 屬 於 肺 主 皮 毛 。 七 月 之 時 。 兒 皮 毛 已 成 無 大 言 。 無 號 哭 。 無 薄 衣 。 無 洗 浴 。 無 寒 飲 。 
 
 { 妊 } 娠 八 月 。 始 生 土 精 。 以 成 膚 革 。 和 心 靜 息 。 無 使 氣 極 。 是 謂 密 腠 理 。 而 光 澤 顏 色 。 ○ { 妊 } 娠 八 月 。 手 陽 明 脈 養 。 不 可 針 灸 其 經 。 <sf> 如 商 陽 二 間 合 谷 上 下 廉 三 里 曲 池 肩 井 肩 &lt;x> 等 穴 是 也 。 </sf> 手 陽 明 內 屬 於 大 腸 。 主 九 竅 。 八 月 之 時 。 兒 九 竅 皆 成 。 無 食 燥 物 。 無 輒 失 食 無 忍 大 起 
 </text></document>