<?xml version="1.0" encoding="UTF-8" standalone="yes" ?>
<document>
<header>
<doctitle>
 重訂濟陰綱目 
 </doctitle>
<volume>
 第六冊, 卷 10 
 </volume>
<author>
 武 之 望   (叔卿 ) 
</author>
<date>
 清雍正六年, 1728
 </date>
<currentpage>
 text 18b 
 </currentpage>
<first>
 jiyingkangmu v.6 text10 1a.xml
</first>
<last>
 jiyingkangmu v.6 text11 38b.xml
</last>
<prev>
 jiyingkangmu v.6 text10 18a.xml 
</prev>
<next>
 jiyingkangmu v.6 text10 19a.xml 
</next>
<image>
 jiyingkangmu v.6 text10 18b.jpg 
</image>
</header><text>
一 方 車 軸 脂 。 吞 大 豆 許 兩 丸 。 
 一 方 紅 莧 菜 與 馬 齒 莧 同 煮 熟 。 臨 產 食 之 即 下 。 
 一 方 車 前 子 為 末 。 酒 服 二 錢 。 
 一 方 取 本 夫 { 褌 } 帶 五 寸 。 燒 存 性 。 酒 調 服 下 。 
 一 方 取 槐 樹 東 枝 。 令 產 婦 把 之 易 產 。 
 一 方 用 紫 蘇 煎 湯 。 調 益 元 散 服 之 即 產 。 
 一 方 吞 槐 子 十 四 粒 即 下 。 
 一 方 取 槐 子 。 十 四 粒 。 蒲 黃 一 合 。 納 酒 中 溫 服 。 須 臾 不 生 。 再 服 之 。 本 服 亦 得 。 
 一 方 生 薑 汁 。 生 地 黃 。 汁 各 半 升 合 。 煎 熟 頓 服 之 。 
 治 交 骨 不 開 。 
 <marginalia> 
 <sf> 凡 產 婦 藥 性 不 同 胎 氣 各 異 諸 方 種 種 俱 云 神 效 然 用 者 必 詳 症 體 選 之 方 驗 不 然 恐 漫 嘗 無 益 </sf> 
 </marginalia> 
 </text></document>