<?xml version="1.0" encoding="UTF-8" standalone="yes" ?>
<document>
<header>
<doctitle>
 重訂濟陰綱目 
 </doctitle>
<volume>
 第一冊, 卷 1 
 </volume>
<author>
 武 之 望   (叔卿 ) 
</author>
<date>
 清雍正六年, 1728
 </date>
<currentpage>
 text 7b 
 </currentpage>
<first>
 jiyingkangmu v.1 tp.xml
</first>
<last>
 jiyingkangmu v.1 text1 38b.xml 
</last>
<prev>
 jiyingkangmu v.1 text1 7a.xml 
</prev>
<next>
 jiyingkangmu v.1 text1 8a.xml 
</next>
<image>
 jiyingkangmu v.1 text1 7b.jpg 
</image>
</header><text>
寒 熱 邪 氣 客 於 胞 中 。 非 因 虛 弱 也 。 ○ 薛 氏 曰 。 前 証 若 鬱 結 傷 脾 。 用 歸 脾 湯 。 恚 怒 傷 肝 。 用 逍 遙 散 。 肝 火 妄 動 。 用 加 味 四 物 湯 。 脾 氣 虛 弱 。 用 六 君 子 湯 。 元 氣 下 陷 。 用 補 中 益 氣 湯 。 熱 傷 元 氣 。 前 湯 加 五 味 。 麥 門 冬 。 炒 黑 黃 檗 。 
 
 ○ 論 過 期 不 止 
 產 寶 云 。 男 子 生 於 寅 。 寅 屬 木 。 陽 中 有 陰 。 故 男 子 得 八 數 。 女 子 生 於 申 。 申 屬 金 。 陰 中 有 陽 。 故 女 子 。 得 七 數 。 男 以 氣 為 主 八 八 則 卦 數 已 盡 。 女 以 血 為 主 。 七 七 則 卦 數 已 終 。 終 則 經 水 絕 。 衝 任 <cf> &#33033; </cf> 虛 衰 。 天 癸 絕 。 地 道 不 通 。 而 無 子 矣 。 或 勞 傷 過 度 。 喜 怒 不 時 。 經 <cf> &#33033; </cf> 衰 微 之 際 。 又 為 邪 氣 致 衝 。 所 以 當 止 不 止 而 崩 下 也 。         許 學 士 云 。 婦 人 經 <cf> &#33033; </cf> 過 期 不 止 。 腰 腹 疼 痛 。 或 七 七 數 盡 。 而 月 經 下 者 。 宜 用 當 歸 散 治 之 。 
 <marginalia> 
 <sf> 不 斷 下 血 有 何 分 別 臨 症 宜 細 辨 詳 認</sf> 
 </marginalia> 
 </text></document>