<?xml version="1.0" encoding="UTF-8" standalone="yes" ?>
<document>
<header>
<doctitle>
 重訂濟陰綱目 
 </doctitle>
<volume>
 第七冊, 卷 13 
 </volume>
<author>
 武 之 望   (叔卿 ) 
</author>
<date>
 清雍正六年, 1728
 </date>
<currentpage>
 text 41a 
 </currentpage>
<first>
 jiyingkangmu v.7 text12 1a.xml
</first>
<last>
 jiyingkangmu v.7 text13 46b.xml
</last>
<prev>
 jiyingkangmu v.7 text13 40b.xml 
</prev>
<next>
 jiyingkangmu v.7 text13 41b.xml 
</next>
<image>
 jiyingkangmu v.7 text13 41a.jpg 
</image>
</header><text>
<formula><marginalia> 
 <sf> 因 也 然 又 有 痰 熱 虛 呃 之 不 同 並 宜 詳 辨 
 期 門 在 乳 下 </sf> 
 </marginalia> 
 
 丁 香     白 豆 蔻 <sf> 各 半 兩 </sf>     伏 龍 肝 <sf> 一 兩 </sf> 
 右 為 細 末 ﹐ 每 服 一 錢 ﹐ 煎 桃 仁 吳 茱 萸 湯 。 調 下 ﹐ 如 人 行 五 里 ﹐ 再 服 </formula> 
 
 <marginalia> 
 <sf> 此 只 治 欬 逆 也 而 何 又 有 心 煩 焉 閱 此 方 欬 逆 是 虛 寒 氣 滯 心 煩 是 敗 血 瘀 留 不 然 以 用 桃 仁 同 吳 萸 為 湯 也 當 識 之 </sf> 
 </marginalia>
<formula> 
 薑 桂 散     治 產 後 欬 逆 。 三 日 不 止 。 欲 死 。 
 肉 桂 <sf> 五 錢 </sf>     薑 汁 <sf> 三 合 </sf> 
 右 剉 同 煎 ﹐ 服 三 合 ﹐ 以 大 火 炙 ﹐ 手 摩 令 背 熱 。 時 時 塗 藥 汁 盡 妙 </formula> 
 
 <marginalia> 
 <sf> 此 治 寒 自 背 入 而 欬 逆 也 
 摩 背 法 極 妙 其 曰 時 時 塗 藥 汁 盡 前 既 服 之 外 又 以 藥 塗 手 摩 之 也 
 治 下 元 虛 中 氣 </sf> 
 </marginalia>
<formula> 
 { 羌 } 活 散     治 吃 逆 。 
 { 羌 } 活     附 子 <sf> 炮 </sf>     茴 香 <sf> 炒 各 半 兩 </sf>     木 香     白 薑 <sf> 炮 各 二 錢 半 </sf> 
 右 為 末 ﹐ 每 服 二 錢 ﹐ 水 一 盞 ﹐ 鹽 一 捻 ﹐ 煎 十 數 沸 熱 服 ﹐ 一 服 止 ﹐ </formula> 
 
 <marginalia> 
 <sf> 弱 而 又 為 外 感 寒 邪 者 設 也 妙 在 用 鹽 </sf> 
 </marginalia>
<formula> 
 一 方     治 產 後 吃 逆 。 
 乾 柿 一 個 ﹐ 切 碎 ﹐ 以 水 一 盞 ﹐ 煎 六 分 ﹐ 熱 呷 ﹐ </formula> 
 
 <marginalia> 
 <sf> 吃 逆 症 俱 用 柿 蒂 而 此 用 乾 柿 意 自 有 別 </sf> 
 </marginalia>
<formula> 
 一 方     治 產 後 吃 逆 。 三 五 日 不 止 。 
 </formula></text></document>