<?xml version="1.0" encoding="UTF-8" standalone="yes" ?>
<document>
<header>
<doctitle>
 重訂濟陰綱目 
 </doctitle>
<volume>
 第三冊, 卷 6 
 </volume>
<author>
 武 之 望   (叔卿 ) 
</author>
<date>
 清雍正六年, 1728
 </date>
<currentpage>
 text 22b 
 </currentpage>
<first>
 jiyingkangmu v.3 text4 1a.xml
</first>
<last>
 jiyingkangmu v.3 text6 26b.xml 
</last>
<prev>
 jiyingkangmu v.3 text6 22a.xml 
</prev>
<next>
 jiyingkangmu v.3 text6 23a.xml 
</next>
<image>
 jiyingkangmu v.3 text6 22b.jpg 
</image>
</header><text>
產 後 積 血 艾 醋 煎 湯 下 。 
 
 <formula> 
 壬 子 丸         此 藥 服 之 。 不 過 一 月 有 孕 。 試 之 有 { 效 } 。 
 吳 茱 萸         白 芨         白 茯 苓         白 歛 <sf> 各 一 兩 </sf>         人 參         桂 心         沒 藥 <sf> 各 四 兩 </sf>         乳 香 <sf> 三 兩 </sf>         川 牛 膝         厚 朴 <sf> 各 五 錢 </sf>         當 歸         石 菖 蒲         白 附 子 <sf> 炮 去 皮 各 一 錢 </sf> 
 </formula> 
 右 為 細 末 。 煉 蜜 丸 如 桐 子 大 。 每 服 三 四 十 丸 。 溫 酒 或 鹽 湯 下 日 進 三 服 。 用 壬 子 日 雞 犬 不 聞 之 處 修 合 。 有 孕 毋 服 。 無 夫 婦 人 不 可 服 。 
 <marginalia> 
 <sf> 以 水 旺 之 日 而 和 溫 熱 之 藥 其 意 欲 求 既 濟 之 法 也 而 白 芨 白 歛 之 用 何 居 </sf> 
 </marginalia> 
 
<formula> 
 南 嶽 魏 夫 人 濟 陰 丹         治 婦 人 血 海 虛 冷 久 無 孕 育 及 數 墮 胎 一 切 經 候 不 調 。 崩 中 漏 下 。 積 聚 諸 證 。 
 秦 艽         人 參         &lt;x> 本         石 斛         甘 草         蠶 布 <sf> 燒 灰 </sf> 
 <marginalia> 
 <sf> 此 方 藥 品 雖 多 自 成 一 局         補 氣 而 不 用 &lt;x> 朮         補 血 而 不 用 白 芍         行 血 而 </sf> 
 </marginalia> 
 </formula></text></document>