<?xml version="1.0" encoding="UTF-8" standalone="yes" ?>
<document>
<header>
<doctitle>
 重訂濟陰綱目 
 </doctitle>
<volume>
 第四冊, 卷 8 
 </volume>
<author>
 武 之 望   (叔卿 ) 
</author>
<date>
 清雍正六年, 1728
 </date>
<currentpage>
 text 25a 
 </currentpage>
<first>
 jiyingkangmu v.4 text7 1a.xml
</first>
<last>
 jiyingkangmu v.4 text8 44b.xml 
</last>
<prev>
 jiyingkangmu v.4 text8 24b.xml 
</prev>
<next>
 jiyingkangmu v.4 text8 25b.xml 
</next>
<image>
 jiyingkangmu v.4 text8 25a.jpg 
</image>
</header><text>
生 地 黃 汁 <sf> 一 升 </sf>         陳 酒 五 合 
 右 同 煎 三 五 沸 。 溫 三 服 。 以 止 為 度 
 <formula> 
 榆 白 皮 散         治 { 妊 } 孕 胎 漏 去 血 恐 其 難 產 常 宜 服 之 。 
 榆 白 皮         葵 根         大 麻 仁         瞿 麥 <sf> 各 二 錢 </sf>         木 通 <sf> 一 錢 </sf>         牛 膝 <sf> 酒 浸 焙 一 錢 半 </sf> 
 </formula> 
 右 &lt;x> 咀 。 水 煎 溫 服 。 
 
 <formula> 
 一 方         治 { 妊 } 娠 忽 暴 下 血 數 升 胎 燥 不 安 
 榆 白 皮 <sf> 三 兩 </sf>         熟 地 黃 <sf> 四 兩 </sf>         當 歸         生 薑 <sf> 各 二 兩 </sf>         葵 子 <sf> 一 升 肘 後 方 不 用 </sf> 
 </formula> 
 右 剉 。 以 水 五 升 。 煮 取 二 升 半 。 分 三 服 。 不 瘥 更 作 服 之 。 
 <marginalia> 
 <sf> 此 方 治 胎 燥 則 可 若 脾 虛 滑 泄 者 禁 用 </sf> 
 </marginalia> 
 
<formula> 
 子 苓 散         治 肝 經 有 熱 妄 行 下 血 。 
 </formula> 
 </text></document>