<?xml version="1.0" encoding="UTF-8" standalone="yes" ?>
<document>
<header>
<doctitle>
 重訂濟陰綱目 
 </doctitle>
<volume>
 第四冊, 卷 7 
 </volume>
<author>
 武 之 望   (叔卿 ) 
</author>
<date>
 清雍正六年, 1728
 </date>
<currentpage>
 text 3b 
 </currentpage>
<first>
 jiyingkangmu v.4 text7 1a.xml
</first>
<last>
 jiyingkangmu v.4 text8 44b.xml 
</last>
<prev>
 jiyingkangmu v.4 text7 3a.xml 
</prev>
<next>
 jiyingkangmu v.4 text7 4a.xml 
</next>
<image>
 jiyingkangmu v.4 text7 3b.jpg 
</image>
</header><text>
<formula>甘 草 <sf> 各 七 錢 半 </sf>         大 腹 皮         紫 蘇         木 瓜         陳 皮         沉 香         獨 活 <sf> 各 一 兩 </sf> 
 </formula> 
 右 &lt;x> 咀 每 服 三 錢 水 煎 食 後 服 。 
 
 <formula> 
 大 調 經 散         治 榮 衛 不 調 。 陰 陽 相 乘 。 增 寒 發 熱 。 自 汗 腫 滿 。 
 大 豆 <sf> 炒 去 皮 一 兩 半 </sf>         茯 苓 <sf> 一 兩 </sf>         真 琥 珀 <sf> 一 錢 </sf> 
 </formula> 右 為 末 。 每 服 一 錢 。 濃 煎 烏 豆 紫 蘇 湯 下 。 
 <marginalia> 
 <sf> 此 開 &lt;x> 門 潔 淨 府 法 皆 在 氣 分 而 不 在 血 不 調 增 寒 自 汗 乃 邪 在 表 也 </sf> 
 </marginalia> 
 
<formula> 
 大 腹 皮 飲         治 婦 人 血 嬰 &lt;x> &lt;x> 腹 腫 。 
 大 腹 皮         防 己         木 通         厚 朴         括 蔞         黃 蓍         枳 殼         桑 白 皮         大 黃         陳 皮         五 味 子 <sf> 各 等 分 </sf> 
 </formula> 
 右 剉 。 每 服 一 兩 。 水 煎 去 滓 。 入 酒 少 許 服 。 
 <marginalia> 
 <sf> 血 嬰 之 名 甚 新 謂 &lt;x> 腹 脹 如 抱 嬰 瘤 之 狀 也 然 皆 用 行 氣 藥 也 黃 &lt;x> 五 味 大 黃 又 可 以 補 氣 而 行 血 </sf> 
 </marginalia> 
 </text></document>