<?xml version="1.0" encoding="UTF-8" standalone="yes" ?>
<document>
<header>
<doctitle>
 重訂濟陰綱目 
 </doctitle>
<volume>
 第六冊, 卷 11 
 </volume>
<author>
 武 之 望   (叔卿 ) 
</author>
<date>
 清雍正六年, 1728
 </date>
<currentpage>
 text 6b 
 </currentpage>
<first>
 jiyingkangmu v.6 text10 1a.xml
</first>
<last>
 jiyingkangmu v.6 text11 38b.xml
</last>
<prev>
 jiyingkangmu v.6 text11 6a.xml 
</prev>
<next>
 jiyingkangmu v.6 text11 7a.xml 
</next>
<image>
 jiyingkangmu v.6 text11 6b.jpg 
</image>
</header><text>
  右 剉 以 水 一 升 煮 半 升 去 渣 分 二 服 
 千 金 備 急 丸                     治 產 後 惡 血 衝 心 。 胎 衣 不 下 。 腹 中 血 塊 。 
 錦 紋 大 黃 一 兩 為 細 末 。 用 釅 醋 半 升 。 同 煎 如 膏 丸 。 如 桐 子 大 。 溫 醋 湯 下 五 丸 或 七 丸 。 須 臾 惡 下 即 愈 
 胡 氏 法                     治 產 後 胞 衣 不 下 。 惟 有 花 { 蕊 } 石 散 一 件 。 最 為 要 緊 。 若 鄉 居 藥 局 遠 者 。 倉 卒 無 之 。 今 有 一 妙 法 。 產 訖 胞 衣 不 下 。 稍 久 則 血 流 胞 中 。 為 血 所 脹 。 上 衝 心 胸 。 喘 急 疼 痛 。 必 致 危 篤 。 若 有 此 證 宜 急 斷 臍 帶 以 少 物 繫 帶 。 必 用 力 牢 固 繫 之 。 然 後 截 斷 。 使 其 子 血 脈 不 潮 入 胞 中 胞 衣 自 當 萎 縮 而 下 。 縱 淹 延 數 日 。 亦 不 害 人 。 屢 驗 。 
 治 胞 衣 不 下 雜 方 
 </text></document>