<?xml version="1.0" encoding="UTF-8" standalone="yes" ?>
<document>
<header>
<doctitle>
 重訂濟陰綱目 
 </doctitle>
<volume>
 第七冊, 卷 12 
 </volume>
<author>
 武 之 望   (叔卿 ) 
</author>
<date>
 清雍正六年, 1728
 </date>
<currentpage>
 text 10b 
 </currentpage>
<first>
 jiyingkangmu v.7 text12 1a.xml
</first>
<last>
 jiyingkangmu v.7 text13 46b.xml
</last>
<prev>
 jiyingkangmu v.7 text12 10a.xml 
</prev>
<next>
 jiyingkangmu v.7 text12 11a.xml 
</next>
<image>
 jiyingkangmu v.7 text12 10b.jpg 
</image>
</header><text>
<formula>若 中 氣 者 。 加 桂 心 二 兩 。 不 瘥 ﹐ 更 作 。  </formula> 
 羚 羊 角 飲 子           治 產 後 氣 實 。 腹 中 堅 硬 。 兩 { 脅 } 脹 滿 。 心 中 煩 熱 。 渴 欲 飲 水 欲 成 剛 &lt;x> 中 風 之 疾 。 
 <formula> 
 羚 羊 角 <sf> 半 兩 鎊 </sf>           防 風           { 羌 } 活           桔 梗 <sf> 並 去 蘆 </sf>           敗 醬 <sf> 各 八 錢 </sf>           桂 心           柴 胡           大 黃 <sf> 酒 浸 過 煨 各 一 兩 二 錢 </sf> 
 
 <marginalia> 
 <sf> 敗 醬 近 無 識 者 不 知 當 以 何 物 代 之 </sf> 
 </marginalia> 
 </formula> 
 
 右 &lt;x> 咀 ﹐ 每 服 五 錢 ﹐ 水 一 大 盞 半 ﹐ 同 煎 至 一 盞 ﹐ 去 楂 溫 服 ﹐ 不 拘 時 更 服 地 黃 酒     用 地 黃 切 一 升 ﹐ 炒 令 黑 ﹐ { 瓷 } 瓶 中 ﹐ 下 熱 酒 三 升 ﹐ 密 封 口 ﹐ 煮 令 減 半 ﹐ 任 意 服 之 
 <marginalia> 
 <sf> 地 黃 酒 妙 甚 </sf>  </marginalia>
<formula> 
 防 風 當 歸 散           防 風           川 芎           當 歸           地 黃 <sf> 各 五 錢 </sf> 
 </formula> 
 
 右 剉 。 每 服 二 兩 ﹐ 水 三 盞 ﹐ 煎 至 二 盞 ﹐ 溫 服 ﹐ 
 婁 氏 曰 續 命 湯 。 大 豆 紫 湯 。 舉 卿 古 拜 散 。 太 陽 厥 陰 藥 也 。 邪 實 脈 
 </text></document>