<?xml version="1.0" encoding="UTF-8" standalone="yes" ?>
<document>
<header>
<doctitle>
 重訂濟陰綱目 
 </doctitle>
<volume>
 第五冊, 卷 9 
 </volume>
<author>
 武 之 望   (叔卿 ) 
</author>
<date>
 清雍正六年, 1728
 </date>
<currentpage>
 text 43b 
 </currentpage>
<first>
 jiyingkangmu v.5 text9 1a.xml
</first>
<last>
 jiyingkangmu v.5 text9 51b.xml
</last>
<prev>
 jiyingkangmu v.5 text9 43a.xml 
</prev>
<next>
 jiyingkangmu v.5 text9 44a.xml 
</next>
<image>
 jiyingkangmu v.5 text9 43b.jpg 
</image>
</header><text>
往 來 。 時 動 時 止 。 是 無 水 也 。 若 陽 氣 自 旺 者 。 四 物 二 連 湯 。 陽 氣 陷 於 陰 者 。 補 中 益 氣 湯 。 重 陽 無 陰 者 。 四 物 湯 。 無 火 者 。 八 味 丸 。 無 水 者 。 六 味 丸 。 
 
 一 妊 婦 五 月 。 服 煎 紅 丸 。 墮 胎 。 腹 中 脹 痛 。 服 破 血 藥 益 甚 。 手 按 之 愈 痛 。 余 曰 。 此 峻 藥 重 傷 。 脾 胃 受 患 。 用 八 珍 倍 參 蓍 。 加 半 夏 乳 沒 二 劑 痛 止 。 數 劑 全 愈 。 
 <marginalia> 
 <sf> 倍 法 加 法 俱 有 獨 見 </sf> 
 </marginalia> 
 
 史 仲 子 室 。 年 甫 二 十 。 困 疫 胎 墮 。 時 咳 。 服 清 肺 解 表 。 喘 急 不 寐 。 請 視 。 余 曰 。 脾 土 虛 。 不 能 生 肺 金 。 藥 重 損 之 。 與 補 中 益 氣 。 加 茯 苓 。 半 夏 。 五 味 。 炮 薑 。 四 劑 漸 愈 。 再 往 視 。 又 與 八 珍 。 加 五 味 及 十 全 大 補 湯 。 而 全 愈 。 
 
 東 垣 云 。 婦 人 分 娩 。 及 半 產 漏 下 。 昏 冒 不 省 。 瞑 目 無 所 知 覺 。 蓋 因 血 
 </text></document>