<?xml version="1.0" encoding="UTF-8" standalone="yes" ?>
<document>
<header>
<doctitle>
 重訂濟陰綱目 
 </doctitle>
<volume>
 第五冊, 卷 9 
 </volume>
<author>
 武 之 望   (叔卿 ) 
</author>
<date>
 清雍正六年, 1728
 </date>
<currentpage>
 text 4a 
 </currentpage>
<first>
 jiyingkangmu v.5 text9 1a.xml
</first>
<last>
 jiyingkangmu v.5 text9 51b.xml
</last>
<prev>
 jiyingkangmu v.5 text9 3b.xml 
</prev>
<next>
 jiyingkangmu v.5 text9 4b.xml 
</next>
<image>
 jiyingkangmu v.5 text9 4a.jpg 
</image>
</header><text>
之 類 。 有 半 夏 能 犯 胎 。 如 用 須 去 之 。 若 痰 多 嘔 逆 必 用 之 。 以 半 夏 麵 則 可 。 如 無 。 沸 湯 泡 七 次 。 去 皮 臍 。 生 薑 自 然 汁 拌 晒 乾 。 乃 可 用 也 凡 川 烏 。 附 子 。 天 雄 。 側 子 。 肉 桂 。 乾 薑 。 大 黃 。 芒 硝 。 芫 花 。 甘 遂 。 大 戟 。 蜀 漆 。 水 蛭 。 虻 蟲 。 桃 仁 。 牡 丹 皮 。 乾 漆 。 代 赭 石 。 瞿 麥 。 牛 膝 。 等 類 之 物 皆 動 胎 之 藥 。 凡 用 必 須 斟 酌 。 仔 細 詳 之 。 大 抵 { 妊 } 娠 傷 寒 。 合 用 湯 劑 。 必 加 黃 苓 白 朮 二 味 。 能 安 胎 也 。 或 與 此 二 味 煎 湯 與 之 。 或 為 細 末 。 白 湯 調 下 二 三 錢 亦 佳 。 如 { 妊 } 婦 素 稟 弱 者 。 藥 中 四 物 湯 佐 之 。 不 可 缺 也 。 且 如 用 小 柴 胡 。 去 半 夏 。 加 白 朮 。 合 四 物 湯 用 之 。 可 以 保 胎 除 熱 也 。 其 效 如 神 。 餘 皆 倣 此 。 用 之 則 妙 矣 。 
 
 萬 密 齋 云 。 { 妊 } 娠 傷 寒 。 專 以 清 熱 安 胎 為 主 。 或 汗 。 或 下 。 各 宜 隨 其 五 臟 表 裏 所 見 <cf> &#33033; </cf> 證 主 治 。 勿 犯 胎 氣 。 故 在 表 發 汗 以 香 蘇 散 為 主 。 半 
 <marginalia> 
 <sf> 汗 下 和 三 法 固 成 法 也 而 </sf> 
 </marginalia> 
 </text></document>