<?xml version="1.0" encoding="UTF-8" standalone="yes" ?>
<document>
<header>
<doctitle>
 女科輯要 
</doctitle>
<volume>
 下卷 
 </volume>
<author>
 沈又彭(堯封) 
</author>
<date>
 同治一年, 1862 
</date>
<currentpage>
 text 44b 
 </currentpage>
<first>
 Nukejiyao v.2 text 1a.xml
</first>
<last>
 Nukejiyao v.2 text 55b.xml
</last>
<prev>
 Nukejiyao v.2 text 44a.xml 
</prev>
<next>
 Nukejiyao v.2 text 45a.xml 
</next>
<image>
 Nukejiyao v.2 text 44b.jpg 
</image>
</header><text>
<formula>半 夏         生 薑 <sf> 各 三 十 銖 </sf>           乾 地 黃       茯 苓 <sf> 各 十 八 銖 </sf>         橘 皮         旋 覆 花                                   細 辛         人 參       芍 藥       芎 藭         桔 梗         甘 草 <sf> 各 十 二 銖           車 氏 祗 用 八 味 去 細                             辛 川 芎 桔 梗 之 升 提 芍 藥 之 酸 斂 尤 為 盡 善 </sf> 
 
 右 十 二 味 &lt;x> 咀 以 水 一 斗 煮 取 三 升 分 三 服 若 病 阻 積 月 日 不 得 治 及 服 藥 冷 熱 失 候 病 變 客 熱 煩 渴 口 生 瘡 者 去 橘 皮 細 辛 加 前 胡 知 母 各 十 二 銖 若 變 冷 下 利 者 去 地 黃 八 桂 心 十 二 銖 若 食 少 胃 中 虛 生 熱 大 便 閉 塞 小 便 赤 少 者 宜 加 大 黃 十 八 銖 去 地 黃 加 黃 芩 六 珠 餘 依 方 服 一 劑 得 下 後 消 息 看 氣 力 冷 熱 增 損 方 更 服 一 劑 湯 便 急 使 茯 苓 
 </formula></text></document>