<?xml version="1.0" encoding="UTF-8" standalone="yes" ?>
<document>
<header>
<doctitle>
 女科輯要 
</doctitle>
<volume>
 </volume>
<author>
 沈又彭(堯封) 
</author>
<date>
 同治一年, 1862 
</date>
<currentpage>
 title page 1a 
 </currentpage>
<first>
 Nukejiyao v.1 print date.xml
</first>
<last>
 Nukejiyao v.1 text 62b.xml
</last>
<prev>
 0 
</prev>
<next>
 Nukejiyao v.1 Title.xml
</next>
<image>
 Nukejiyao v.1 print date.jpg
</image>
</header><text>
同 治 元 年 重 鐫 
 </text></document>