<?xml version="1.0" encoding="UTF-8" standalone="yes" ?>
<document>
<header>
<doctitle>
 女科輯要 
</doctitle>
<volume>
 上卷 
 </volume>
<author>
 沈又彭(堯封) 
</author>
<date>
 同治一年, 1862 
</date>
<currentpage>
 text 23b 
 </currentpage>
<first>
 Nukejiyao v.1 print date.xml
</first>
<last>
 Nukejiyao v.1 text 62b.xml
</last>
<prev>
 Nukejiyao v.1 text 23a.xml 
</prev>
<next>
 Nukejiyao v.1 text 24a.xml 
</next>
<image>
 Nukejiyao v.1 text 23b.jpg 
</image>
</header><text>
女 。 陰 陽 均 至 。 非 男 非 女 之 身 。 精 血 散 分 。 駢 胎 品 胎 之 兆 。 道 藏 言 月 水 亡 後 一 三 五 日 成 男 。 二 四 六 日 成 女 。 東 垣 言 血 海 始 淨 。 一 二 日 成 男 。 三 四 五 成 女 。 聖 濟 言 因 氣 而 左 動 。 陽 資 之 則 成 男 。 因 氣 而 右 動 。 陰 資 之 則 成 女 。 丹 溪 乃 非 褚 氏 而 是 東 垣 。 主 聖 濟 左 右 之 說 立 論 。 歸 于 子 宮 左 右 之 系 可 謂 悉 矣 。 竊 謂 褚 氏 未 可 非 。 
 東 垣 亦 未 盡 是 也 。 蓋 褚 氏 以 氣 血 之 先 後 言 。 道 藏 以 日 數 之 奇 偶 言 。 東 垣 以 女 血 之 盈 虧 言 。 聖 濟 丹 溪 以 子 宮 之 左 右 言 。 各 執 一 見 。 會 而 通 之 。 理 自 得 矣 。 蓋 獨 男 獨 女 。 可 以 日 數 論 。 駢 胎 品 胎 。 亦 可 以 日 數 論 乎 。 史 
 </text></document>