<?xml version="1.0" encoding="UTF-8" standalone="yes" ?>
<document>
<header>
<doctitle>
 女科輯要 
</doctitle>
<volume>
 下卷 
 </volume>
<author>
 沈又彭(堯封) 
</author>
<date>
 同治一年, 1862 
</date>
<currentpage>
 text 29a 
 </currentpage>
<first>
 Nukejiyao v.2 text 1a.xml
</first>
<last>
 Nukejiyao v.2 text 55b.xml
</last>
<prev>
 Nukejiyao v.2 text 28b.xml 
</prev>
<next>
 Nukejiyao v.2 text 29b.xml 
</next>
<image>
 Nukejiyao v.2 text 29a.jpg 
</image>
</header><text>
<formula>盈 盂 。 以 為 必 死 。 日 服 人 參 錢 許 。 竟 不 死 。 明 年 春 桃 花 大 放 仍 無 恙 。 直 至 秋 分 節 候 方 斃 。 此 婦 抑 鬱 不 淂 志 。 誠 是 肝 病 然 不 死 於 春 而 死 於 秋 。 何 哉 。 豈 肝 病 有 二 。 其 太 過 者 死 於 旺 時 其 不 及 者 死 於 衰 時 耶 。 此 證 本 屬 肝 病 。 繆 以 坎 &lt;x> [ 氣 ] 補 腎 而 愈 。 亦 理 之 不 可 解 者 。  </formula> 
 外 有 方 附 後 瘍 科 方 選 中 
 雄 按 吳 鞠 通 曰 。 當 歸 穹 藭 。 為 產 後 要 藥 。 然 惟 血 寒 而 滯 者 為 宜 。 若 血 虛 而 熱 者 。 斷 不 可 用 。 蓋 當 歸 香 竄 異 常 甚 於 麻 辛 。 急 走 善 行 。 不 能 靜 守 。 止 能 運 血 
 </text></document>