<?xml version="1.0" encoding="UTF-8" standalone="yes" ?>
<document>
<header>
<doctitle>
 女科輯要 
</doctitle>
<volume>
 上卷 
 </volume>
<author>
 沈又彭(堯封) 
</author>
<date>
 同治一年, 1862 
</date>
<currentpage>
 text 8b 
 </currentpage>
<first>
 Nukejiyao v.1 print date.xml
</first>
<last>
 Nukejiyao v.1 text 62b.xml
</last>
<prev>
 Nukejiyao v.1 text 8a.xml 
</prev>
<next>
 Nukejiyao v.1 text 9a.xml 
</next>
<image>
 Nukejiyao v.1 text 8b.jpg 
</image>
</header><text>
明 病 。 則 衝 脈 衰 而 女 子 不 月 也 。 
 
 雄 按 經 水 固 以 月 行 為 常 。 然 陰 虛 者 多 火 。 經 每 先 期 。 陰 愈 虛 。 行 愈 速 。 甚 至 旬 日 半 月 而 一 行 。 更 有 血 已 無 多 而 猶 每 月 竭 蹶 一 行 者 。 其 涸 也 可 立 而 待 也 。 若 血 雖 虛 而 火 不 甚 熾 。 汛 必 愆 期 。 此 含 蓄 有 權 。 雖 停 止 一 二 年 。 或 竟 斷 絕 不 行 。 但 其 脈 不 甚 數 者 。 正 合 坤 主 吝 嗇 之 道 。 皆 可 無 慮 。 昧 者 不 知 此 理 。 而 但 憑 月 事 以 分 病 之 輕 重 。 聞 其 不 行 。 輒 欲 通 之 。 竭 澤 而 漁 。 不 仁 甚 矣 。 
 
 金 匱 云 婦 人 病 。 因 虛 積 冷 結 氣 。 經 水 斷 絕 。 
 </text></document>