<?xml version="1.0" encoding="UTF-8" standalone="yes" ?>
<document>
<header>
<doctitle>
 女科輯要 
</doctitle>
<volume>
 下卷 
 </volume>
<author>
 沈又彭(堯封) 
</author>
<date>
 同治一年, 1862 
</date>
<currentpage>
 text 11a 
 </currentpage>
<first>
 Nukejiyao v.2 text 1a.xml
</first>
<last>
 Nukejiyao v.2 text 55b.xml
</last>
<prev>
 Nukejiyao v.2 text 10b.xml 
</prev>
<next>
 Nukejiyao v.2 text 11b.xml 
</next>
<image>
 Nukejiyao v.2 text 11a.jpg 
</image>
</header><text>
  即 顯 露 者 。 惟 舌 苔 頗 有 可 徵 。 或 厚 白 而 膩 或 黃 膩 黃 燥 。 或 有 赤 點 或 微 苔 舌 赤 。 或 口 苦 。 或 口 渴 或 胸 悶 或 溲 熱 。 此 皆 溫 溼 暑 熱 之 邪 內 蘊 。 世 人 不 察 。 再 飲 以 糖 酒 生 化 湯 之 類 。 則 輕 者 重 而 重 者 危 。 不 遇 明 眼 。 人 亦 但 知 其 產 亡 。 而 不 知 其 死 於 何 病 誤 於 何 藥 也 。 我 見 實 多 。 每 為 太 息 。 其 後 條 之 乍 寒 乍 熱 亦 當 如 是 諦 察 庶 免 遺 人 夭 殃 也 。 
 
 乍 寒 乍 熱 
 
 武 叔 卿 曰 。 血 閉 &lt;?> 陽 經 榮 衛 行 之 不 通 則 寒 。 血 閉 於 陰 經 。 榮 衛 行 之 不 通 則 熱 。 必 瘀 通 而 後 寒 熱 自 已 。 
 </text></document>