<?xml version="1.0" encoding="UTF-8" standalone="yes" ?>
<document>
<header>
<doctitle>
 女科輯要 
</doctitle>
<volume>
 下卷 
 </volume>
<author>
 沈又彭(堯封) 
</author>
<date>
 同治一年, 1862 
</date>
<currentpage>
 text 45a 
 </currentpage>
<first>
 Nukejiyao v.2 text 1a.xml
</first>
<last>
 Nukejiyao v.2 text 55b.xml
</last>
<prev>
 Nukejiyao v.2 text 44b.xml 
</prev>
<next>
 Nukejiyao v.2 text 45b.xml 
</next>
<image>
 Nukejiyao v.2 text 45a.jpg 
</image>
</header><text>
<formula>丸 令 能 食 便 強 健 也 忌 生 冷 醋 滑 油 膩 <sf> 方 論 見 惡 阻 門 </sf> 
 </formula> 
 <formula> 
 千 斤 茯 苓 圓 
 
 茯 苓         人 參         桂 心 <sf> 熬 </sf>       乾 薑         半 夏         橘 皮 <sf> 各 一 兩 </sf>           白 <cf> 術 </cf>         葛 根                             甘 草       枳 實 <sf> 各 二 兩 </sf> 
 
 右 十 味 蜜 丸 梧 子 大 飲 服 二 十 丸 漸 加 三 十 丸 日 三   <sf> 肘 後 不 用 乾 薑 半                                 夏 橘 皮 白 <cf> 術 </cf> 葛 根 止 用 五 物 又 云 妊 娠 忌 桂 故 熬 </sf> 
 </formula> 
 <formula> 
 又 方   <sf> 此 在 景 岳 全 書 名 竹 筎 湯 </sf>   治 孕 婦 嘔 吐 不 止 惡 心 少 食 服 此 止 嘔 清 痰 
 青 竹 筎       橘 皮 <sf> 各 十 八 銖 </sf>       茯 苓         生 薑 <sf> 各 一 兩 </sf>         半 夏 <sf> 三 十 銖 </sf> 
 </formula></text></document>