<?xml version="1.0" encoding="UTF-8" standalone="yes" ?>
<document>
<header>
<doctitle>
 女科輯要 
</doctitle>
<volume>
 上卷 
 </volume>
<author>
 沈又彭(堯封) 
</author>
<date>
 同治一年, 1862 
</date>
<currentpage>
 text 38b 
 </currentpage>
<first>
 Nukejiyao v.1 print date.xml
</first>
<last>
 Nukejiyao v.1 text 62b.xml
</last>
<prev>
 Nukejiyao v.1 text 38a.xml 
</prev>
<next>
 Nukejiyao v.1 text 39a.xml 
</next>
<image>
 Nukejiyao v.1 text 38b.jpg 
</image>
</header><text>
李 氏 曰 子 懸 證 火 盛 極 。 一 時 心 氣 悶 絕 而 死 。 紫 蘇 飲 連 進 可 救 。         若 兩 尺 脈 絕 者 。 有 誤 服 動 胎 藥 子 死 腹 中 。 則 憎 寒 手 指 脣 爪 俱 青 。 全 以 舌 為 證 驗 。 芎 歸 湯 救 之 
 
 雄 按 戊 申 秋 。 荊 人 妊 八 月 而 患 欬 嗽 礙 眠 。 鼻 衄 如 射 。 面 浮 指 腫 。 諸 藥 不 應 。 諦 思 其 故 。 素 屬 陰 虛 。 內 火 自 盛 胎 因 火 動 。 上 湊 心 胸 。 肺 受 其 衝 。 欬 逆 乃 作 。 是 不 必 治 其 嗽 。 仍 當 以 子 懸 治 之 。 因 以 七 寶 散 去 參 芍 生 薑 。 為 其 胸 滿 而 內 熱 也 加 生 石 膏 以 清 陽 明 之 火 。 熟 地 黃 以 攝 根 蒂 之 陰 。 投 匕 即 安 。 今 年 冬 仲 
 </text></document>