<?xml version="1.0" encoding="UTF-8" standalone="yes" ?>
<document>
<header>
<doctitle>
 女科輯要 
</doctitle>
<volume>
 下卷 
 </volume>
<author>
 沈又彭(堯封) 
</author>
<date>
 同治一年, 1862 
</date>
<currentpage>
 text 55a 
 </currentpage>
<first>
 Nukejiyao v.2 text 1a.xml
</first>
<last>
 Nukejiyao v.2 text 55b.xml
</last>
<prev>
 Nukejiyao v.2 text 54b.xml 
</prev>
<next>
 Nukejiyao v.2 text 55b.xml 
</next>
<image>
 Nukejiyao v.2 text 55a.jpg 
</image>
</header><text>
<formula>米 飲 調 服 二 錢 則 臨 盆 迅 速 <sf> 胎 元 不 足 者 勿 服 </sf>         產 後 瘀 血 不 淨 變 生 病 者 或 兒 枕 痛 於 本 方 內 加 炒 紅 { 麴 } 三 錢 酒 炒 馬 料 豆 二 合 共 為 末 用 童 便 半 杯 陳 酒 半 盃 調 服 二 三 錢 即 愈 唯 鳳 仙 子 只 於 臨 盆 時 用 
 </formula> 
 <formula> 
 仙 傳 通 津 救 命 玉 靈 湯               治 裂 胞 生 及 難 產 數 日 血 水 已 乾 產 戶 枯 澀 命 在 { 垂 } 危 者 
 
 龍 眼 肉 <sf> 去 核 六 兩 </sf>       生 牛 膝 梢 <sf> 一 兩 黃 酒 浸 搗 爛 </sf>   將 龍 眼 肉 煎 濃 汁 沖 入 牛 膝 酒 內 服 之 停 半 日 即 產 親 救 數 人 無 不 奇 驗  </formula> 
 雄 按 龍 眼 甘 溫 極 能 補 血 大 益 胎 產 力 勝 參 耆 宜 
 </text></document>