<?xml version="1.0" encoding="UTF-8" standalone="yes" ?>
<document>
<header>
<doctitle>
 女科輯要 
</doctitle>
<volume>
 上卷 
 </volume>
<author>
 沈又彭(堯封) 
</author>
<date>
 同治一年, 1862 
</date>
<currentpage>
 text 14a 
 </currentpage>
<first>
 Nukejiyao v.1 print date.xml
</first>
<last>
 Nukejiyao v.1 text 62b.xml
</last>
<prev>
 Nukejiyao v.1 text 13b.xml 
</prev>
<next>
 Nukejiyao v.1 text 14b.xml 
</next>
<image>
 Nukejiyao v.1 text 14a.jpg 
</image>
</header><text>
住 則 痛 止 。 芎 歸 湯 加 薑 附 止 其 血 而 痛 自 止 。 
 
 薛 立 齋 云 有 婦 患 崩 。 過 服 寒 藥 。 脾 胃 久 虛 。 中 病 未 已 。 寒 病 復 起 。 煩 渴 引 飲 。 粒 米 不 進 。 昏 憒 時 作 。 脈 洪 大 按 之 微 弱 。 此 無 根 之 火 。 內 虛 寒 而 外 假 熱 也 十 全 大 補 加 附 子 。 崩 減 。 日 服 八 味 丸 而 愈 。         又 有 久 患 崩 服 四 物 湯 涼 血 劑 。 或 作 或 止 。 有 主 降 火 。 加 [ 如 ] 腹 痛 。 手 足 厥 冷 。 此 脾 胃 虛 寒 所 致 。 先 用 附 子 理 中 湯 。 次 用 濟 生 歸 脾 補 中 益 氣 二 湯 。 崩 頓 止 。 若 泥 痛 無 補 法 。 則 誤 矣 。 
 
 沈 按 崩 證 熱 多 寒 少 。 若 血 大 至 色 赤 者 。 是 熱 非 寒 儻 色 紫 黑 者 。 出 絡 而 凝 。 其 中 有 陽 虛 一 證 。 經 云 陽 
 </text></document>