<?xml version="1.0" encoding="UTF-8" standalone="yes" ?>
<document>
<header>
<doctitle>
 女科輯要 
</doctitle>
<volume>
 下卷 
 </volume>
<author>
 沈又彭(堯封) 
</author>
<date>
 同治一年, 1862 
</date>
<currentpage>
 text 8b 
 </currentpage>
<first>
 Nukejiyao v.2 text 1a.xml
</first>
<last>
 Nukejiyao v.2 text 55b.xml
</last>
<prev>
 Nukejiyao v.2 text 8a.xml 
</prev>
<next>
 Nukejiyao v.2 text 9a.xml 
</next>
<image>
 Nukejiyao v.2 text 8b.jpg 
</image>
</header><text>
  一 成 衣 婦 產 後 半 月 餘 發 狂 。 打 罵 不 休 。 其 夫 鎖 之 磨 上 。 余 付 無 極 丸 六 錢 。 分 兩 服 酒 下 。 服 畢 即 愈 。 越 四 五 日 復 發 。 又 與 六 服 。 後 不 復 發 。 
 
 丁 姓 婦 產 後 神 昏 。 膽 語 如 狂 。 惡 露 仍 通 。 亦 不 過 多 。 醫 者 議 攻 議   補 不 一 金 尚 陶 前 輩 後 至 。 珍 畢 曰 待 我 用 一 平 淡 方 喫 下 去 看 。 用 杜 刮 橘 紅 石 菖 蒲 等 六 味 。 一 劑 神 氣 清 。 四 劑 霍 然 。 此 方 想 是 屢 驗 。 故 當 此 危 證 。 絕 不 矜 持 。 歸 語 舍 弟 賡 虞 答 曰 此 名 六 神 湯 余 未 考 其 所 自 
 甲 戌 孟 春 錢 香 樹 先 生 如 君 。 產 後 微 熱 痞 悶 。 時 時 
 </text></document>