<?xml version="1.0" encoding="UTF-8" standalone="yes" ?>
<document>
<header>
<doctitle>
 女科輯要 
</doctitle>
<volume>
 上卷 
 </volume>
<author>
 沈又彭(堯封) 
</author>
<date>
 同治一年, 1862 
</date>
<currentpage>
 text 44a 
 </currentpage>
<first>
 Nukejiyao v.1 print date.xml
</first>
<last>
 Nukejiyao v.1 text 62b.xml
</last>
<prev>
 Nukejiyao v.1 text 43b.xml 
</prev>
<next>
 Nukejiyao v.1 text 44b.xml 
</next>
<image>
 Nukejiyao v.1 text 44a.jpg 
</image>
</header><text>
逾 月 而 始 生 。 其 理 何 歟 。 曰 按 月 行 經 而 胎 日 [ 自 ] 長 者 名 曰 盛 胎 。 其 婦 氣 血 充 盛 。 養 胎 之 外 其 血 有 餘 故 也 。 有 數 月 之 胎 而 血 大 下 。 謂 之 漏 胎 。 因 事 觸 胎 。 動 其 衝 脈 。 故 血 下 而 不 傷 子 宮 也 。 然 孕 中 失 血 。 胎 雖 不 墮 。 氣 血 亦 虧 。 多 致 踰 月 不 產 。 曾 見 有 十 二 三 月 十 七 八 月 或 二 十 四 五 箇 月 生 者 。 往 往 有 之 。 俱 是 氣 血 不 足 。 胚 胎 難 長 故 耳 。 凡 十 月 之 後 未 產 者 。 當 大 補 氣 血 以 培 養 之 。 庶 無 分 娩 之 患 也 。 
 
 李 氏 曰 胎 漏 自 人 門 下 血 。 尿 血 自 尿 門 下 血 。 
 
 蕭 賡 六 云 胎 漏 下 血 頻 出 無 時 。 尿 血 。 溺 時 方 下 。 不 溺 
 </text></document>