<?xml version="1.0" encoding="UTF-8" standalone="yes" ?>
<document>
<header>
<doctitle>
 女科輯要 
</doctitle>
<volume>
 下卷 
 </volume>
<author>
 沈又彭(堯封) 
</author>
<date>
 同治一年, 1862 
</date>
<currentpage>
 text 4a 
 </currentpage>
<first>
 Nukejiyao v.2 text 1a.xml
</first>
<last>
 Nukejiyao v.2 text 55b.xml
</last>
<prev>
 Nukejiyao v.2 text 3b.xml 
</prev>
<next>
 Nukejiyao v.2 text 4b.xml 
</next>
<image>
 Nukejiyao v.2 text 4a.jpg 
</image>
</header><text>
<formula>  當 歸 四 錢         人 參 一 錢         牛 膝 二 錢         川 芎 一 錢           龜 板 三 錢                             赭 石 三 錢       <sf> 研 </sf>         肉 桂 一 錢   <sf> 去 皮 </sf>         益 母 二 錢           水 煎 服 </formula> 
 
 雄 按 此 方 極 宜 慎 用 。 夏 月 尤 忌 必 審 其 確 係 虛 寒 者 。 始 可 服 之 。             通 津 玉 靈 湯 最 妙 。 余 用 豬 肉 一 味 煎 清 湯 服 。 亦 甚 效 。 
 
 <formula> 
 如 神 散           路 上 草 鞋 一 雙 名 千 里 馬 。 取 鼻 梁 上 繩 洗 淨 燒 灰 。 童 便 和 酒 調 下 三 錢 神 驗 。 武 叔 卿 濟 陰 綱 目 云 。 於 理 固 難 通 。 於 用 實 靈 驗 。 按 千 里 馬 得 人 最 下 之 氣 。 佐 以 童 便 之 趨 下 。 酒 性 之 行 血 。 故 用 之 
 </formula></text></document>