<?xml version="1.0" encoding="UTF-8" standalone="yes" ?>
<document>
<header>
<doctitle>
 女科輯要 
</doctitle>
<volume>
 上卷 
 </volume>
<author>
 沈又彭(堯封) 
</author>
<date>
 同治一年, 1862 
</date>
<currentpage>
 text 2a 
 </currentpage>
<first>
 Nukejiyao v.1 print date.xml
</first>
<last>
 Nukejiyao v.1 text 62b.xml
</last>
<prev>
 Nukejiyao v.1 text 1b.xml 
</prev>
<next>
 Nukejiyao v.1 text 2b.xml 
</next>
<image>
 Nukejiyao v.1 text 2a.jpg 
</image>
</header><text>
天 癸 為 精 不 當 又 云 精 氣 溢 瀉 矣 。 後 賢 講 受 孕 之 道 。 有 陽 精 陰 血 先 至 後 衝 等 說 亦 謬 。 夫 男 女 交 接 曾 見 女 人 有 血 出 耶 。 交 接 出 血 是 病 。 豈 能 裹 精 及 為 精 所 裹 哉 。 大 約 兩 精 歡 暢 。 百 脈 齊 到 。 天 癸 與 男 女 之 精 偕 至 。 斯 入 任 脈 而 。 成 胎 耳 。 男 胎 女 胎 。 則 由 夫 婦 之 天 癸 有 強 弱 盈 虛 之 不 同 也 。 吾 友 徐 亞 枝 云 如 沈 氏 說 。 一 若 天 癸 即 精 者 。 如 俞 氏 說 。 一 若 血 與 精 之 外 。 別 有 一 物 。 所 謂 天 癸 者 。 竊 謂 天 癸 者 。 指 腎 水 本 體 而 言 。 癸 者 水 也 。 腎 為 水 臟 天 一 生 水 。 故 謂 腎 水 為 天 癸 。 至 謂 至 極 也 猶 言 足 也 。 女 子 二 七 。 
 </text></document>