<?xml version="1.0" encoding="UTF-8" standalone="yes" ?>
<document>
<header>
<doctitle>
 女科輯要 
</doctitle>
<volume>
 下卷 
 </volume>
<author>
 沈又彭(堯封) 
</author>
<date>
 同治一年, 1862 
</date>
<currentpage>
 text 1a 
 </currentpage>
<first>
 Nukejiyao v.2 text 1a.xml
</first>
<last>
 Nukejiyao v.2 text 55b.xml
</last>
<prev>
 0 
</prev>
<next>
 Nukejiyao v.2 text 1b.xml 
</next>
<image>
 Nukejiyao v.2 text 1a.jpg 
</image>
</header><text>
女 科 輯 要 卷 下 
   
                                                                                           婿 王 士 雄 孟 英 參 
     沈 堯 封 先 生 輯         錢 塘 後 學 徐 政 杰 藹 輝 補 注 
                                                                                           男         之 藩 友 珊 校 
 
                   產 
 
 杰 按 濟 生 產 經 曰 胎 前 之 脈 貴 實 產 後 之 脈 貴 虛 胎 前 則 順 氣 安 胎 產 後 則 扶 虛 消 瘀 此 其 要 也 丹 溪 云 產 後 脈 洪 數 產 前 脈 細 小 { 澀 } 弱 多 死 懷 妊 者 脈 主 洪 數 已 產 而 洪 數 不 改 者 多 主 死 
 
 楊 子 建 十 產 論 一 曰 正 產 二 曰 傷 產 未 滿 月 而 痛 如 
 </text></document>