<?xml version="1.0" encoding="UTF-8" standalone="yes" ?>
<document>
<header>
<doctitle>
 女科輯要 
</doctitle>
<volume>
 上卷 
 </volume>
<author>
 沈又彭(堯封) 
</author>
<date>
 同治一年, 1862 
</date>
<currentpage>
 text 57b 
 </currentpage>
<first>
 Nukejiyao v.1 print date.xml
</first>
<last>
 Nukejiyao v.1 text 62b.xml
</last>
<prev>
 Nukejiyao v.1 text 57a.xml 
</prev>
<next>
 Nukejiyao v.1 text 58a.xml 
</next>
<image>
 Nukejiyao v.1 text 57b.jpg 
</image>
</header><text>
問 何 以 知 胎 死 。 曰 面 赤 舌 青 。 母 活 子 死 。 面 青 舌 赤 。 子 活 母 死 。 面 舌 俱 青 。 子 母 俱 死 。 死 胎 墜 脹 瘀 痛 。 亦 與 常 產 不 同 。 
 
 雄 按 吳 鞠 通 曰 。 死 胎 不 下 。 不 可 拘 執 成 方 而 悉 用 通 法 催 生 亦 然 。 當 求 其 不 下 之 故 。 參 以 臨 時 所 現 之 脈 證 若 何 補 偏 。 救 弊 而 胎 自 下 也 。 余 謂 諸 病 皆 爾 不 特 下 死 胎 也 。 
 
 又 按 寓 意 草 有 用 瀉 。 白 散 加 苓 桔 以 下 死 胎 之 。 案 可 見 人 無 一 定 之 病 。 病 非 一 法 可 治 。 藥 無 一 定 之 用 隨 機 應 變 。 貴 乎 用 得 其 當 也 
 </text></document>