<?xml version="1.0" encoding="UTF-8" standalone="yes" ?>
<document>
<header>
<doctitle>
 女科輯要 
</doctitle>
<volume>
 下卷 
 </volume>
<author>
 沈又彭(堯封) 
</author>
<date>
 同治一年, 1862 
</date>
<currentpage>
 text 26b 
 </currentpage>
<first>
 Nukejiyao v.2 text 1a.xml
</first>
<last>
 Nukejiyao v.2 text 55b.xml
</last>
<prev>
 Nukejiyao v.2 text 26a.xml 
</prev>
<next>
 Nukejiyao v.2 text 27a.xml 
</next>
<image>
 Nukejiyao v.2 text 26b.jpg 
</image>
</header><text>
歸 一 錢 半 。 升 麻 五 分 。 三 帖 連 服 之 。 即 收 上 得 汗 通 身 方 安 。 但 下 翳 沾 蓆 處 乾 者 落 一 片 約 五 六 兩 重 。 蓋 脂 膜 也 。 食 進 得 眠 。 診 其 脈 皆 濇 。 左 { 略 } 弦 。 視 其 形 卻 實 。 與 白 <cf> 術 </cf> 白 芍 各 半 錢 。 陳 皮 一 錢 。 生 薑 一 片 。 煎 二 三 帖 以 養 之 。 
 
 水 道 下 肉 線 
 
 一 產 後 水 道 中 下 肉 線 一 條 長 三 四 尺 。 動 之 則 痛 欲 絕 。 先 服 失 笑 散 數 帖 。 次 以 帶 皮 薑 三 觔 研 爛 。 入 清 油 二 觔 煎 。 油 乾 為 度 用 絹 兜 起 肉 線 屈 曲 於 水 道 邊 。 以 前 薑 薰 之 。 冷 則 &lt;x> [ 熨 ] 之 。 六 日 夜 縮 其 大 半 。 二 六 日 即 盡 
 </text></document>