<?xml version="1.0" encoding="UTF-8" standalone="yes" ?>
<document>
<header>
<doctitle>
 女科輯要 
</doctitle>
<volume>
 下卷 
 </volume>
<author>
 沈又彭(堯封) 
</author>
<date>
 同治一年, 1862 
</date>
<currentpage>
 text 54a 
 </currentpage>
<first>
 Nukejiyao v.2 text 1a.xml
</first>
<last>
 Nukejiyao v.2 text 55b.xml
</last>
<prev>
 Nukejiyao v.2 text 53b.xml 
</prev>
<next>
 Nukejiyao v.2 text 54b.xml 
</next>
<image>
 Nukejiyao v.2 text 54a.jpg 
</image>
</header><text>
<formula></formula>又 按 神 佑 丸 兼 能 調 經 種 子 大 有 殊 功 
 <formula> 
 &lt;?> [ 保   ] &lt;?> [ 胎 ]   磐 石 &lt;?> [ 丸 ] &#160; 
 懷 山 藥 <sf> 四 兩 &lt;?> 微 炒 </sf>       杜 仲 <sf> 去 粗 皮 淨 三 兩 鹽 水 炒 斷 絲 </sf>       川 續 斷 <sf> 二 兩 酒 炒 </sf>       共                                 為 末 糯 米 糊 為 丸 如 菉 豆 大 每 服 三 錢 米 湯 送 下 方 雖 平 常 屢 用 屢 驗 乃 異 人 所 授 也 凡 胎 欲 墮 者 一 服 即 保 住 慣 小 產 者 宜 常 服 之 或 每 月 服 數 次 &lt;?> [ 至 ] 慣 半 產 之 月 即 服 之 無 不 保 全 
 </formula> 
 <formula> 
 銀 苧 酒         治 妊 娠 胎 動 欲 墮 腹 痛 不 可 忍 及 胎 漏 下 血 
 
 苧 根 <sf> 二 兩 </sf>     紋 銀 <sf> 五 兩 </sf>       酒 一 碗     如 無 苧 之 處 用 茅 
 </formula></text></document>