<?xml version="1.0" encoding="UTF-8" standalone="yes" ?>
<document>
<header>
<doctitle>
 女科輯要 
</doctitle>
<volume>
 下卷 
 </volume>
<author>
 沈又彭(堯封) 
</author>
<date>
 同治一年, 1862 
</date>
<currentpage>
 text 6b 
 </currentpage>
<first>
 Nukejiyao v.2 text 1a.xml
</first>
<last>
 Nukejiyao v.2 text 55b.xml
</last>
<prev>
 Nukejiyao v.2 text 6a.xml 
</prev>
<next>
 Nukejiyao v.2 text 7a.xml 
</next>
<image>
 Nukejiyao v.2 text 6b.jpg 
</image>
</header><text>
疼 脹 者 。 祇 宜 丹 參 丹 皮 元 胡 滑 石 益 母 草 山 查 澤 蘭 桃 仁 歸 尾 通 草 之 類 為 治 慎 母 妄 施 峻 劑 。 生 化 湯 最 勿 擅 用 
 
 九 竅 出 血 
 
 彙 補 云 九 竅 出 血 死 證 恆 多 。 惟 產 後 瘀 血 妄 行 。 九 竅 出 血 。 有 用 逐 瘀 之 藥 而 生 者 不 可 遽 斷 其 必 死 。 此 是 閱 歷 後 之 言 。 不 可 忽 { 略 } 雖 無 方 藥 其 法 已 具 。 
 
 黑 氣 鼻 { 衄 } 
 
 郭 稽 中 云 產 後 口 鼻 黑 氣 起 及 鼻 { 衄 } 者 不 治 。 蓋 陽 明 為 經 脈 之 海 。 口 鼻 乃 陽 明 所 見 之 部 黑 氣 鼻 { 衄 } 是 營 
 </text></document>