<?xml version="1.0" encoding="UTF-8" standalone="yes" ?>
<document>
<header>
<doctitle>
 女科輯要 
</doctitle>
<volume>
 下卷 
 </volume>
<author>
 沈又彭(堯封) 
</author>
<date>
 同治一年, 1862 
</date>
<currentpage>
 text 34b 
 </currentpage>
<first>
 Nukejiyao v.2 text 1a.xml
</first>
<last>
 Nukejiyao v.2 text 55b.xml
</last>
<prev>
 Nukejiyao v.2 text 34a.xml 
</prev>
<next>
 Nukejiyao v.2 text 35a.xml 
</next>
<image>
 Nukejiyao v.2 text 34b.jpg 
</image>
</header><text>
深 許 也 唐 大 中 初 白 敏 中 守 成 都 其 家 有 因 免 乳 死 者 。 訪 問 名 醫 。 得 昝 殷 備 集 驗 方 三 百 七 十 八 首 以 獻 。 是 為 產 寶 。 宋 時 濮 陽 李 師 聖 得 產 論 二 十 一 篇 。 有 說 無 方 。 醫 學 教 授 郭 稽 中 以 方 附 焉 。 而 陳 無 擇 於 三 因 方 評 其 得 失 詳 矣 婺 醫 杜 荍 又 附 益 之 。 是 為 產 育 寶 慶 集 。 臨 川 陳 自 明 良 甫 以 為 諸 書 綱 領 散 漫 而 無 統 節 目 簡 { 略 } 而 未 備 醫 者 局 於 簡 易 。 不 能 深 求 偏 覽 有 纔 進 一 方 不 效 輒 束 手 者 。 有 無 方 可 據 。 揣 摩 臆 度 者 。 乃 采 摭 諸 家 之 善 。 附 以 家 傳 驗 方 編 葺 成 篇 凡 八 門 。 門 數 十 餘 體 。 總 三 百 六 十 餘 論 論 後 列 方 。 綱 領 節 目 
 </text></document>