<?xml version="1.0" encoding="UTF-8" standalone="yes" ?>
<document>
<header>
<doctitle>
 女科輯要 
</doctitle>
<volume>
 下卷 
 </volume>
<author>
 沈又彭(堯封) 
</author>
<date>
 同治一年, 1862 
</date>
<currentpage>
 text 36a 
 </currentpage>
<first>
 Nukejiyao v.2 text 1a.xml
</first>
<last>
 Nukejiyao v.2 text 55b.xml
</last>
<prev>
 Nukejiyao v.2 text 35b.xml 
</prev>
<next>
 Nukejiyao v.2 text 36b.xml 
</next>
<image>
 Nukejiyao v.2 text 36a.jpg 
</image>
</header><text>
以 人 多 樂 為 痘 醫 耳 
 
 集 方   <sf> 論 中 所 列 各 方 有 彼 此 互 見 者 集 錄 於 此 以 便 簡 閱 其 專 治 者 不 復 贅 </sf>
<formula> 
   補 養     <sf> 門 類 及 分 兩 炮 製 半 參 汪 訒 菴 醫 方 集 解 所 錄 </sf> 
 
 六 味 丸     <sf> 錢 仲 陽 </sf>   治 肝 腎 不 足 真 陰 虧 損 經 血 枯 竭 
 
 地 黃   <sf> 砂 仁 酒 拌 九 蒸 九 晒 八 兩 </sf>   山 茱 肉   <sf> 酒 潤 四 兩 </sf>   山 藥   <sf> 四 兩 </sf>   茯 苓   <sf> 乳 拌 </sf>     丹 皮                       澤 瀉   <sf> 各 三 兩 </sf>   蜜 丸 空 心 鹽 湯 下 冬 酒 下 
 
 六 味 地 黃 湯           治 同 上 
 
 前 方 煎 服 
 </formula> 
 <formula> 
 八 味 丸   <sf> 崔 氏 </sf> 
 
 前 方 加 肉 桂 附 子 各 一 兩 桂 附 八 味 治 相 火 
 </formula></text></document>