<?xml version="1.0" encoding="UTF-8" standalone="yes" ?>
<document>
<header>
<doctitle>
 女科輯要 
</doctitle>
<volume>
 下卷 
 </volume>
<author>
 沈又彭(堯封) 
</author>
<date>
 同治一年, 1862 
</date>
<currentpage>
 text 48b 
 </currentpage>
<first>
 Nukejiyao v.2 text 1a.xml
</first>
<last>
 Nukejiyao v.2 text 55b.xml
</last>
<prev>
 Nukejiyao v.2 text 48a.xml 
</prev>
<next>
 Nukejiyao v.2 text 49a.xml 
</next>
<image>
 Nukejiyao v.2 text 48b.jpg 
</image>
</header><text>
<formula>小 薊         蒲 黃 <sf> 炒 黑 </sf>         藕 節       滑 石       木 通       生 地         梔 子 <sf> 炒 </sf>         淡 竹 葉         當 歸       甘 草 <sf> 各 五 分 </sf> 
 </formula> 
 <formula> 
 導 赤 散 <sf> 錢 氏 </sf> 治 小 腸 有 火   便 赤 淋 痛 <sf> 論 見 帶 下 類 </sf> 
 
 生 地 黃         木 通       甘 草       淡 竹 葉         等 分 煎 
 </formula> 
 <formula> 
 血 極 膏 <sf> 羅 謙 甫 </sf> 治 婦 人 污 血 凝 滯 胞 門 致 成 經 閉 <sf> 論 見 經 閉 類 </sf> 
 
 大 黃 一 味 為 末 醋 熬 成 膏 服 之 利 一 二 行 徑 血 自 下 
 </formula> 
 <formula> 
 盪 胞 湯   <sf> 千 金 </sf>     治 二 三 十 年 不 產 育 胞 中 必 有 積 血 <sf> 論 見 求 子 門 </sf> 
 </formula></text></document>