<?xml version="1.0" encoding="UTF-8" standalone="yes" ?>
<document>
<header>
<doctitle>
 女科輯要 
</doctitle>
<volume>
 下卷 
 </volume>
<author>
 沈又彭(堯封) 
</author>
<date>
 同治一年, 1862 
</date>
<currentpage>
 text 45b 
 </currentpage>
<first>
 Nukejiyao v.2 text 1a.xml
</first>
<last>
 Nukejiyao v.2 text 55b.xml
</last>
<prev>
 Nukejiyao v.2 text 45a.xml 
</prev>
<next>
 Nukejiyao v.2 text 46a.xml 
</next>
<image>
 Nukejiyao v.2 text 45b.jpg 
</image>
</header><text>
<formula>右 五 味 水 六 升 煮 取 二 升 半 分 三 服 
 </formula> 
 <formula> 
 
 千 金 橘 皮 湯           治 妊 娠 嘔 吐 不 下 食 
 
 竹 茹         橘 皮         人 參         白 <cf> 術 </cf> <sf> 各 十 八 銖 </sf>         生 薑 <sf> 一 兩 </sf>         厚 樸 <sf> 十 二 銖 製 </sf> 
 
 右 六 味 水 七 升 煮 取 二 升 半 分 三 服 <sf> 附 參 </sf>   金 匱 單 用 橘 皮 湯 又 橘 皮 <sf> 三 升 </sf> 竹 茹 <sf> 二 升 </sf> 人 參 <sf> 一 兩 </sf> 甘 草 <sf> 五 兩 </sf> 生 薑 <sf> 半 觔 </sf> 大 棗 <sf> 三 十 枚 </sf> 名 橘 皮 竹 茹 湯 均 治 噦 逆 <sf> 後 人 又 因 金 匱 加 半 夏 赤 苓 枇 杷 葉 亦 名 橘 皮 竹 如 湯 治 虛 人 嘔 逆 </sf> 
 </formula> 
 <formula> 
 六 神 湯         治 產 後 痰 迷 神 昏 膽 語 惡 露 不 斷 者 甚 或 半 身 不 遂 口 眼 歪 斜   <sf> 方 論 見 前 產 後 案 中 </sf> 
 </formula></text></document>