<?xml version="1.0" encoding="UTF-8" standalone="yes" ?>
<document>
<header>
<doctitle>
 女科輯要 
</doctitle>
<volume>
 上卷 
 </volume>
<author>
 沈又彭(堯封) 
</author>
<date>
 同治一年, 1862 
</date>
<currentpage>
 text 53b 
 </currentpage>
<first>
 Nukejiyao v.1 print date.xml
</first>
<last>
 Nukejiyao v.1 text 62b.xml
</last>
<prev>
 Nukejiyao v.1 text 53a.xml 
</prev>
<next>
 Nukejiyao v.1 text 54a.xml 
</next>
<image>
 Nukejiyao v.1 text 53b.jpg 
</image>
</header><text>
之 為 尤 備 耳 。 
 
 張 飛 疇 曰 古 人 用 條 苓 安 胎 惟 形 瘦 血 熱 營 行 過 。 疾 胎 常 上 逼 者 相 宜 。 若 形 盛 氣 衰 ﹑ 胎 常 下 墜 者 。 非 人 參 舉 之 不 安 。 形 實 氣 盛 。 胎 常 不 運 者 。 非 香 砂 耗 之 不 安 。 血 虛 火 旺 腹 常 急 痛 者 。 非 歸 芍 養 之 不 安 。 體 肥 痰 盛 嘔 逆 眩 暈 者 。 非 二 陳 &lt;x> [ 豁 ] 之 不 安 。 此 皆 治 母 氣 之 偏 勝 也 若 有 外 邪 仍 宜 表 &lt;x> [ 散 ] 。 伏 邪 時 氣 尤 。 宜 急 下 。 惟 忌 芒 硝 切 不 可 犯 。 
 
 雄 按 條 苓 但 宜 于 血 熱 之 體 若 血 虛 有 火 者 。 余 以 竹 筎 桑 葉 絲 瓜 絡 為 君 。 隨 證 而 輔 以 他 藥 。 極 有 效 
 </text></document>