<?xml version="1.0" encoding="UTF-8" standalone="yes" ?>
<document>
<header>
<doctitle>
 女科輯要 
</doctitle>
<volume>
 下卷 
 </volume>
<author>
 沈又彭(堯封) 
</author>
<date>
 同治一年, 1862 
</date>
<currentpage>
 text 48a 
 </currentpage>
<first>
 Nukejiyao v.2 text 1a.xml
</first>
<last>
 Nukejiyao v.2 text 55b.xml
</last>
<prev>
 Nukejiyao v.2 text 47b.xml 
</prev>
<next>
 Nukejiyao v.2 text 48b.xml 
</next>
<image>
 Nukejiyao v.2 text 48a.jpg 
</image>
</header><text>
<formula>小 柴 胡 湯 <sf> 仲 景 </sf> 治 傷 寒 中 風 少 陽 證 往 來 寒 熱 胸 { 脅 } 痞 滿 默 默 不 欲 食 心 煩 喜 嘔 或 腹 中 痛 或 肋 下 痛 或 渴 或 咳 或 利 或 悸 小 便 不 利 口 苦 耳 聾 脈 弦 或 汗 後 餘 熱 不 解 及 春 時 嗽 發 瘧 寒 熱 婦 人 傷 寒 熱 入 血 室 <sf> 小 柴 胡 在 經 主 氣 在 臟 主 血 故 更 能 入 血 室 </sf> 
 
   柴 胡 八 兩         半 夏 半 升         人 參       甘 草         黃 芩       生 薑 三 兩         大 棗                             十 二 枚 
 </formula> 
 <formula> 
 
 理 血 
 
 小 薊 飲 子         治 男 婦 下 焦   熱 結 尿 血 淋 漓 <sf> 痛 者 為 血 淋 不 痛 者 為 溺 血 論 見 妊 娠 經       來 類 </sf> 
 </formula></text></document>