<?xml version="1.0" encoding="UTF-8" standalone="yes" ?>
<document>
<header>
<doctitle>
 女科輯要 
</doctitle>
<volume>
 下卷 
 </volume>
<author>
 沈又彭(堯封) 
</author>
<date>
 同治一年, 1862 
</date>
<currentpage>
 text 14b 
 </currentpage>
<first>
 Nukejiyao v.2 text 1a.xml
</first>
<last>
 Nukejiyao v.2 text 55b.xml
</last>
<prev>
 Nukejiyao v.2 text 14a.xml 
</prev>
<next>
 Nukejiyao v.2 text 15a.xml 
</next>
<image>
 Nukejiyao v.2 text 14b.jpg 
</image>
</header><text>
為 藏 血 之 臟 。 血 去 肝 虛 。 其 氣 易 動 。 一 關 氣 惱 。 陡 然 &lt;x> 腹 大 痛 。 治 法 血 虛 宜 歸 耆 建 中 。 消 食 惟 查 肉 炭 最 妙 。 兼 和 血 也 。 消 瘀 宜 奪 命 散 。 感 寒 者 輕 則 炮 薑 艾 葉 。 重 則 桂 附 茱 萸 。 肝 氣 &lt;x> 痛 。 養 血 藥 中 加 川 棟 橘 核 苦 以 泄 之 。 重 則 烏 梅 丸 辛 散 酸 收 苦 泄 並 用 。 杰 按 一 婦 產 後 腹 痛 。 令 其 夫 以 手 按 之 。 小 腹 痛 尤 甚 下 惡 露 而 痛 仍 不 減 。 知 其 非 瘀 。 乃 燥 糞 也 。 予 藥 一 劑 大 便 潤 下 而 愈 。 姜 用 川 治 驗 。         炮 薑 五 分 丹 皮 二 錢 歸 身 三 錢 川 芎 一 錢 五 分 山 查 二 錢 炒 枳 殼 一 錢 五 分 炒 麻 仁 二 錢 杵 爛 桃 仁 泥 二 錢 生 地 
 </text></document>