<?xml version="1.0" encoding="UTF-8" standalone="yes" ?>
<document>
<header>
<doctitle>
 女科輯要 
</doctitle>
<volume>
 下卷 
 </volume>
<author>
 沈又彭(堯封) 
</author>
<date>
 同治一年, 1862 
</date>
<currentpage>
 text 51a 
 </currentpage>
<first>
 Nukejiyao v.2 text 1a.xml
</first>
<last>
 Nukejiyao v.2 text 55b.xml
</last>
<prev>
 Nukejiyao v.2 text 50b.xml 
</prev>
<next>
 Nukejiyao v.2 text 51b.xml 
</next>
<image>
 Nukejiyao v.2 text 51a.jpg 
</image>
</header><text>
<formula>  <sf> 二 錢 </sf> 
 
   右 為 末 用 溫 酒 熱 湯 各 半 盞 調 灌 一 二 錢 能 下 咽 即 開 眼 更 宜 燒 漆 氣 淬 醋 炭 于 { 床 } 前 使 聞 其 氣 
 </formula> 
 <formula> 
 伏 龍 肝 散         治 大 小 產 血 去 過 多 不 止 
 
 伏 龍 肝 
 </formula> 
 <formula> 
 黑 龍 丹   <sf> 亦 名 琥 珀 黑 龍 丹 </sf>   治 產 難 及 胞 衣 不 下 血 迷 血 暈 不 省 人 事 一 切 危 急 惡 候 垂 死 者 但 灌 藥 得 下 無 不 全 活 亦 治 產 後 疑 難 雜 證 <sf> 案 見 奇 證 中 </sf> 
 
 當 歸       五 靈 脂 <sf> 淨 者 </sf>         川 芎         良 薑         熟 地 <sf> 各 二 兩 剉 碎 入 砂 鍋 內 紙 筋 鹽 泥                                 固 濟 火 煆 過 </sf>           百 草 霜 <sf> 一 兩 </sf>       硫 黃       乳 香 <sf> 各 二 錢 </sf> 
 </formula></text></document>