<?xml version="1.0" encoding="UTF-8" standalone="yes" ?>
<document>
<header>
<doctitle>
 女科輯要 
</doctitle>
<volume>
 上卷 
 </volume>
<author>
 沈又彭(堯封) 
</author>
<date>
 同治一年, 1862 
</date>
<currentpage>
 text 42a 
 </currentpage>
<first>
 Nukejiyao v.1 print date.xml
</first>
<last>
 Nukejiyao v.1 text 62b.xml
</last>
<prev>
 Nukejiyao v.1 text 41b.xml 
</prev>
<next>
 Nukejiyao v.1 text 42b.xml 
</next>
<image>
 Nukejiyao v.1 text 42a.jpg 
</image>
</header><text>
溫 胃 寬 氣 等 藥 。 服 之 反 吐 。 轉 加 脹 滿 湊 心 。 驗 之 胎 死 已 久 。 服 下 死 胎 藥 不 能 通 。 因 得 鯉 魚 湯 。 其 論 曰 妊 婦 通 身 腫 滿 。 或 心 胸 急 脹 。 名 曰 胎 水 遂 看 妊 婦 胸 肚 不 分 。 急 以 鯉 魚 湯 三 五 服 。 大 小 便 皆 下 惡 水 。 腫 消 脹 去 。 方 得 分 娩 死 胎 。 此 證 蓋 因 懷 妊 腹 大 。 不 以 為 怪 。 竟 至 傷 胎 。 可 不 慎 哉 。 
 
 妊 娠 經 來 
 王 叔 和 曰 婦 人 月 經 下 但 少 。 師 脈 之 反 言 有 娠 。 其 後 審 然 。 其 脈 何 類 。 曰 寸 口 脈 陰 陽 俱 平 。 營 衛 調 和 <sf> 寸 口 脈 陰 陽 俱 平 自 然 營 衛 調 和 也 </sf> 按 之 則 滑 。 浮 之 則 輕 。 <sf> 重 按 之 以 候 陰 分 則 滑 是 有 餘 之 象 </sf> 
 </text></document>