<?xml version="1.0" encoding="UTF-8" standalone="yes" ?>
<document>
<header>
<doctitle>
 女科輯要 
</doctitle>
<volume>
 上卷 
 </volume>
<author>
 沈又彭(堯封) 
</author>
<date>
 同治一年, 1862 
</date>
<currentpage>
 text 46a 
 </currentpage>
<first>
 Nukejiyao v.1 print date.xml
</first>
<last>
 Nukejiyao v.1 text 62b.xml
</last>
<prev>
 Nukejiyao v.1 text 45b.xml 
</prev>
<next>
 Nukejiyao v.1 text 46b.xml 
</next>
<image>
 Nukejiyao v.1 text 46a.jpg 
</image>
</header><text>
心 服 。 丹 溪 論 曰 。 窘 胞 之 病 。 婦 之 稟 受 弱 者 憂 悶 多 者 。 性 { 燥 } 急 者 。 食 味 厚 者 多 有 之 。 古 方 用 滑 藥 鮮 效 。 因 思 胞 不 自 轉 。 為 胎 被 壓 。 胎 若 舉 起 。 胞 必 自 疏 。 水 道 自 通 矣 。 近 吳 宅 寵 人 患 此 。 脈 似 濇 。 重 則 弦 。 予 曰 此 得 之 憂 患 。 濇 為 血 少 氣 多 。 弦 為 有 飲 。 血 少 則 胎 弱 不 能 舉 。 氣 多 有 飲 。 中 焦 不 清 而 溢 。 則 胎 避 而 就 下 乃 以 上 藥 與 飲 。 隨 以 指 探 喉 中 吐 出 藥 汁 。 候 氣 定 。 又 與 之 而 安 。 此 恐 偶 中 。 後 治 數 人 皆 效 。 
 
 仲 景 云 婦 人 本 肥 盛 。 今 反 羸 瘦 。 胞 系 了 戾 。 但 利 小 便 則 愈 。 宜 服 腎 氣 丸 。 以 中 有 茯 苓 故 也 。 地 黃 為 君 功 在 
 </text></document>