<?xml version="1.0" encoding="UTF-8" standalone="yes" ?>
<document>
<header>
<doctitle>
 女科輯要 
</doctitle>
<volume>
 上卷 
 </volume>
<author>
 沈又彭(堯封) 
</author>
<date>
 同治一年, 1862 
</date>
<currentpage>
 text 1a 
 </currentpage>
<first>
 Nukejiyao v.1 print date.xml
</first>
<last>
 Nukejiyao v.1 text 62b.xml
</last>
<prev>
 Nukejiyao v.1 TC 1b.xml 
</prev>
<next>
 Nukejiyao v.1 text 1b.xml 
</next>
<image>
 Nukejiyao v.1 text 1a.jpg 
</image>
</header><text>
女 科 輯 要 卷 上 
                                                                                 婿 王 士 雄 孟 英 參 
 沈 堯 封 先 生 輯         錢 塘 後 學 徐 政 杰 藹 輝 補 注 
                                                                                 男         之 藩 友 珊 校 
 
 經 水 
 素 問 女 子 七 歲 腎 氣 盛 。 齒 更 髮 長 。 二 七 而 天 癸 至 。 任 脈 通 太 衝 脈 盛 月 事 以 時 下 
 
 沈 按 天 癸 是 女 精 。 由 任 脈 而 來 。 月 事 是 經 血 。 由 大 衝 而 來 經 言 二 七 而 天 癸 至 緣 任 脈 通 。 斯 時 大 衝 脈 盛 月 事 亦 以 時 下 。 一 順 言 之 一 逆 言 之 耳 故 月 
 </text></document>