<?xml version="1.0" encoding="UTF-8" standalone="yes" ?>
<document>
<header>
<doctitle>
 女科輯要 
</doctitle>
<volume>
 下卷 
 </volume>
<author>
 沈又彭(堯封) 
</author>
<date>
 同治一年, 1862 
</date>
<currentpage>
 text 14a 
 </currentpage>
<first>
 Nukejiyao v.2 text 1a.xml
</first>
<last>
 Nukejiyao v.2 text 55b.xml
</last>
<prev>
 Nukejiyao v.2 text 13b.xml 
</prev>
<next>
 Nukejiyao v.2 text 14b.xml 
</next>
<image>
 Nukejiyao v.2 text 14a.jpg 
</image>
</header><text>
褚 侍 中 云 。 童 便 降 火 甚 速 。 降 血 甚 神 。 故 為 療 厥 逆 頭 痛 之 聖 藥 。 若 血 虛 受 風 。 宜 一 奇 散 。 即 芎 歸 湯 也 。 
 薛 按 載 一 產 婦 頭 痛 。 日 用 補 中 益 氣 已 三 年 。 稍 勞 則 惡 寒 內 熱 。 擬 作 陽 虛 治 。 加 附 子 一 錢 於 前 湯 中 數 劑 不 發 。 
 
 胃 &lt;x> 痛 腹 痛 少 腹 痛 
 
 沈 按 有 血 瘀 血 虛 停 食 感 寒 肝 氣 之 異 。 手 按 痛 減 者 血 虛 也 。 按 之 痛 增 者 。 非 停 食 即 瘀 血 。 停 食 則 右 關 脈 獨 實 。 且 有 噯 哺 氣 。 瘀 血 則 所 下 惡 露 必 少 。 得 熱 即 減 者 。 感 寒 也 。 至 若 厥 陰 肝 脈 抵 小   腹 挾 胃 。 又 
 </text></document>