<?xml version="1.0" encoding="UTF-8" standalone="yes" ?>
<document>
<header>
<doctitle>
 女科輯要 
</doctitle>
<volume>
 上卷 
 </volume>
<author>
 沈又彭(堯封) 
</author>
<date>
 同治一年, 1862 
</date>
<currentpage>
 text 9a 
 </currentpage>
<first>
 Nukejiyao v.1 print date.xml
</first>
<last>
 Nukejiyao v.1 text 62b.xml
</last>
<prev>
 Nukejiyao v.1 text 8b.xml 
</prev>
<next>
 Nukejiyao v.1 text 9b.xml 
</next>
<image>
 Nukejiyao v.1 text 9a.jpg 
</image>
</header><text>
張 景 岳 云 經 閉 有 血 隔 血 枯 不 同 。 隔 者 病 發 于 暫 。 通 之 則 愈 。 枯 者 其 來 也 漸 。 補 養 乃 充 。 
 
 沈 按 金 匱 三 證 。 積 冷 結 氣 。 有 血 不 行 也 。 景 岳 謂 之 血 隔 。 積 冷 宜 肉 桂 大 辛 熱 之 藥 導 血 下 行 。 後 用 養 榮 之 藥 調 之 。         氣 結 宜 宣 。 如 逍 遙 散 或 香 附 烏 藥 行 氣 之 品 宣 之 。         虛 者 。 無 血 可 行 也 。 景 岳 謂 之 血 枯 。 宜 補 。 趙 養 葵 補 水 補 火 補 中 氣 三 法 。 最 為 扼 要 。 
 
 雄 按 補 水 勿 泥 于 六 味 。 補 火 勿 泥 于 八 味 。 補 中 氣 勿 泥 于 歸 脾 。 
 
 寇 宗 奭 曰 童 年 情 竇 早 開 。 積 想 在 心 。 月 水 先 閉 。 蓋 憂 
 </text></document>