<?xml version="1.0" encoding="UTF-8" standalone="yes" ?>
<document>
<header>
<doctitle>
 女科輯要 
</doctitle>
<volume>
 上卷 
 </volume>
<author>
 沈又彭(堯封) 
</author>
<date>
 同治一年, 1862 
</date>
<currentpage>
 text 24a 
 </currentpage>
<first>
 Nukejiyao v.1 print date.xml
</first>
<last>
 Nukejiyao v.1 text 62b.xml
</last>
<prev>
 Nukejiyao v.1 text 23b.xml 
</prev>
<next>
 Nukejiyao v.1 text 24b.xml 
</next>
<image>
 Nukejiyao v.1 text 24a.jpg 
</image>
</header><text>
載 一 產 三 子 四 子 。 有 半 男 半 女 。 或 男 多 女 少 。 或 男 少 女 多 。 則 一 三 五 日 為 男 。 二 四 六 日 為 女 之 說 。 豈 其 然 哉 。 褚 氏 聖 濟 丹 溪 主 精 血 子 宮 左 右 之 論 為 有 見 。 而 道 藏 東 垣 日 數 之 論 為 可 疑 矣 。 叔 和 脈 經 。 以 脈 之 左 右 浮 沉 辨 猥 生 之 男 女 。 高 陽 脈 訣 。 以 脈 之 縱 橫 逆 順 。 別 駢 品 之 胎 形 。 恐 臆 度 之 見 。 而 非 確 論 也 。 
 
 雄 按 閱 微 草 堂 筆 記 云 。 夫 胎 者 。 兩 精 相 搏 。 翕 合 而 成 者 也 。 媾 合 之 際 。 其 情 既 洽 。 其 精 乃 至 。 陽 精 至 而 陰 精 不 至 。 陰 精 至 而 陽 精 不 至 。 皆 不 能 成 。 皆 至 矣 。 時 有 先 後 。 則 先 至 者 氣 散 不 攝 。 亦 不 能 成 。 不 先 不 
 </text></document>