<?xml version="1.0" encoding="UTF-8" standalone="yes" ?>
<document>
<header>
<doctitle>
 女科輯要 
</doctitle>
<volume>
 上卷 
 </volume>
<author>
 沈又彭(堯封) 
</author>
<date>
 同治一年, 1862 
</date>
<currentpage>
 text 7a 
 </currentpage>
<first>
 Nukejiyao v.1 print date.xml
</first>
<last>
 Nukejiyao v.1 text 62b.xml
</last>
<prev>
 Nukejiyao v.1 text 6b.xml 
</prev>
<next>
 Nukejiyao v.1 text 7b.xml 
</next>
<image>
 Nukejiyao v.1 text 7a.jpg 
</image>
</header><text>
壹 錢 焙 黑 。 取 其 入 血 分 。 研 末 酒 送 神 效 。 
 
 又 按 經 前 後 俱 痛 。 病 多 由 肝 經 。 而 其 中 更 有 不 同 。 脈 弦 細 者 。 是 木 氣 之 鬱 。 宜 逍 遙 散 及 川 楝 小 茴 橘 核 之 類 。 脈 大 者 是 肝 風 內 動 。 體 發 紅 塊 者 。 是 肝 陽 外 越 。 俱 宜 溫 潤 。         戴 禮 亭 室 人 向 患 經 前 後 腹 痛 連 及 右 足 。 體 發 紅 塊 。 脈 大 右 關 尺 尤 甚 。 己 卯 秋 予 作 肝 風 內 動 治 。 用 生 地 四 錢 。 炒 枸 杞 一 錢 。 細 石 斛 二 錢 。 杜 仲 二 錢 。 乾 淡 蓯 蓉 一 錢 。 麥 冬 一 錢 。 牛 膝 一 錢 。 歸 身 一 錢 五 分 炒 白 芍 一 錢 。 服 之 痛 止 後 於 經 前 後 數 劑 。 經 來 甚 適 。 不 服 即 痛 。 因 作 丸 服 此 方 屢 
 <marginalia> 
 <sf> 經 前 後 俱 痛 </sf> 
 </marginalia> 
 </text></document>