<?xml version="1.0" encoding="UTF-8" standalone="yes" ?>
<document>
<header>
<doctitle>
 女科輯要 
</doctitle>
<volume>
 下卷 
 </volume>
<author>
 沈又彭(堯封) 
</author>
<date>
 同治一年, 1862 
</date>
<currentpage>
 text 7a 
 </currentpage>
<first>
 Nukejiyao v.2 text 1a.xml
</first>
<last>
 Nukejiyao v.2 text 55b.xml
</last>
<prev>
 Nukejiyao v.2 text 6b.xml 
</prev>
<next>
 Nukejiyao v.2 text 7b.xml 
</next>
<image>
 Nukejiyao v.2 text 7a.jpg 
</image>
</header><text>
衛 散 亂 營 氣 先 絕 。 故 不 [ 治 ] 。     薛 立 齋 云 急 用 二 味 參 蘇 飲 加 附 子 亦 有 得 生 者 
 
 <formula> 
 眩 暈 昏 冒 
 去 血 過 多 者 宜 重 用 阿 膠 。 水 化 { 略 } 加 童 便 服 。 
 血 去 不 多 者 宜 奪 命 散 沒 藥 去 油 二 錢 。 血 竭 一 錢 共 研 末 。 分 兩 服 糖 調 酒 下 。 <sf> 二 條 宜 與 前 惡 露 過 多 二 條 參 看 </sf> 
 
 </formula> 
 錢 姓 婦 產 後 發 暈 兩 日 不 醒 。 產 時 惡 露 甚 少 。 暈 時 惡 露 已 斷 。 伊 夫 問 鄰 家 討 琥 珀 散 一 服 。 約 重 二 錢 許 酒 調 灌 下 即 醒 其 藥 之 色 與 香 俱 似 沒 藥 。 大 約 即 是 血 竭 沒 藥 之 方 
 </text></document>