<?xml version="1.0" encoding="UTF-8" standalone="yes" ?>
<document>
<header>
<doctitle>
 女科輯要 
</doctitle>
<volume>
 上卷 
 </volume>
<author>
 沈又彭(堯封) 
</author>
<date>
 同治一年, 1862 
</date>
<currentpage>
 text 8a 
 </currentpage>
<first>
 Nukejiyao v.1 print date.xml
</first>
<last>
 Nukejiyao v.1 text 62b.xml
</last>
<prev>
 Nukejiyao v.1 text 7b.xml 
</prev>
<next>
 Nukejiyao v.1 text 8b.xml 
</next>
<image>
 Nukejiyao v.1 text 8a.jpg 
</image>
</header><text>
雄 按 亦 有 鬱 火 內 盛 者 
 
 月 事 不 來 
 素 問 二 陽 之 病 發 心 脾 有 不 得 隱 曲 。 女 子 不 月 。 其 傳 為 風 消 。 其 傳 為 息 奔 者 死 不 治 。 
 
 沈 按 二 陽 指 陽 明 經 言 。 不 指 臟 腑 言 。 二 陽 之 病 發 心 脾 者 。 陽 明 為 多 血 之 經 血 乃 水 穀 之 精 氣 。 藉 心 火 &lt;x> 煉 而 成 。 憂 愁 思 慮 傷 心 。 困 及 其 子 。 不 嗜 飲 食 。 血 無 以 資 生 。 陽 明 病 矣 。 經 云 前 陰 總 宗 筋 之 所 會 。 會 於 氣 街 而 陽 明 為 之 長 。 故 陽 明 病 。 則 陽 事 衰 而 不 得 隱 曲 也 。 太 衝 為 血 海 。 並 陽 明 之 經 而 行 。 故 陽 
 </text></document>