<?xml version="1.0" encoding="UTF-8" standalone="yes" ?>
<document>
<header>
<doctitle>
 女科輯要 
</doctitle>
<volume>
 下卷 
 </volume>
<author>
 沈又彭(堯封) 
</author>
<date>
 同治一年, 1862 
</date>
<currentpage>
 text 39b 
 </currentpage>
<first>
 Nukejiyao v.2 text 1a.xml
</first>
<last>
 Nukejiyao v.2 text 55b.xml
</last>
<prev>
 Nukejiyao v.2 text 39a.xml 
</prev>
<next>
 Nukejiyao v.2 text 40a.xml 
</next>
<image>
 Nukejiyao v.2 text 39b.jpg 
</image>
</header><text>
<formula><sf> 用 生 </sf> 
 
 杰 按 陰 氣 為 陽 熱 所 灼 也 用 此 以 收 攝 其 欲 亡 之 微 陰 故 沈 謂 子 煩 陰 虛 火 甚 者 宜 服 此 
 </formula> 
 <formula> 
 袪 寒 
 
 大 建 中 湯   <sf> 金 匱 </sf>     治 心 胸 中 大 寒 痛 嘔 不 能 飲 食 腹 中 寒 氣 上 衝 皮 起 出 見 有 頭 足 上 下 痛 而 不 可 近 者 
 
 杰 按 心 為 陽 寒 為 陰 寒 乘 於 心 陰 陽 相 激 故 痛 寒 乘 於 脾 脾 冷 不 消 水 穀 心 脾 為 子 母 之 藏 為 邪 所 乘 故 痛 而 嘔 復 不 能 飲 食 也 
 
     蜀 椒 <sf> 二 合 </sf>           乾 薑 <sf> 四 兩 </sf>           人 參 <sf> 二 兩 </sf>           煎 去 渣 入 飴 糖 一 
 </formula></text></document>