<?xml version="1.0" encoding="UTF-8" standalone="yes" ?>
<document>
<header>
<doctitle>
 女科輯要 
</doctitle>
<volume>
 下卷 
 </volume>
<author>
 沈又彭(堯封) 
</author>
<date>
 同治一年, 1862 
</date>
<currentpage>
 text 7b 
 </currentpage>
<first>
 Nukejiyao v.2 text 1a.xml
</first>
<last>
 Nukejiyao v.2 text 55b.xml
</last>
<prev>
 Nukejiyao v.2 text 7a.xml 
</prev>
<next>
 Nukejiyao v.2 text 8a.xml 
</next>
<image>
 Nukejiyao v.2 text 7b.jpg 
</image>
</header><text>
庚 辰 春 呂 姓 婦 分 娩 。 次 日 患 血 暈 。 { 略 } 醒 一 刻 。 又 目 閉 頭 傾 。 一 日 數 十 發 其 惡 露 產 時 不 少 。 今 亦 不 斷 。 脈 大 左 關 弦 硬 。 用 酒 化 阿 膠 一 兩 衝 童 便 服 。 是 夜 暈 雖 少 減 而 頭 汗 出   。 少 腹 痛 有 形 。 寒 戰 如 瘧 。 戰 已 發 熱 更 甚 。 投 沒 藥 血 竭 奪 命 散 二 錢 酒 調 服 。 寒 熱 腹 痛 發   暈 頓 除 。 惟 嫌 通 身 汗 出 。 此 是 氣 血 已 通 而 現 虛 象 。 用 黃 耆 五 錢 炒   歸 身 二 錢 甘 草 一 錢 炒 棗 仁 三 錢 炒 小 麥 五 錢 大 棗 三 個 煎 服 。 汗 止 而 安 。 
 雄 按 惡 露 雖 少 而 胸 腹 無 苦 者 。 不 可 亂 投 破 瘀 之 藥 今 秋 周 鶴 庭 室 人 新 產 眩 暈 自 汗 嬾 言 。 目 不 能 
 </text></document>