<?xml version="1.0" encoding="UTF-8" standalone="yes" ?>
<document>
<header>
<doctitle>
 女科輯要 
</doctitle>
<volume>
 上卷 
 </volume>
<author>
 沈又彭(堯封) 
</author>
<date>
 同治一年, 1862 
</date>
<currentpage>
 text 12b 
 </currentpage>
<first>
 Nukejiyao v.1 print date.xml
</first>
<last>
 Nukejiyao v.1 text 62b.xml
</last>
<prev>
 Nukejiyao v.1 text 12a.xml 
</prev>
<next>
 Nukejiyao v.1 text 13a.xml 
</next>
<image>
 Nukejiyao v.1 text 12b.jpg 
</image>
</header><text>
附 理 氣 以 和 肝 。 慎 不 可 用 破 氣 藥 。 
 
 薛 立 齋 云 肝 經 風 熱 。 或 怒 動 肝 火 。 俱 宜 加 味 逍 遙 散 。 
 <formula> 
 加 味 逍 遙 散 
 當 歸         白 芍         柴 胡         甘 草         茯 苓         白 朮         丹 皮         黑 梔         加 薄 荷         薑 棗 煎  </formula> 
 
 李 太 素 曰 崩 宜 理 氣 。 降 火 。 升 提 。 
 
 金 匱 云 寸 口 脈 微 而 緩 。 微 者 衛 氣 { 疏 } 。 疏 則 其 膚 空 。 緩 者 胃 弱 不 實 。 則 穀 消 而 水 化 。 穀 入 于 胃 。 脈 道 乃 行 。 水 入 于 經 。 其 血 乃 成 。 營 盛 則 其 膚 必 { 疏 } 。 三 焦 絕 經 。 名 曰 血 崩 。 
 </text></document>