<?xml version="1.0" encoding="UTF-8" standalone="yes" ?>
<document>
<header>
<doctitle>
 女科輯要 
</doctitle>
<volume>
 下卷 
 </volume>
<author>
 沈又彭(堯封) 
</author>
<date>
 同治一年, 1862 
</date>
<currentpage>
 text 22a 
 </currentpage>
<first>
 Nukejiyao v.2 text 1a.xml
</first>
<last>
 Nukejiyao v.2 text 55b.xml
</last>
<prev>
 Nukejiyao v.2 text 21b.xml 
</prev>
<next>
 Nukejiyao v.2 text 22b.xml 
</next>
<image>
 Nukejiyao v.2 text 22a.jpg 
</image>
</header><text>
  病 痰 滯 居 半 千 金 半 夏 茯 苓 湯 所 以 神 也 。 至 臨 產 時 痰 涎 與 惡 血 齊 出 。 方 得 無 病 。 若 止 血 下 而 痰 飲 不 下 諸 病 叢 生 。 故 產 後 理 血 不 應 六 神 湯 為 要 藥 此 證 初 起 不 過 痰 飲 阻 滯 氣 道 作 腫 血 本 無 病 。 用 五 苓 腎 氣 腫 減 者 痰 滯 氣 道 得 熱 暫 開 故 也 久 投 不 已 。 血 分 過 熱 致 吐 血     兩 次 。 至 若 半 身 不 遂 。 口 眼 歪 斜 舌 絡 不 靈 俱 是 痰 滯 經 絡 見 證 即 厥   亦 是 痰 迷 所 致 。 並 非 虛 脫 故 消 痰 通 絡 。 病 自 漸 愈 。 何 奇 之 有 
 雄 按 此 等 卓 識 。 皆 從 閱 歷 而 來 。 朱 生 甫 令 郎 仲 和 
 </text></document>