<?xml version="1.0" encoding="UTF-8" standalone="yes" ?>
<document>
<header>
<doctitle>
 女科輯要 
</doctitle>
<volume>
 下卷 
 </volume>
<author>
 沈又彭(堯封) 
</author>
<date>
 同治一年, 1862 
</date>
<currentpage>
 text 3a 
 </currentpage>
<first>
 Nukejiyao v.2 text 1a.xml
</first>
<last>
 Nukejiyao v.2 text 55b.xml
</last>
<prev>
 Nukejiyao v.2 text 2b.xml 
</prev>
<next>
 Nukejiyao v.2 text 3b.xml 
</next>
<image>
 Nukejiyao v.2 text 3a.jpg 
</image>
</header><text>
  哉 言 乎 若 得 見 兒 身 順 下 縱 稽 時 日 。 不 必 驚 惶 。 安 心 靜 俟 可 耳 會 稽 施 圃 生 茂 才 誕 時 。 其 母 產 十 三 日 而 始 下 。 母 子 皆 安 。 世 俗 不 知 此 理 稍 覺 不 易 。 先 自 慌 張 近 有 凶 惡 穩 婆 。 故 為 恫 嚇 妄 施 毒 手 要 取 重 價 臠 而 出 之 索 謝 去 後 產 母 隨 以 告 隕 者 有 之 。 奈 貿 貿 者 尚 誇 其 手 段 之 高 。 忍 心 害 理 慘 莫 慘 於 此 矣 。 設 果 胎 不 能 下 。 自 有 因 證 調 治 諸 法 即 胎 死 腹 中 。 亦 有 可 下 之 方 自 古 方 書 。 未 聞 有 臠 割 之 刑 加 諸 投 生 之 嬰 兒 者 。 附 識 於 此 冀 世 人 之 憬 然 悟 而 勿 為 凶 人 牟 利 之 妖 言 所 惑 也 但 有 一 種 騾 形 者 。 
 </text></document>