<?xml version="1.0" encoding="UTF-8" standalone="yes" ?>
<document>
<header>
<doctitle>
 女科輯要 
</doctitle>
<volume>
 下卷 
 </volume>
<author>
 沈又彭(堯封) 
</author>
<date>
 同治一年, 1862 
</date>
<currentpage>
 text 32a 
 </currentpage>
<first>
 Nukejiyao v.2 text 1a.xml
</first>
<last>
 Nukejiyao v.2 text 55b.xml
</last>
<prev>
 Nukejiyao v.2 text 31b.xml 
</prev>
<next>
 Nukejiyao v.2 text 32b.xml 
</next>
<image>
 Nukejiyao v.2 text 32a.jpg 
</image>
</header><text>
柴 胡 增 劇 。 詢 其 病 情 。 云 醒 時 下 體 惡 寒 。 即 憒 時 亦 嘗 牽 被 斂 衣 。 因 悟 此 證 平 素 必 患   帶 下 。 且 完 姻 未 久 。 隱 曲 之 事 未 免 過 當 。 復 值 經 來   過 多 精 血 兩 虧 。 陰 陽 並 竭 。 其 惡 寒 發 熱 由 陰 陽 相 乘 所 致 。 非 外 感 熱 邪   深 入 也 。 { 誤 } 投 發 散 清 熱 。 證 同 亡 陽 傷 寒 論 云 。 亡 陽 則 膽 語 。 內 經 云 。 脫 陽 者 見 鬼 是 也 。 因 用 腎 氣 丸 早 晚 各 二 錢 。 神 氣 即 清 。 隨 以 蓯 蓉 易 桂 附 。 數 劑   全 愈   。 <sf> 此 即   前 所 云 似 是 實 非 之 證 不 可 不   辨 者 也   堯 封 自 記 </sf> 
 
 咽 哽 
 <formula> 
 金 匱 婦 人 咽 中 如 有 炙 &lt;x> 。 半 夏 厚 樸 湯 主 之 。         千 金 
 </formula></text></document>