<?xml version="1.0" encoding="UTF-8" standalone="yes" ?>
<document>
<header>
<doctitle>
 女科輯要 
</doctitle>
<volume>
 上卷 
 </volume>
<author>
 沈又彭(堯封) 
</author>
<date>
 同治一年, 1862 
</date>
<currentpage>
 text 36b 
 </currentpage>
<first>
 Nukejiyao v.1 print date.xml
</first>
<last>
 Nukejiyao v.1 text 62b.xml
</last>
<prev>
 Nukejiyao v.1 text 36a.xml 
</prev>
<next>
 Nukejiyao v.1 text 37a.xml 
</next>
<image>
 Nukejiyao v.1 text 36b.jpg 
</image>
</header><text>
<formula>子 懸 。         陳 良 甫 曰 妊 至 四 五 月 君 相 二 火 養 胎 。 熱 氣 逆 上 。 胎 湊 心 胸 。 腹 滿 痞 悶 。 名 曰 子 懸 。 用 此 加 黃 苓 山 梔 之 類 。 一 方 無 川 芎 。 名 七 寶 散 許 叔 微 云 六 七 月 子 懸 者 用 之 。 數 數 有 驗 。 不 十 服 胎 便 近 下 
 紫 蘇 <sf> 一 兩 </sf>         腹 皮         人 參         川 芎         橘 皮         白 芍         當 歸 <sf> 三 分 </sf>         甘 草 <sf> 一 分 </sf>         剉 分 三 服 水 一 盞 生 薑 四 片 <cf> &#33905; </cf> 白 煎 去 渣 服 </formula> 
 
 杰 按 去 川 芎 。 應 避 升 提 之 故 。 
 
 汪 訒 菴 曰 治 胎 氣 不 和 。 湊 上 胸 腹 。 腹 滿 頭 疼 。 心 腹 腰 { 脅 } 皆 痛 。 名 子 懸 。 因 下 焦 氣 實 。 相 火 旺 盛 。 舉 胎 而 上 。 上 
 </text></document>