<?xml version="1.0" encoding="UTF-8" standalone="yes" ?>
<document>
<header>
<doctitle>
 女科輯要 
</doctitle>
<volume>
 上卷 
 </volume>
<author>
 沈又彭(堯封) 
</author>
<date>
 同治一年, 1862 
</date>
<currentpage>
 text 15a 
 </currentpage>
<first>
 Nukejiyao v.1 print date.xml
</first>
<last>
 Nukejiyao v.1 text 62b.xml
</last>
<prev>
 Nukejiyao v.1 text 14b.xml 
</prev>
<next>
 Nukejiyao v.1 text 15b.xml 
</next>
<image>
 Nukejiyao v.1 text 15a.jpg 
</image>
</header><text>
連 即 止 。 
 
 一 婦 患 崩 月 餘 。 余 診 時 大 崩 發 暈 幾 脫 。 是 方 加 人 參 一 錢 服 之 即 定 。 十 劑 而 安 。 
 
 一 婦 患 此 年 逾 五 旬 。 投 人 參 阿 膠 不 效 。 一 日 用 黃 連 五 分 甚 不 相 安 。 一 醫 云 是 氣 病 用 酒 炒 香 附 歸 芍 丹 皮 黃 苓 牡 蠣 棗 仁 黑 荊 芥 各 二 錢 鬱 金 一 錢 五 分 橘 皮 一 錢 上 沉 香 磨 <cf> 沖 </cf> 三 分 柴 胡 五 分 棕 櫚 灰 八 分 煎 服 一 劑 崩 止 。 除 去 柴 胡 棕 櫚 荊 芥 。 數 劑 食 進 。 後 加 白 朮 為 散 。 服 之 作 脹 減 去 即 安 。 
 
 一 崩 證 少 腹 惡 寒 。 用 桂 附 八 味 丸 收 全 效 。 
 </text></document>