<?xml version="1.0" encoding="UTF-8" standalone="yes" ?>
<document>
<header>
<doctitle>
 女科輯要 
</doctitle>
<volume>
 上卷 
 </volume>
<author>
 沈又彭(堯封) 
</author>
<date>
 同治一年, 1862 
</date>
<currentpage>
 text 4a 
 </currentpage>
<first>
 Nukejiyao v.1 print date.xml
</first>
<last>
 Nukejiyao v.1 text 62b.xml
</last>
<prev>
 Nukejiyao v.1 text 3b.xml 
</prev>
<next>
 Nukejiyao v.1 text 4b.xml 
</next>
<image>
 Nukejiyao v.1 text 4a.jpg 
</image>
</header><text>
氣 不 可 徒 以 香 燥 也 。 蓋 鬱 怒 為 情 志 之 火 。 頻 服 香 燥 。 則 營 陰 愈 耗 矣 。 
 
 趙 養 葵 云 。 經 水 不 及 期 而 來 者 。 有 火 也 。 宜 六 味 丸 滋 水 。 如 不 及 期 而 來 多 者 。 加 白 芍 柴 胡 海 螵 蛸 。 如 半 月 或 十 日 而 來 。 且 綿 延 不 止 者 。 屬 氣 虛 。 宜 補 中 湯 。 如 過 期 而 來 者 。 火 衰 也 。 六 味 加 艾 葉 。 如 脈 遲 而 色 淡 者 加 桂 。 此 其 大 略 也 。 其 間 有 不 及 期 而 無 火 者 。 有 過 期 而 有 火 者 。 不 可 拘 於 一 定 。 當 察 脈 視 稟 。 滋 水 為 主 。 隨 證 加 減 。 
 
 雄 按 婦 人 之 病 。 雖 以 調 經 為 先 。 第 人 秉 不 同 。 亦 如 
 </text></document>