<?xml version="1.0" encoding="UTF-8" standalone="yes" ?>
<document>
<header>
<doctitle>
 女科輯要 
</doctitle>
<volume>
 上卷 
 </volume>
<author>
 沈又彭(堯封) 
</author>
<date>
 同治一年, 1862 
</date>
<currentpage>
 text 18a 
 </currentpage>
<first>
 Nukejiyao v.1 print date.xml
</first>
<last>
 Nukejiyao v.1 text 62b.xml
</last>
<prev>
 Nukejiyao v.1 text 17b.xml 
</prev>
<next>
 Nukejiyao v.1 text 18b.xml 
</next>
<image>
 Nukejiyao v.1 text 18a.jpg 
</image>
</header><text>
<formula>水 製 熟 地 <sf> 八 錢 </sf>         川 石 斛 <sf> 一 錢 五 分 </sf>         石 菖 蒲 <sf> 一 錢 </sf>         遠 志 肉 <sf> 一 錢 炒 </sf>         巴 戟 肉 <sf> 一 錢 </sf>         乾 淡 蓯 蓉 <sf> 一 錢 </sf>         麥 冬 <sf> 一 錢 五 分 </sf>         茯 苓 <sf> 一 錢 半 </sf>         五 味 子         萸 肉 <sf> 末 二 味 酸 藥 可 去 </sf> 
 </formula> 
 
 <formula> 
 補 腎 陰 清 肝 陽 方         王 宇 泰 云 腎 為 陰 。 主 藏 精 。 肝 為 陽 主 疏 泄 。 故 腎 之 陰 虛 。 則 精 不 藏 。 肝 之 陽 強 。 則 氣 不 固 。 按 此 方 以 清 芬 之 品 清 肝 。 不 以 苦 寒 之 藥 傷 氣 。 
 藕 節 <sf> 一 觔 </sf>         青 松 葉 <sf> 一 觔 </sf>         側 柏 葉 <sf> 一 觔 </sf>         生 地 <sf> 八 兩 </sf>         玉 竹 <sf> 八 兩 </sf>         天 冬 <sf> 八 兩 </sf>         女 貞 子 <sf> 四 兩 </sf>         旱 蓮 草 <sf> 四 兩 煎 膏 </sf> 
 </formula> 
 
 八 味 丸         戴 元 禮 云 有 赤 白 濁 人 服 元 免 丹 不 效 。 服 附 子 八 味 丸 即 愈 者 。 不 可 不 知 。 按 此 即 坎 中 陽 微 下 
 </text></document>