<?xml version="1.0" encoding="UTF-8" standalone="yes" ?>
<document>
<header>
<doctitle>
 女科輯要 
</doctitle>
<volume>
 下卷 
 </volume>
<author>
 沈又彭(堯封) 
</author>
<date>
 同治一年, 1862 
</date>
<currentpage>
 text 35a 
 </currentpage>
<first>
 Nukejiyao v.2 text 1a.xml
</first>
<last>
 Nukejiyao v.2 text 55b.xml
</last>
<prev>
 Nukejiyao v.2 text 34b.xml 
</prev>
<next>
 Nukejiyao v.2 text 35b.xml 
</next>
<image>
 Nukejiyao v.2 text 35a.jpg 
</image>
</header><text>
燦 然 可 觀 。 是 為 大 全 良 方 。 良 方 出 而 閨 閣 之 調 將 大 備 矣 。 然 其 論 多 采 巢 氏 病 源 什 九 歸 諸 風 冷 。 藥 偏 獷 熱 。 未 有 條 分 縷 晰 其 宜 否 者 。 近 代 薛 已 新 甫 始 取 良 方 增 注 。 其 論 酌 寒 熱 之 中 大 抵 依 於 養 脾 胃 補 氣 血 不 以 去 病 為 事 。 可 謂 救 時 之 良 醫 也 已 第 陳 氏 所 葺 多 上 古 專 科 禁 方 。 具 有 源 流 本 末 。 不 可 沒 也 。 而 薛 氏 一 切 以 己 意 芟 除 變 亂 。 使 古 方 自 此 湮 沒 。 余 重 惜 之 。 故 於 是 編 附 存 陳 氏 之 舊 而 刪 其 偏 駁 者 。 然 亦 存 十 之 六 七 而 已 。 至 薛 氏 之 說 則 盡 收 之 。 取 其 以 養 正 為 主 。 且 簡 而 易 守 。 雖 女 子 學 習 無 難 也 。 若 易 水 濲 水 師 
 </text></document>