<?xml version="1.0" encoding="UTF-8" standalone="yes" ?>
<document>
<header>
<doctitle>
 女科輯要 
</doctitle>
<volume>
 上卷 
 </volume>
<author>
 沈又彭(堯封) 
</author>
<date>
 同治一年, 1862 
</date>
<currentpage>
 text 59b 
 </currentpage>
<first>
 Nukejiyao v.1 print date.xml
</first>
<last>
 Nukejiyao v.1 text 62b.xml
</last>
<prev>
 Nukejiyao v.1 text 59a.xml 
</prev>
<next>
 Nukejiyao v.1 text 60a.xml 
</next>
<image>
 Nukejiyao v.1 text 59b.jpg 
</image>
</header><text>
<sf> 係 行 血 通 竅 之 品 皆 能 滑 胎 凡 胎 元 不 足 及 月 分 尚 小 者 究 宜 審 用 余 性 謹 慎 故 用 藥 如 是 設 有 故 無 殞 不 在 此 例 </sf> 及 紫 葳 。 <sf> 即 淩 霄 花 </sf> 又 外 科 全 生 集 云 。 娠 婦 患 瘡 瘍 。 雖 膏 藥 不 宜 擅 貼 。 恐 內 有 毒 藥 能 墮 胎 也 。 夫 外 治 尚 宜 避 忌 況 內 服 乎 。 故 婦 人 善 飲 火 酒 者 。 每 無 生 育 。 以 酒 性 熱 烈 能 消 胎 也 。 附 及 之 以 為 種 玉 者 告 。 
 
 附 泰 西 諸 說 <sf> 見 合 信 氏 全 體 新 論 </sf> 
 女 子 尻 骨 盤 內 前 為 膀 胱 。 中 為 子 宮 。 後 為 直 腸 。 膀 胱 溺 管 一 寸 。 其 下 為 陰 道 。 即 產 門 也 。 產 門 肉 理 橫 生 。 可 寬 可 窄 。 其 底 銜 子 宮 之 口 。 陰 水 生 焉 。 
 </text></document>