<?xml version="1.0" encoding="UTF-8" standalone="yes" ?>
<document>
<header>
<doctitle>
 女科輯要 
</doctitle>
<volume>
 下卷 
 </volume>
<author>
 沈又彭(堯封) 
</author>
<date>
 同治一年, 1862 
</date>
<currentpage>
 text 28b 
 </currentpage>
<first>
 Nukejiyao v.2 text 1a.xml
</first>
<last>
 Nukejiyao v.2 text 55b.xml
</last>
<prev>
 Nukejiyao v.2 text 28a.xml 
</prev>
<next>
 Nukejiyao v.2 text 29a.xml 
</next>
<image>
 Nukejiyao v.2 text 28b.jpg 
</image>
</header><text>
<formula>  即 以 花 瓣 摘 散 。 鋪 貼 患 處 。 三 兩 次 可 愈 即 已 成 硬 塊 者 。 亦 可 消 散 。   <sf> 曾 經 治 驗 數 人   陳 載 安 附 識 </sf> 
 </formula> 
 <formula> 
 乳 巖 
 
 坎 &lt;x> [ 氣 ] 洗 淨 切 薄 。 焙 燥 研 末 。 日 喫 一 條 酒 下 。 約 二 十 條 效 。 <sf>   繆 德 仁 治 驗 半 年 以 內 者 效 </sf> 
 又 狗 糞 東 丹 獨 囊 蒜 。 三 味 搗 勻 攤 布 上 。 勿 用 膏 藥 令 粘 。 貼 上 微 痛 。 數 日 可 愈 。 
 沈 按 乳 巖 初 起 堅 硬 不 作 膿 。 其 成 也 。 肌 肉 疊 起 。 形 似 山 嚴 。 病 起 抑 鬱 。 不 治 之 證 方 書 云 桃 花 閉 時 死 。 出 鮮 血 者 死 余 見 一 婦 患 此 已 四 年 。   診 時 出 鮮 血 
 </formula></text></document>