<?xml version="1.0" encoding="UTF-8" standalone="yes" ?>
<document>
<header>
<doctitle>
 女科輯要 
</doctitle>
<volume>
 下卷 
 </volume>
<author>
 沈又彭(堯封) 
</author>
<date>
 同治一年, 1862 
</date>
<currentpage>
 text 31b 
 </currentpage>
<first>
 Nukejiyao v.2 text 1a.xml
</first>
<last>
 Nukejiyao v.2 text 55b.xml
</last>
<prev>
 Nukejiyao v.2 text 31a.xml 
</prev>
<next>
 Nukejiyao v.2 text 32a.xml 
</next>
<image>
 Nukejiyao v.2 text 31b.jpg 
</image>
</header><text>
  不 應 。 藥 入 則 乾 嘔 。 脈 象 弱 而 不 大 。 因 思 弱 脈 多 火 。 胃 液 乾 燥 。 所 以 作 嘔 。 遂 用 白 虎 湯 加 生 地 麥 冬 。 二 劑 熱 退 神 清 。 唯 二 十 餘 日 不 大 便 為 苦 。 與 麻 仁 丸 三 服 。 得 便 而 安 。 
 
   一 室 女 發 熱 經 來 。 醫 用 表 散 藥 增 劇 膽 語 夜 甚 。 投 小 柴 胡 不 應 。 夜 起 如 狂 。 或 疑 蓄 血 。 投 涼 血 消 瘀 藥 亦 不 應 。 左 關 脈 弦 硬 搏 指 。 詢 知 病 從 怒 起 。 因 用 膽 草 黃 芩 山 梔 丹 皮 羚 羊 角 蘆 薈 甘 草 歸 身 等 藥 煎 服 。 一 劑 知 四 劑 愈 。 
 
 張 儀 表 令 愛 發 熱 經 來 。 昏 夜 膽 語 如 見 鬼 狀 。 投 小 
 </text></document>