<?xml version="1.0" encoding="UTF-8" standalone="yes" ?>
<document>
<header>
<doctitle>
 女科輯要 
</doctitle>
<volume>
 上卷 
 </volume>
<author>
 沈又彭(堯封) 
</author>
<date>
 同治一年, 1862 
</date>
<currentpage>
 text 41b 
 </currentpage>
<first>
 Nukejiyao v.1 print date.xml
</first>
<last>
 Nukejiyao v.1 text 62b.xml
</last>
<prev>
 Nukejiyao v.1 text 41a.xml 
</prev>
<next>
 Nukejiyao v.1 text 42a.xml 
</next>
<image>
 Nukejiyao v.1 text 41b.jpg 
</image>
</header><text>
<formula>烏 藥         木 香 <sf> 等 分 </sf>         剉 末 。 每 服 五 錢 。 加 生 薑 三 片 紫 蘇 五 葉 水 煎 。 日 三 服 。 腫 消 止 藥 。  </formula> 
 
 齊 仲 甫 曰 妊 娠 八 九 月 見 腳 腫 。 不 必 治 。 當 易 產 。 因 胎 中 水 血 多 。 不 至 燥 胎 故 也 。 若 初 妊 即 腫 者 。 是 水 氣 過 多 。 兒 未 成 體 恐 胎 傷 壞 。 
 
 腳 腫 主 男 胎 。 宋 少 主 微 行 。 徐 文 伯 從 。 見 一 妊 婦 不 能 行 。 少 主 脈 之 曰 此 女 形 也 。 文 伯 診 之 。 曰 此 男 胎 也 在 左 則 胎 色 黑 。 少 主 怒 。 欲 破 之 。 文 伯 惻 然 曰 臣 請 針 之 。 補 合 谷 。 瀉 三 陰 交 。 應 手 而 下 。 男 形 而 色 黑 。 
 
 薛 立 齋 案 云 一 妊 婦 腹 脹 小 便 不 利 吐 逆 。 諸 醫 雜 進 
 </text></document>