<?xml version="1.0" encoding="UTF-8" standalone="yes" ?>
<document>
<header>
<doctitle>
 女科輯要 
</doctitle>
<volume>
 上卷 
 </volume>
<author>
 沈又彭(堯封) 
</author>
<date>
 同治一年, 1862 
</date>
<currentpage>
 text 17a 
 </currentpage>
<first>
 Nukejiyao v.1 print date.xml
</first>
<last>
 Nukejiyao v.1 text 62b.xml
</last>
<prev>
 Nukejiyao v.1 text 16b.xml 
</prev>
<next>
 Nukejiyao v.1 text 17b.xml 
</next>
<image>
 Nukejiyao v.1 text 17a.jpg 
</image>
</header><text>
若 溺 不 赤 。 無 他 熱 證 。 縱 見 赤 濁 。 不 可 以 赤 為 熱 。 秪 宜 以 治 白 濁 法 治 之 。 觀 此 則 以 赤 帶 為 熱 者 謬 矣 。 
 
 雄 按 帶 下 女 子 生 而 即 有 。 津 津 常 潤 。 本 非 病 也 。 故 扁 鵲 自 稱 帶 下 醫 。 即 今 所 謂 女 科 是 矣 。 金 匱 亦 以 三 十 六 病 隸 之 帶 下 。 但 過 多 則 為 病 。 溼 熱 下 注 者 為 實 精 液 不 守 者 為 虛 。 苟 體 強 氣 旺 之 人 。 雖 多 亦 不 為 害 。 惟 乾 燥 則 病 甚 。 蓋 營 津 枯 涸 。 即 是 虛 勞 。 凡 汛 愆 而 帶 盛 者 。 內 熱 逼 液 而 不 及 化 赤 也 。 併 帶 而 枯 燥 全 無 者 。 則 為 乾 血 勞 之 候 矣 。 彙 而 觀 之 。 精 也 。 液 也 。 痰 也 。 溼 也 。 血 也 。 皆 可 由 任 脈 下 行 而 為 帶 。 然 
 </text></document>