<?xml version="1.0" encoding="UTF-8" standalone="yes" ?>
<document>
<header>
<doctitle>
 女科輯要 
</doctitle>
<volume>
 下卷 
 </volume>
<author>
 沈又彭(堯封) 
</author>
<date>
 同治一年, 1862 
</date>
<currentpage>
 text 53b 
 </currentpage>
<first>
 Nukejiyao v.2 text 1a.xml
</first>
<last>
 Nukejiyao v.2 text 55b.xml
</last>
<prev>
 Nukejiyao v.2 text 53a.xml 
</prev>
<next>
 Nukejiyao v.2 text 54a.xml 
</next>
<image>
 Nukejiyao v.2 text 53b.jpg 
</image>
</header><text>
<formula>凡 易 滑 胎 者 自 無 事 且 易 產 
 
 白 茯 苓 <sf> 二 兩 </sf>       於 <cf> 術 </cf> <sf> 一 兩 米 泔 浸 一 日 黃 土 炒 香 </sf>         條 芩 <sf> 一 兩 酒 拌 炒 </sf>       香 附 <sf> 一 兩     童 便 浸 炒 </sf>       延 胡 <sf> 一 兩 米 醋 炒 </sf>       紅 花 <sf> 一 兩 隔 紙 烘 乾 </sf>       益 母 草 <sf> 淨 葉 去 梗 一 兩 </sf>                                   真 沒 藥 <sf> 三 錢 瓦 上 焙 乾 去 油 </sf>         右 為 末 蜜 丸 桐 子 大 每 服 七 丸 白 滾 水 下                       若 胎 動 一 日 可 服 三 五 次 切 不 可 多 服 一 丸 至 囑 
 </formula> 
 <formula> 
 杰 按 胎 滑 自 是 血 熱 動 胎 之 故 方 中 紅 花 行 血 延 胡 走 而 不 守 恐         非 保 胎 所 宜 況 已 有 香 附 行 氣 氣 行 血 自 不 滯 何 取 動 血 之 品 宜 去 之 為 穩 
 
 雄 按 每 服 七 丸 故 有 奇 效 而 無 小 損 也 毋 庸 裁 減 
 
 </formula></text></document>