<?xml version="1.0" encoding="UTF-8" standalone="yes" ?>
<document>
<header>
<doctitle>
 女科輯要 
</doctitle>
<volume>
 上卷 
 </volume>
<author>
 沈又彭(堯封) 
</author>
<date>
 同治一年, 1862 
</date>
<currentpage>
 text 19b 
 </currentpage>
<first>
 Nukejiyao v.1 print date.xml
</first>
<last>
 Nukejiyao v.1 text 62b.xml
</last>
<prev>
 Nukejiyao v.1 text 19a.xml 
</prev>
<next>
 Nukejiyao v.1 text 20a.xml 
</next>
<image>
 Nukejiyao v.1 text 19b.jpg 
</image>
</header><text>
<formula>苦 參 <sf> 二 兩 </sf>         黃 檗 <sf> 二 兩 </sf>         牡 蠣 <sf> 一 兩 </sf>         蛤 粉 <sf> 一 兩 </sf>         葛 根 <sf> 一 兩 </sf>         青 蒿 <sf> 一 兩 </sf>         白 螺 螄 殼 <sf> 一 兩 &lt;x> </sf>         神 麴 和 丸 
 </formula> 
 
 <formula> 
 本 事 方 清 心 丸         戴 元 禮 云 有 經 絡 熱 而 滑 精 者 。 此 方 最 妙 。         大 智 禪 師 云 腰 脊 熱 而 遺 者 。 皆 熱 遺 也 。 
 黃 檗         冰 片         鹽 湯 為 丸  </formula> 
 
 杰 按 然 亦 有 陰 虧 之 極 。 致 腿 足 腰 脊 肝 腎 部 位 作 熱 而 遺 者 。 又 宜 填 陰 固 濇 以 歛 虛 陽 。 非 可 妄 投 清 火 。 宜 詳 辨 脈 證 。 
 
 <formula> 
 導 赤 散         李 瀕 湖 云 一 壯 年 男 子 。 夢 遺 白 濁 。 少 腹 有 氣 上 衝 。 每 日 腰 熱 卯 作 酉 涼 。 腰 熱 作 則 手 足 冷 。 前 陰 
 </formula></text></document>