<?xml version="1.0" encoding="UTF-8" standalone="yes" ?>
<document>
<header>
<doctitle>
 女科輯要 
</doctitle>
<volume>
 上卷 
 </volume>
<author>
 沈又彭(堯封) 
</author>
<date>
 同治一年, 1862 
</date>
<currentpage>
 text 6a 
 </currentpage>
<first>
 Nukejiyao v.1 print date.xml
</first>
<last>
 Nukejiyao v.1 text 62b.xml
</last>
<prev>
 Nukejiyao v.1 text 5b.xml 
</prev>
<next>
 Nukejiyao v.1 text 6b.xml 
</next>
<image>
 Nukejiyao v.1 text 6a.jpg 
</image>
</header><text>
滑 伯 仁 曰 。 經 前 臍 腹 絞 痛 。 寒 熱 交 作 下 如 黑 豆 汁 。 兩 尺 脈 濇 。 餘 皆 弦 急 。 此 寒 溼 搏 於 衝 任 。 寒 溼 生 濁 。 下 如 豆 汁 。 與 血 交 爭 故 痛 。 宜 辛 散 苦 溫 血 藥 。 
 
 杰 按 辛 散 血 藥 。 是 川 芎 之 類 。 苦 溫 血 藥 。 是 艾 葉 之 類 。 
 
 李 氏 曰 經 水 帶 黃 混 濁 者 。 溼 痰 也 。 
 
 丹 溪 曰 經 將 行 而 痛 者 。 氣 之 滯 也 。 用 香 附 青 皮 桃 仁 黃 連 。 或 用 抑 氣 散 。 四 物 加 胡 索 丹 皮 條 苓 。         又 曰 經 將 來 腹 中 陣 痛 乍 作 乍 止 者 。 血 熱 氣 實 也 。 四 物 加 川 連 丹 皮 。 
 </text></document>