<?xml version="1.0" encoding="UTF-8" standalone="yes" ?>
<document>
<header>
<doctitle>
 女科輯要 
</doctitle>
<volume>
 上卷 
 </volume>
<author>
 沈又彭(堯封) 
</author>
<date>
 同治一年, 1862 
</date>
<currentpage>
 text 11b 
 </currentpage>
<first>
 Nukejiyao v.1 print date.xml
</first>
<last>
 Nukejiyao v.1 text 62b.xml
</last>
<prev>
 Nukejiyao v.1 text 11a.xml 
</prev>
<next>
 Nukejiyao v.1 text 12a.xml 
</next>
<image>
 Nukejiyao v.1 text 11b.jpg 
</image>
</header><text>
而 產 子 者 。 是 謂 胎 盛 。 俗 名 胎 垢 。 有 受 胎 數 月 血 忽 大 下 而 胎 不 隕 者 。 是 謂 漏 胎 。 此 雖 以 氣 血 有 餘 不 足 言 。 而 亦 異 常 矣 。 
 
 雄 按 有 未 及 二 七 之 年 。 而 經 水 已 行 者 。 有 年 踰 花 甲 而 月 事 不 絕 者 。 有 無 病 而 偶 停 數 月 者 。 有 壯 年 而 汛 即 斷 者 。 有 帶 下 過 甚 而 經 不 行 者 。 有 數 年 而 一 行 者 。 有 產 後 自 乳 而 仍 按 月 行 經 者 。 有 一 產 而 停 經 一 二 年 者 。 秉 賦 不 齊 。 不 可 以 常 理 概 也 。 
 
 血 崩 <sf> 血 大 至 曰 崩 此 是 急 病 </sf> 
 素 問 陰 虛 陽 搏 謂 之 崩 。         許 叔 微 云 經 云 天 暑 地 熱 。 
 </text></document>