<?xml version="1.0" encoding="UTF-8" standalone="yes" ?>
<document>
<header>
<doctitle>
 女科輯要 
</doctitle>
<volume>
 下卷 
 </volume>
<author>
 沈又彭(堯封) 
</author>
<date>
 同治一年, 1862 
</date>
<currentpage>
 text 16b 
 </currentpage>
<first>
 Nukejiyao v.2 text 1a.xml
</first>
<last>
 Nukejiyao v.2 text 55b.xml
</last>
<prev>
 Nukejiyao v.2 text 16a.xml 
</prev>
<next>
 Nukejiyao v.2 text 17a.xml 
</next>
<image>
 Nukejiyao v.2 text 16b.jpg 
</image>
</header><text>
如 千 金 硝 石 丸 人 參 硝 黃 { 並 } 用 丹 溪 猶 以 為 猛 劑 。 學 者 但 將 丹 溪 治 積 聚 諸 案 細 釋 自 有 悟 處 。 而 黑 神 九 生 熟 桼 { 並 } 用 。 尤 勿 輕 試   。 每 見 服 之 誤 事 因 思 桼 身 為 癩 之 言 。 則 飛 補 之 說 。 其 可 惑 乎 。 
 
 腰 痛 
 
 大 全 產 後 惡 露 方 行 。 忽 然 斷 絕 。 腰 中 重 痛 下 注 。 兩 股 痛 如 錐 刺 入 骨 。 此 由 血 滯 經 絡 不 即 通 之 。 必 作 &lt;x> [ 癰 ] 疽 。 宜 桃 仁 湯 五 香 連 翹 湯 
 
 沈 按 前 方 不 穩 不 若 用 桃 仁 紅 花 地 龍 肉 桂 沒 葯 當 歸 為 妥 
 </text></document>