<?xml version="1.0" encoding="UTF-8" standalone="yes" ?>
<document>
<header>
<doctitle>
 女科輯要 
</doctitle>
<volume>
 </volume>
<author>
 沈又彭(堯封) 
</author>
<date>
 同治一年, 1862 
</date>
<currentpage>
 table of contents 1a 
 </currentpage>
<first>
 Nukejiyao v.1 print date.xml
</first>
<last>
 Nukejiyao v.1 text 62b.xml
</last>
<prev>
 Nukejiyao v.1 preface 1b.xml 
</prev>
<next>
 Nukejiyao v.1 TC 1b.xml 
</next>
<image>
 Nukejiyao v.1 TC 1a.jpg 
</image>
</header><text>
女 科 輯 要 目 次 
 卷 上 
 經 水 
 崩 漏 
 帶 下 
 求 子 
 受 胎 
 辨 胎 
 妊 娠 諸 病 
 附 妊 娠 藥 禁 
 </text></document>