<?xml version="1.0" encoding="UTF-8" standalone="yes" ?>
<document>
<header>
<doctitle>
 女科輯要 
</doctitle>
<volume>
 下卷 
 </volume>
<author>
 沈又彭(堯封) 
</author>
<date>
 同治一年, 1862 
</date>
<currentpage>
 text 23b 
 </currentpage>
<first>
 Nukejiyao v.2 text 1a.xml
</first>
<last>
 Nukejiyao v.2 text 55b.xml
</last>
<prev>
 Nukejiyao v.2 text 23a.xml 
</prev>
<next>
 Nukejiyao v.2 text 24a.xml 
</next>
<image>
 Nukejiyao v.2 text 23b.jpg 
</image>
</header><text>
已 。 又 心 痛 作 。 既 而 目 睛 痛 如 割 如 刺 。 更 作 更 止 。 相 去 無 瞬 息 間 每 頭 痛 。 欲 取 大 石 壓 良 久 漸 定 。 心 痛 作 。 則 以 十 指 抓 臂 。 血 流 滿 掌 。 痛 定 目 復 痛 復 以 兩 手 自 剜 目 。 如 是 十 日 不 已 。 眾 醫 無 計 。 進 黑 龍 丹 半 粒 。 疾 少 閒 。 中 夜 再 服 。 乃 瞑 目 寢 如 平 時 。 至 清 晨 下 一 行 約 三 升 許 如 蝗 蟲 子 。 病 減 半 。 巳 刻 又 行 如 前 痛 盡 除 。 
 黑 龍 丹             治 產 難 及 胞 衣 不 下 血 迷 血 暈 。 不 省 人 事 。 一 切 危 急 惡 候 垂 死 者 。 但 灌 藥 得 下 。 無 不 全 活 
 <formula> 
 當 歸           五 靈 脂             川 芎               良 薑                 熟 地 <sf> 各 二 兩 剉 碎 入 砂 鍋 內 紙 筋 鹽 泥 固 濟 火 煆 過 </sf>               百 草 霜 <sf> 一 兩 </sf>                 硫 黃           乳 香 
 </formula></text></document>