<?xml version="1.0" encoding="UTF-8" standalone="yes" ?>
<document>
<header>
<doctitle>
 女科輯要 
</doctitle>
<volume>
 上卷 
 </volume>
<author>
 沈又彭(堯封) 
</author>
<date>
 同治一年, 1862 
</date>
<currentpage>
 text 39b 
 </currentpage>
<first>
 Nukejiyao v.1 print date.xml
</first>
<last>
 Nukejiyao v.1 text 62b.xml
</last>
<prev>
 Nukejiyao v.1 text 39a.xml 
</prev>
<next>
 Nukejiyao v.1 text 40a.xml 
</next>
<image>
 Nukejiyao v.1 text 39b.jpg 
</image>
</header><text>
腑 。 機 括 不 靈 腎 者 。 胃 之 關 也 。 或 關 門 不 利 。 因 而 聚 水 。 或 脾 不 能 散 精 行 肺 。 或 肺 不 能 水 精 四 布 。 此 有 形 之 水 病 也 。 又 腹 中 增 一 物 。 則 大 氣 升 降 之 道 窒 塞 。 此 無 形 之 氣 病 也 。 病 在 有 形 之 水 。 其 證 必 皮 薄 色 白 而 亮 。 病 在 無 形 之 氣 。 其 證 必 皮 厚 色 不 變 。 說 見 內 經 脹 論 。 細 玩 自 明 。 更 有 痰 滯 一 證 。 痰 雖 水 類 。 然 凝 聚 質 厚 。 不 能 遍 及 皮 膚 。 惟 壅 滯 氣 道 。 使 氣 不 宣 通 。 亦 能 作 腫 。 其 皮 色 亦 不 變 。 故 用 理 氣 藥 不 應 。 加 化 痰 之 品 自 然 獲 效 。 
 
 徐 按 靈 樞 水 脹 論 曰 。 水 始 起 。 目 窠 上 微 腫 如 新 臥 
 </text></document>