<?xml version="1.0" encoding="UTF-8" standalone="yes" ?>
<document>
<header>
<doctitle>
 女科輯要 
</doctitle>
<volume>
 下卷 
 </volume>
<author>
 沈又彭(堯封) 
</author>
<date>
 同治一年, 1862 
</date>
<currentpage>
 text 5a 
 </currentpage>
<first>
 Nukejiyao v.2 text 1a.xml
</first>
<last>
 Nukejiyao v.2 text 55b.xml
</last>
<prev>
 Nukejiyao v.2 text 4b.xml 
</prev>
<next>
 Nukejiyao v.2 text 5b.xml 
</next>
<image>
 Nukejiyao v.2 text 5a.jpg 
</image>
</header><text>
<formula>硝 。 為 腐 死 胎 之 藥  </formula> 
 
 杰 按 佛 手 散 亦 下 死 胎 胎 死 先 宜 服 此 。 不 傷 氣 血 服 此 不 下 。 次 用 平 胃 樸 硝 可 也 
 凍 。 產 治 驗                   劉 復 真 治 府 判 女 產 死 將 殮 。   取 紅 花 濃 煎 。 扶 女 於 凳 上 。 以 綿 帛 蘸 湯 盦 之 隨 以 澆 帛 上 。 以 器 盛 之 。 又 煖 又 淋 久 而 蘇 醒 。 遂 產 一 男 。 蓋 遇 嚴 冬 血 凝 不 行 。 得 溫 故 便 產 也 。 
 逆 產 足 先 出 用 鹽 塗 兒 足 底 。 橫 產 手 先 出 塗 兒 手 心 。 
 杰 按 鹽 螫 手 足 。 痛 便 縮 入 俗 乃 謂 之 討 鹽 生 也 。 
 胞 衣 不 下 
 </text></document>