<?xml version="1.0" encoding="UTF-8" standalone="yes" ?>
<document>
<header>
<doctitle>
 女科輯要 
</doctitle>
<volume>
 上卷 
 </volume>
<author>
 沈又彭(堯封) 
</author>
<date>
 同治一年, 1862 
</date>
<currentpage>
 text 34b 
 </currentpage>
<first>
 Nukejiyao v.1 print date.xml
</first>
<last>
 Nukejiyao v.1 text 62b.xml
</last>
<prev>
 Nukejiyao v.1 text 34a.xml 
</prev>
<next>
 Nukejiyao v.1 text 35a.xml 
</next>
<image>
 Nukejiyao v.1 text 34b.jpg 
</image>
</header><text>
雄 按 發 明 盡 致 。 精 義 入 神 。 
 
 沈 按 蔡 姓 婦 惡 阻 。 水 藥 俱 吐 。 松 郡 醫 用 抑 青 丸 立 效 黃 連 一 味 為 末 。 粥 糊 丸 麻 子 大 。 每 服 二 三 十 丸 。 
 
 又 按 肝 陽 上 升 補 陰 吸 陽 。 原 屬 治 本 正 理 。 至 肝 陽 亢 甚 。 滴 水 吐 出 即 有 滋 陰 湯 藥 。 亦 無 所 用 。 不 得 不 用 黃 連 之 苦 寒 先 折 其 太 甚 。 得 水 飲 通 。 然 後 以 滋 陰 藥 調 之 以 收 全 效 。 
 
 雄 按 左 金 丸 亦 妙 。 
 
 沈 按 沈 姓 婦 惡 阻 水 漿 下 咽 即 吐 。 醫 藥 雜 投 不 應 。 身 體 骨 立 。 精 神 困 倦 。 自 料 必 死 醫 亦 束 手 。 一 老 婦 
 </text></document>