<?xml version="1.0" encoding="UTF-8" standalone="yes" ?>
<document>
<header>
<doctitle>
 女科輯要 
</doctitle>
<volume>
 下卷 
 </volume>
<author>
 沈又彭(堯封) 
</author>
<date>
 同治一年, 1862 
</date>
<currentpage>
 text 1b 
 </currentpage>
<first>
 Nukejiyao v.2 text 1a.xml
</first>
<last>
 Nukejiyao v.2 text 55b.xml
</last>
<prev>
 Nukejiyao v.2 text 1a.xml 
</prev>
<next>
 Nukejiyao v.2 text 2a.xml 
</next>
<image>
 Nukejiyao v.2 text 1b.jpg 
</image>
</header><text>
欲 產 。 非 果 產 也 名 為 試 月 。   遽 爾 用 力 。 是 為 傷 產 。 三 曰 催 產 正 產 之 候 悉 見 而 難 產 用 藥 催 之 。 是 謂 催 產 。 四 曰 凍 產 冬 產 血 凝 不 生 。 五 曰 熱 產 過 熱 血 沸 令 人 昏 暈 六 曰 橫 產 。 兒 身 半 轉 遽 爾 用 力 致 先 露 手 。 令 穩 婆 徐 推 兒 手 使 自 攀 耳 。 七 曰 倒 產 。 兒 身 全 未 得 轉 。 即 為 用 力 致 先 露 足 。 令 穩 婆 推 足 入 腹 八 曰 偏 產 兒 未 正 而 用 力 所 致 九 曰 礙 產 。 兒 身 已 順 不 能 生 下 。 或 因 臍 帶 絆 肩 。 令 穩 婆 撥 之 十 曰 坐 產 。 急 于 高 處 繫 一 手 巾 。 令 母 攀 之 。 輕 輕 屈 足 坐 身 可 產 。 十 一 曰 盤 腸 產 。 臨 產 母 腸 先 出 然 後 兒 生 。 產 後 若 腸 不 收 。 用 醋 半 盞 新 汲 
 </text></document>