<?xml version="1.0" encoding="UTF-8" standalone="yes" ?>
<document>
<header>
<doctitle>
 女科輯要 
</doctitle>
<volume>
 下卷 
 </volume>
<author>
 沈又彭(堯封) 
</author>
<date>
 同治一年, 1862 
</date>
<currentpage>
 text 25a 
 </currentpage>
<first>
 Nukejiyao v.2 text 1a.xml
</first>
<last>
 Nukejiyao v.2 text 55b.xml
</last>
<prev>
 Nukejiyao v.2 text 24b.xml 
</prev>
<next>
 Nukejiyao v.2 text 25b.xml 
</next>
<image>
 Nukejiyao v.2 text 25a.jpg 
</image>
</header><text>
而 安 。 蓋 令 氣 血 驟 長 。 其 脬 自 完 。 恐 少 緩 亦 難 成 功 矣 。 又 產 時 尿 胞 被 傷 。 小 便 淋 瀝 。 用 二 蠶 繭 燒 存 性 作 末 。 服 一 月 可 愈 。 <sf> 繆 德 仁 治 驗 </sf> 
 
 玉 門 不 閉 
 
 薛 立 齊 云 。 氣 虛 血 弱 十 全 大 補 湯 主 之 
 
 玉 門 腫 脹 焮 痛 
 
 薛 云 是 肝 經 虛 熱 。 加 味 逍 遙 散 主 之 。 
 坐 草 過 早 。 產 戶 傷 壞 。 紅 腫 潰 爛 痛 不 可 忍 用 蒸 包 子 籠 內 荷 葉 煎 湯 洗 。 日 三 次 兩 日 可 愈 。 <sf> 繆 德 仁 治 驗 </sf> 
 
 陰 脫 
 </text></document>