<?xml version="1.0" encoding="UTF-8" standalone="yes" ?>
<document>
<header>
<doctitle>
 女科輯要 
</doctitle>
<volume>
 下卷 
 </volume>
<author>
 沈又彭(堯封) 
</author>
<date>
 同治一年, 1862 
</date>
<currentpage>
 text 42b 
 </currentpage>
<first>
 Nukejiyao v.2 text 1a.xml
</first>
<last>
 Nukejiyao v.2 text 55b.xml
</last>
<prev>
 Nukejiyao v.2 text 42a.xml 
</prev>
<next>
 Nukejiyao v.2 text 43a.xml 
</next>
<image>
 Nukejiyao v.2 text 42b.jpg 
</image>
</header><text>
<formula>寒 相 搏 咳 者 加 五 味 子 細 辛 乾 薑 小 便 利 去 茯 苓 下 利 去 芍 藥 加 乾 薑 嘔 去 附 子 加 生 薑 一 倍 
 </formula> 
 <formula> 
 附 子 湯   <sf> 仲 景 </sf>   治 少 陰 病 身 軀   痛 手 足 寒 骨 節 痛 脈 沉 者 及 少 陰 病 得 之 二 三 日 口 中 和 背 惡 寒 者 
 
 前 方 去 生 薑 加 人 參 二 兩 
 </formula> 
 <formula> 
 烏 梅 丸   <sf> 仲 景 </sf> 治 傷 寒 厥 陰 證 寒 厥 吐 蚘 <sf> 傷 寒 藏 厥 者 死 藏 厥 者 脈 微 而 厥 至 七 八 日 膚 冷 發 燥 無 暫 安 時 也 蚘 厥 者 蚘 上 入 膈 則 煩 須 臾 復 止 得 食 則 嘔 而 又 煩 蚘 聞 食 臭 復 出 也 此 為 藏 寒 當 與 此 丸 溫 藏 安 蚘 </sf>       亦 治 胃 府 發 咳 咳 而 嘔 嘔 甚 則 長 蟲 出 亦 主 久 利 
 
 烏 梅 <sf> 三 百 個 </sf>       細 辛       桂 枝       人 參       附 子 炮       黃 
 </formula></text></document>