<?xml version="1.0" encoding="UTF-8" standalone="yes" ?>
<document>
<header>
<doctitle>
 女科輯要 
</doctitle>
<volume>
 上卷 
 </volume>
<author>
 沈又彭(堯封) 
</author>
<date>
 同治一年, 1862 
</date>
<currentpage>
 text 58b 
 </currentpage>
<first>
 Nukejiyao v.1 print date.xml
</first>
<last>
 Nukejiyao v.1 text 62b.xml
</last>
<prev>
 Nukejiyao v.1 text 58a.xml 
</prev>
<next>
 Nukejiyao v.1 text 59a.xml 
</next>
<image>
 Nukejiyao v.1 text 58b.jpg 
</image>
</header><text>
專 用 能 下 死 胎 。 凡 胎 前 皆 宜 慎 用 。 世 人 謂 其 功 兼 四 物 。 以 之 安 胎 。 因 而 反 速 其 墮 而 人 不 知 之 。 余 見 亦 多 矣 。 
 
 又 按 凡 大 毒 大 熱 。 及 破 血 開 竅 重 墜 利 水 之 藥 。 皆 為 妊 娠 所 忌 。 便 產 須 知 歌 曰 。 蚖 <sf> 青 即 青 娘 子 </sf> 盤 <sf> 蝥 </sf> 水 蛭 與 虻 蟲 。 烏 頭 附 子 及 天 雄 。 野 葛 水 銀 暨 巴 豆 。 牛 膝 薏 苡 併 蜈 蚣 。 <sf> 三 </sf> 稜 莪 &lt;x> 赭 石 芫 花 麝 <sf> 香 </sf> 。 大 戟 蛇 蛻 黃 雌 雄 。 砒 石 <sf> 火 芒 牙 </sf> 硝 <sf> 大 </sf> 黃 牡 丹 桂 。 槐 花 <sf> 子 同 此 藥 涼 血 止 血 何 以 孕 婦 禁 服 蓋 能 蕩 滌 子 宮 精 濁 也 </sf> 牽 牛 皂 角 同 。 半 夏 <sf> 製 透 者 不 忌 </sf> 南 星 <sf> 膽 製 陳 久 者 不 忌 </sf> 兼 通 草 。 瞿 麥 乾 薑 桃 <sf> 仁 </sf> 木 通 鋼 砂 乾 
 </text></document>