<?xml version="1.0" encoding="UTF-8" standalone="yes" ?>
<document>
<header>
<doctitle>
 女科輯要 
</doctitle>
<volume>
 下卷 
 </volume>
<author>
 沈又彭(堯封) 
</author>
<date>
 同治一年, 1862 
</date>
<currentpage>
 text 43a 
 </currentpage>
<first>
 Nukejiyao v.2 text 1a.xml
</first>
<last>
 Nukejiyao v.2 text 55b.xml
</last>
<prev>
 Nukejiyao v.2 text 42b.xml 
</prev>
<next>
 Nukejiyao v.2 text 43b.xml 
</next>
<image>
 Nukejiyao v.2 text 43a.jpg 
</image>
</header><text>
<formula><sf> &lt;x> 六 兩 </sf>           黃 連 <sf> 一 觔 </sf>       乾 薑 <sf> 十 兩 </sf>       川 椒 <sf> 去 汗 </sf>           當 歸 <sf> 四 兩 </sf>           苦 酒 <sf> 醋 也 </sf> 浸 烏 梅 一 宿 去 核 蒸 熟 和 藥 蜜 丸 
 </formula> 
 <formula> 
 祛 風 
 
 小 續 命 湯   <sf> 千 金 </sf>   治 中 風 不 省 人 事 神 氣 潰 亂 半 身 不 遂 筋 急 拘 攣 口 眼 &lt;x> [ 歪 ] 斜 語 言 蹇 澀 風 濕 腰 痛 痰 火 併 多 六 經 中 風 及 剛 柔 二 痙 亦 治 產 後 中 風 <sf> 論 見 前 </sf> 
 
 麻 黃 <sf> 去 節 </sf>         杏 仁 <sf> 去 皮 尖 炒 研 </sf>         桂 枝           白 芍 <sf> 酒 炒 </sf>           甘 草 <sf> 炙 </sf>           人 參                                 川 芎         黃 芩           防 已 <sf> 每 一 兩 </sf>         防 風 <sf> 兩 半 </sf>         附 子 <sf> 半 兩 炮 去 皮 臍 </sf>   每 服 三 錢                     或 四 五 錢 加 薑 棗 煎 溫 服 取 微 汗       筋 急 語 遲 脈 弦 者 倍 人 參 去 芩 芍 以 避 
 </formula></text></document>