<?xml version="1.0" encoding="UTF-8" standalone="yes" ?>
<document>
<header>
<doctitle>
 女科輯要 
</doctitle>
<volume>
 </volume>
<author>
 沈又彭(堯封) 
</author>
<date>
 同治一年, 1862 
</date>
<currentpage>
 preface 1b 
 </currentpage>
<first>
 Nukejiyao v.1 print date.xml
</first>
<last>
 Nukejiyao v.1 text 62b.xml
</last>
<prev>
 Nukejiyao v.1 preface 1a.xml 
</prev>
<next>
 Nukejiyao v.1 TC 1a.xml
</next>
<image>
 Nukejiyao v.1 preface 1b.jpg 
</image>
</header><text>
</text></document>