<?xml version="1.0" encoding="UTF-8" standalone="yes" ?>
<document>
<header>
<doctitle>
 女科輯要 
</doctitle>
<volume>
 下卷 
 </volume>
<author>
 沈又彭(堯封) 
</author>
<date>
 同治一年, 1862 
</date>
<currentpage>
 text 9b 
 </currentpage>
<first>
 Nukejiyao v.2 text 1a.xml
</first>
<last>
 Nukejiyao v.2 text 55b.xml
</last>
<prev>
 Nukejiyao v.2 text 9a.xml 
</prev>
<next>
 Nukejiyao v.2 text 10a.xml 
</next>
<image>
 Nukejiyao v.2 text 9b.jpg 
</image>
</header><text>
呃 逆 
 <formula> 
   虛 脫 惡 候 人 參 送 黑 錫 丹 十 全 一 二 
 
   杰 按 姜 用 川 采 萃 一 冊 載 黑 鉛 乃 水 之 精 。 入 北 方 壬 癸 。 遇 陰 火 衝 逆 真 陽 暴 脫 。 氣 喘 痰 鳴 之 急 證 。 同 桂 附 回 陽 等 藥 用 之 立 見 奇 功 。 即 經 云 重 劑 是 也 。 
 又 按 姜 又 載 何 惟 丹 先 生 呃 逆 治 驗 方 云 。 傷 寒 呃 逆 。 聲 聞 數 家 者 。   用 刀 豆 子 數 粒 瓦 上 煆 存 性 為 末 。 白 湯 調 下 二 錢 立 止 又 本 草 綱 目 云 病 後 呃 逆 。 刀 豆 連 殼 燒 服 。 姜 云 此 方 宜 入 旋 覆 代 赭 湯 。 
 </formula> 
 </text></document>