<?xml version="1.0" encoding="UTF-8" standalone="yes" ?>
<document>
<header>
<doctitle>
 女科輯要 
</doctitle>
<volume>
 下卷 
 </volume>
<author>
 沈又彭(堯封) 
</author>
<date>
 同治一年, 1862 
</date>
<currentpage>
 text 38a 
 </currentpage>
<first>
 Nukejiyao v.2 text 1a.xml
</first>
<last>
 Nukejiyao v.2 text 55b.xml
</last>
<prev>
 Nukejiyao v.2 text 37b.xml 
</prev>
<next>
 Nukejiyao v.2 text 38b.xml 
</next>
<image>
 Nukejiyao v.2 text 38a.jpg 
</image>
</header><text>
<formula> 
 歸 脾 湯 <sf> 濟 生 </sf>         治 心 脾 受 傷 不 能 攝 血 致 血 妄 行 及 婦 人 帶 下 
 
 人 參         白 <cf> 術 </cf> <sf> 土 炒 </sf>           茯 神           棗 仁 <sf> 炒 </sf>           龍 眼 肉 <sf> 二 錢 </sf>               黃 耆 <sf> 一 錢 半 炙 </sf> 
 當 歸 <sf> 酒 洗 </sf>           遠 志 <sf> 一 錢 </sf>         木 香         甘 草 <sf> 五 分 炙 </sf>           薑 棗 煎 
 </formula> 
 <formula> 
 四 物 湯         治 一 切 血 虛 及 婦 人 經 病 
 
 當 歸 <sf> 酒 洗 </sf>         生 地 黃           芍 藥 <sf> 各 二 錢 炒 </sf>           芎 藭 <sf> 一 錢 半 </sf> 
 </formula> 
 <formula> 
 奇 效 四 物 湯         治 失 血 內 崩 
 
   當 歸 <sf> 酒 洗 </sf>           熟 地 黃         芍 藥 <sf> 炒 </sf>           川 芎       阿 膠         艾 葉         黃 芩 <sf> 炒 各 一 錢 </sf> 
 </formula> 
 <formula> 
 </formula></text></document>