<?xml version="1.0" encoding="UTF-8" standalone="yes" ?>
<document>
<header>
<doctitle>
 女科輯要 
</doctitle>
<volume>
 上卷 
 </volume>
<author>
 沈又彭(堯封) 
</author>
<date>
 同治一年, 1862 
</date>
<currentpage>
 text 26a 
 </currentpage>
<first>
 Nukejiyao v.1 print date.xml
</first>
<last>
 Nukejiyao v.1 text 62b.xml
</last>
<prev>
 Nukejiyao v.1 text 25b.xml 
</prev>
<next>
 Nukejiyao v.1 text 26b.xml 
</next>
<image>
 Nukejiyao v.1 text 26a.jpg 
</image>
</header><text>
與 寸 脈 迥 別 。 但 分 男 左 女 右 也 。         又 曰 左 脈 沉 實 為 男 右 脈 浮 大 為 女 。 
 
 婁 全 善 曰 。 按 丹 溪 云 。 男 受 胎 在 左 子 宮 。 女 受 胎 在 右 子 宮 推 之 于 脈 。 其 義 亦 然 。 如 胎 在 左 。 則 氣 血 護 胎 必 盛 于 左 。 故 脈 左 疾 為 男 。 左 大 為 男 也 。 胎 在 右 。 則 氣 血 護 胎 必 盛 于 右 。 故 脈 右 疾 為 女 。 右 大 為 女 也 。 亦 猶 經 文 陰 搏 陽 別 謂 之 有 子 。 言 胎 必 在 身 半 之 下 。 氣 血 護 胎 必 盛 于 下 。 故 陰 尺 鼓 搏 。 與 陽 寸 迥 別 也 。 
 
 千 金 云 令 妊 婦 面 南 行 。 從 背 後 呼 之 。 左 迴 首 者 是 男 。 右 迴 首 者 是 女 。 又 女 腹 如 箕 。 以 女 胎 背 母 。 足 膝 抵 腹 。 
 </text></document>