<?xml version="1.0" encoding="UTF-8" standalone="yes" ?>
<document>
<header>
<doctitle>
 珍存秘方
</doctitle>
<volume>
</volume>
<author>
 不詳 
</author>
<date>
 十九世紀晚期或二十世紀早期 
</date>
<currentpage>
 text 25 
 </currentpage>
<first>
 zhencunmifang 1.xml
</first>
<last>
 zhencunmifang 33.xml
</last>
<prev>
 zhencunmifang 24.xml 
</prev>
<next>
 zhencunmifang 26.xml 
</next>
<image>
 zhencunmifang 25.jpg 
</image>
</header><text>
川 芎 茶 條 收     治 頭 疼 
 <formula>川 芎 五 錢 芥 稅 三 錢 防 風 三 錢 &lt;?> 辛 三 錢 白 芷 三 錢 卜 荷 錢 菊 花 三 錢 告 本 三 錢 
 共 為 細 末 大 人 每 付 二 錢 </formula>
 </text></document>