<?xml version="1.0" encoding="UTF-8" standalone="yes" ?>
<document>
<header>
<doctitle>
 珍存秘方
</doctitle>
<volume>
</volume>
<author>
 不詳 
</author>
<date>
 十九世紀晚期或二十世紀早期 
</date>
<currentpage>
 text 1 
 </currentpage>
<first>
 zhencunmifang 1.xml
</first>
<last>
 zhencunmifang 33.xml
</last>
<prev>
 0 
</prev>
<next>
 zhencunmifang 2.xml 
</next>
<image>
 zhencunmifang 1.jpg 
</image>
</header><text>
浮 脈 <sf> 陽 </sf> 
 浮 脈 舉 之 有 餘 。 按 之 不 足 。 如 微 風 吹 鳥 。 背 上 毛 。 厭 厭 聶 聶 。 如 循 褕 莢 。 如 水 漂 木 。 如 捻 <cf> &#33905; </cf> 葉 。 
 體 狀 詩 。 浮 脈 惟 從 肉 上 行 。 如 循 褕 莢 似 毛 輕 。 三 秋 得 令 知 無 恙 。 久 病 逢 之 { 卻 } 可 驚 。 
 相 類 詩 。 浮 如 木 在 水 中 浮 。 浮 大 中 空 乃 是 芤 。 拍 拍 而 浮 似 洪 脈 。 來 時 雖 盛 去 悠 悠 。 浮 脈           輕 平 似 捻 <cf> &#33905; </cf> 。 虛 來 遲 大 豁 然 空 。 浮 而 柔 細     &lt;?>   &lt;?>   &lt;?>     。 &lt;?> &lt;?> &lt;?> 
 </text></document>