<?xml version="1.0" encoding="UTF-8" standalone="yes" ?>
<document>
<header>
<doctitle>
 珍存秘方
</doctitle>
<volume>
</volume>
<author>
 不詳 
</author>
<date>
 十九世紀晚期或二十世紀早期 
</date>
<currentpage>
 text 12 
 </currentpage>
<first>
 zhencunmifang 1.xml
</first>
<last>
 zhencunmifang 33.xml
</last>
<prev>
 zhencunmifang 11.xml 
</prev>
<next>
 zhencunmifang 13.xml 
</next>
<image>
 zhencunmifang 12.jpg 
</image>
</header><text>
<formula>生 地 <sf> 二 錢 </sf> 元 芩 <sf> 二 錢 半 </sf> 清 夏 <sf> 三 錢 </sf> 吉 &lt;?> <sf> 四 錢 </sf> 方   苓 <sf> &lt;?> &lt;?> </sf> </formula>
 <marginalia> 
 <sf> 四 時 咳 嗽 而 喘 服 之 神 效 也       </sf> 
   </marginalia>   
 治 內 傷 吐 血 
<formula>   廣 &lt;?> <sf> 錢 </sf> 奎 芍 <sf> 三 錢 </sf> 百 合 <sf> 二 錢 </sf> 知 母 <sf> 二 錢 </sf> 蘇 梔 <sf> 三 錢 </sf> 生 地 <sf> 四 錢 </sf> 元 芩 <sf> 三 錢 </sf> 小 &lt;x> <sf> 三 錢 </sf> 老 &lt;x> <sf> 三 錢 </sf> 吉 &lt;?> <sf> 四 錢 </sf> </formula>
 <marginalia> 
 <sf> 新 舊 臨 時 加 減 可 也 或 加 杏 仁 川 貝 </sf> 
 </marginalia>       
 
 治 鼻 流 血 方 
 <formula>丹 皮 <sf> 三 錢 </sf> 元 芩 <sf> 三 錢 </sf> 西 歸 <sf> 二 錢 </sf> 川 芎 <sf> 二 錢 </sf> 奎 芍 <sf> 三 錢 </sf> 生 地 <sf> 四 錢 </sf> 蘇 梔 <sf> 三 錢 </sf> 川 連 <sf> 錢 </sf> 竹 葉 <sf> 三 錢 </sf> 廣 皮 <sf> 三 錢 </sf> </formula>
 
 治 大 便 便 血 方 
 </text></document>