<?xml version="1.0" encoding="UTF-8" standalone="yes" ?>
<document>
<header>
<doctitle>
 珍存秘方
</doctitle>
<volume>
</volume>
<author>
 不詳 
</author>
<date>
 十九世紀晚期或二十世紀早期 
</date>
<currentpage>
 text 23 
 </currentpage>
<first>
 zhencunmifang 1.xml
</first>
<last>
 zhencunmifang 33.xml
</last>
<prev>
 zhencunmifang 22.xml 
</prev>
<next>
 zhencunmifang 24.xml 
</next>
<image>
 zhencunmifang 23.jpg 
</image>
</header><text>
<formula>川 芎 <sf> 二 錢 </sf> &lt;?> 芍 <sf> 錢 </sf> 熟 地 <sf> 二 錢 </sf> 坤 草 <sf> 二 錢 </sf> 台 烏 <sf> 二 錢 </sf> &lt;?> 草 <sf> 錢 </sf>   童 便 引 </formula>
 治 熱 病 即 是 溫 病 小 產 後 
<formula> <cf> &#21452; </cf> 花 <sf> 三 錢 </sf> 生 地 <sf> 三 錢 </sf> <cf> 會 </cf> 查 <sf> 二 錢 </sf> &lt;x> 芍 <sf> 二 錢 </sf> 蘆 根 <sf> 二 錢 </sf> 芥 稅 <sf> 錢 半 </sf> 竹 <cf> 葉 </cf> <sf> 二 錢 </sf> 寸 &lt;?> <sf> 三 錢 </sf> 吉 &lt;?> <sf> 二 錢 </sf> 只 <cf> 殼 </cf> <sf> 二 錢 </sf> 焦 曲 <sf> 二 錢 </sf> 甘 草 <sf> 錢 </sf> </formula>
 </text></document>