<?xml version="1.0" encoding="UTF-8" standalone="yes" ?>
<document>
<header>
<doctitle>
 珍存秘方
</doctitle>
<volume>
</volume>
<author>
 不詳 
</author>
<date>
 十九世紀晚期或二十世紀早期 
</date>
<currentpage>
 text 13 
 </currentpage>
<first>
 zhencunmifang 1.xml
</first>
<last>
 zhencunmifang 33.xml
</last>
<prev>
 zhencunmifang 12.xml 
</prev>
<next>
 zhencunmifang 14.xml 
</next>
<image>
 zhencunmifang 13.jpg 
</image>
</header><text>
<formula>{ 熟 } 地 <sf> 四 錢 </sf> 山 葯 <sf> 三 錢 </sf> 丹 皮 <sf> 二 錢 半 </sf> 萸 肉 <sf> 二 錢 半 </sf> 方 苓 <sf> 三 錢 </sf> 黑 卜 黃 <sf> 二 錢 </sf> 膠 珠 <sf> 三 錢 </sf> 仲 炭 <sf> 二 錢 </sf> 廣 皮 <sf> 四 錢 </sf> 芩 <sf> 二 錢 半 </sf> </formula>
 <marginalia> 
 <sf> 如 腸 風 加 槐 花 不 論 糞 前 後 均 用 此 方 治 瘡 代 血 不 效   </sf> 
 </marginalia> 
 
 治 婦 女 血 閉 撈 病 
<formula> 當 歸 <sf> 三 錢 </sf> 生 地 <sf> 四 錢 </sf> 桃 仁 <sf> 三 錢 </sf> 西 花 <sf> 二 錢 半 </sf> 只 殼 <sf> 三 錢 </sf> 赤 芍 <sf> 三 錢 </sf> 川 芎 <sf> 二 錢 </sf> 川   夕 <sf> 三 錢 </sf> 吉 更 <sf> 二 錢 </sf> 柴 胡 <sf> 二 錢 </sf> 甘 艸 <sf> 錢 </sf> </formula>
 <marginalia> 
 <sf> 如 經 閉 四 五 個 月   胖 人 五 六 付 血 即 下 孕 婦 不 用   </sf> 
 </marginalia>     
         
 催 生 湯 合 開 骨 散 方 
 <formula>  西 <cf> &#24402; </cf> <sf> 八 錢 </sf> 川 芎 <sf> 五 錢 </sf> 龜 板 <sf> 四 錢 </sf> 血   余 <sf> 一 周 </sf> &lt;x> [ 炙 ] &lt;x> <sf> 三 錢 </sf> 人 參 <sf> 二 錢 </sf> </formula>
 <marginalia> 
 <sf> 人 氣 壯 去 人 參 &lt;x> [ 炙 ]   &lt;x> 虛 人 用 之     </sf> 
 </marginalia> 
 </text></document>