<?xml version="1.0" encoding="UTF-8" standalone="yes" ?>
<document>
<header>
<doctitle>
 珍存秘方
</doctitle>
<volume>
</volume>
<author>
 不詳 
</author>
<date>
 十九世紀晚期或二十世紀早期 
</date>
<currentpage>
 text 16 
 </currentpage>
<first>
 zhencunmifang 1.xml
</first>
<last>
 zhencunmifang 33.xml
</last>
<prev>
 zhencunmifang 15.xml 
</prev>
<next>
 zhencunmifang 17.xml 
</next>
<image>
 zhencunmifang 16.jpg 
</image>
</header><text>
<formula>西 歸 <sf> 三 錢 </sf> 川 芎 <sf> 二 錢 半 </sf> 白 芍 <sf> 三 錢 </sf> 白 芷 <sf> 二 錢 </sf> 椿 根 皮 <sf> 三 錢 </sf> 生 地 &lt;?> &lt;?> 廣 皮 <sf> 四 錢 </sf> 毛 術 <sf> 三 錢 </sf> </formula>
 <marginalia> 
 <sf> 如 有 別 症 隨 意 在 加 </sf> 
 </marginalia> 
 
 婦 女 &lt;x> 血 腹 疼 方     
<formula><sf> 好 後 女 金 丹 &lt;?> 料 </sf> 
 西 <cf> &#24402; </cf> <sf> 三 錢 </sf> 川 芎 <sf> 二 錢 </sf> 赤 芍 <sf> 二 錢 半 </sf> 生 地 <sf> 三 錢 </sf> 元 胡 <sf> 錢 半 </sf> 南 回 <sf> 二 錢 </sf> 坤 艸 <sf> 二 錢 </sf> 廣 皮 <sf> 三 錢 </sf> 沒 葯   <sf> 二 錢 </sf> 桃 仁 <sf> 三 錢 </sf> 川 夕 <sf> 二 錢 </sf> 貢 桂 <sf> 二 錢 </sf> </formula>
 <marginalia> 
 <sf> 此 方 不 腹 痛 光 &lt;x> [ 漏 ] 血 者 不 用 </sf> 
 </marginalia>       
 治 婦 女 &lt;x>   血 不 腹 痛 方
<formula> 西 <cf> &#24402; </cf> <sf> 三 錢 </sf> 川 芎 <sf> 二 錢 半 </sf> 抏 芍 <sf> 三 錢 </sf> 地 炭 <sf>   四 錢 </sf> 山 參 <sf> 二 錢 </sf> 焦 <cf> 術 </cf> <sf> 二 錢 </sf> 方 苓 <sf> 二 錢 </sf> 柴 胡 <sf> 錢 </sf> 膠 珠 <sf> 四 錢 </sf> 黑 艾 <sf> 二 錢 </sf> &lt;x> [ 炙 ] 艸 <sf> 錢 </sf> 坤 草 <sf> 二 錢 半 </sf> </formula>
 <marginalia> 
 <sf> 飲 食 少 加 山 查 四 錢 砂 仁 三 錢 焦 曲 二 錢 </sf> 
 </marginalia>     
 </text></document>