<?xml version="1.0" encoding="UTF-8" standalone="yes" ?>
<document>
<header>
<doctitle>
 珍存秘方
</doctitle>
<volume>
</volume>
<author>
 不詳 
</author>
<date>
 十九世紀晚期或二十世紀早期 
</date>
<currentpage>
 text 27 
 </currentpage>
<first>
 zhencunmifang 1.xml
</first>
<last>
 zhencunmifang 33.xml
</last>
<prev>
 zhencunmifang 26.xml 
</prev>
<next>
 zhencunmifang 28.xml 
</next>
<image>
 zhencunmifang 27.jpg 
</image>
</header><text>
治 男 女 腰 腿 疼 
 <formula>木 瓜 <sf> &lt;?> 錢 </sf> 肉 桂 <sf> 三 錢 </sf> 川 夕 <sf> 四 錢 </sf> 川 斷 <sf> 三 錢 </sf> 仲 炭 <sf> 四 錢 </sf> 毛 <cf> 術 </cf> <sf> 四 錢 </sf> 生 &lt;?> <sf> 三 錢 </sf> 熟 地 <sf> 八 錢 </sf> 當 <cf> 歸 </cf> <sf> 三 錢 </sf> 加 皮 <sf> 四 錢 </sf> 大 活 <sf> 三 錢 </sf> &lt;?> 生 <sf> 五 錢 </sf> 
 蜜 三 錢   丸 </formula>
 </text></document>