<?xml version="1.0" encoding="UTF-8" standalone="yes" ?>
<document>
<header>
<doctitle>
 珍存秘方
</doctitle>
<volume>
</volume>
<author>
 不詳 
</author>
<date>
 十九世紀晚期或二十世紀早期 
</date>
<currentpage>
 text 33 
 </currentpage>
<first>
 zhencunmifang 1.xml
</first>
<last>
 zhencunmifang 33.xml
</last>
<prev>
 zhencunmifang 32.xml 
</prev>
<next>
 0
</next>
<image>
 zhencunmifang 33.jpg 
</image>
</header><text>
長 瀉 &lt;x> 疼 痢 痰 不 止 
 <formula>連 肉 <sf> 三 錢 </sf> 山 葯 <sf> 三 錢 </sf> &lt;x> 芋 <sf> 二 錢 </sf> 故 紙 <sf> 三 錢 </sf> 肉 叩   <sf> 二 錢 </sf> 陳 皮 <sf> 五 錢 </sf> 會 查 <sf> 三 錢 </sf> 焦 曲 <sf> 三 錢 </sf> 味 子 <sf> 二 錢 </sf> 蒼 <cf> 術 </cf> <sf> 四 錢 </sf> 茯 苓 <sf> 三 錢 </sf> 甘 草 <sf> 三 錢 </sf>                         
 共 為 細 末 均 &lt;?> 包 </formula>
 </text></document>